gameid,date,season,type,player,team,MIN,FGA,FTA,TOV,PTS,USG%,TS%,eFG%,raptor_offense,raptor_defense,raptor_total,war_total,team5yoffrating,team5yeoff_rating,total_MIN_played,USG,TS,OffStr_1
41800121,2019-04-13,2019,playoff,D'Angelo Russell,BKN,29,25,5,4,26,46.95450174224732,0.4779411764705882,0.44,2.735093554,-0.576171021,2.158922533,6.180959451,115.24583333333334,112.775,148,46.95450174224732,0.4779411764705882,True
41800122,2019-04-15,2019,playoff,D'Angelo Russell,BKN,25,16,1,4,16,33.47146282973622,0.48661800486618,0.46875,2.735093554,-0.576171021,2.158922533,6.180959451,115.24583333333334,112.775,148,33.47146282973622,0.48661800486618,True
41800123,2019-04-18,2019,playoff,D'Angelo Russell,BKN,30,27,0,3,26,37.81645569620253,0.4814814814814814,0.4814814814814814,2.735093554,-0.576171021,2.158922533,6.180959451,115.24583333333334,112.775,148,37.81645569620253,0.4814814814814814,True
41800124,2019-04-20,2019,playoff,D'Angelo Russell,BKN,37,19,5,2,21,25.584237756968115,0.4952830188679245,0.4210526315789473,2.735093554,-0.576171021,2.158922533,6.180959451,115.24583333333334,112.775,148,25.584237756968115,0.4952830188679245,True
41800125,2019-04-23,2019,playoff,D'Angelo Russell,BKN,27,16,2,1,8,26.937853107344633,0.2369668246445497,0.21875,2.735093554,-0.576171021,2.158922533,6.180959451,115.24583333333334,112.775,148,26.937853107344633,0.2369668246445497,True
41800121,2019-04-13,2019,playoff,Jarrett Allen,BKN,10,4,0,1,2,21.82180369431365,0.25,0.25,-1.523007471,-2.805411583,-4.328419054,-1.688439103,115.24583333333334,112.775,110,21.82180369431365,0.25,True
41800122,2019-04-15,2019,playoff,Jarrett Allen,BKN,23,4,4,1,9,12.032411338010336,0.78125,0.75,-1.523007471,-2.805411583,-4.328419054,-1.688439103,115.24583333333334,112.775,110,12.032411338010336,0.78125,True
41800123,2019-04-18,2019,playoff,Jarrett Allen,BKN,21,5,9,3,15,21.53737191078963,0.8370535714285714,0.8,-1.523007471,-2.805411583,-4.328419054,-1.688439103,115.24583333333334,112.775,110,21.53737191078963,0.8370535714285714,True
41800124,2019-04-20,2019,playoff,Jarrett Allen,BKN,32,11,7,2,21,20.503230193811625,0.7457386363636364,0.6363636363636364,-1.523007471,-2.805411583,-4.328419054,-1.688439103,115.24583333333334,112.775,110,20.503230193811625,0.7457386363636364,True
41800125,2019-04-23,2019,playoff,Jarrett Allen,BKN,24,8,0,1,8,15.254237288135592,0.5,0.5,-1.523007471,-2.805411583,-4.328419054,-1.688439103,115.24583333333334,112.775,110,15.254237288135592,0.5,True
41800131,2019-04-14,2019,playoff,Jayson Tatum,BOS,34,11,0,3,15,18.90432098765432,0.6818181818181818,0.6818181818181818,0.506851968,0.564600139,1.071452107,4.759803477,112.4835294117647,110.40941176470588,296,18.90432098765432,0.6818181818181818,False
41800132,2019-04-17,2019,playoff,Jayson Tatum,BOS,39,20,1,2,26,27.087545643842237,0.6360078277886496,0.625,0.506851968,0.564600139,1.071452107,4.759803477,112.4835294117647,110.40941176470588,296,27.087545643842237,0.6360078277886496,False
41800133,2019-04-19,2019,playoff,Jayson Tatum,BOS,33,16,4,2,18,27.60615413393191,0.5067567567567567,0.53125,0.506851968,0.564600139,1.071452107,4.759803477,112.4835294117647,110.40941176470588,296,27.60615413393191,0.5067567567567567,False
41800134,2019-04-21,2019,playoff,Jayson Tatum,BOS,36,10,12,4,18,23.592755751346058,0.5890052356020942,0.45,0.506851968,0.564600139,1.071452107,4.759803477,112.4835294117647,110.40941176470588,296,23.592755751346058,0.5890052356020942,False
41800201,2019-04-28,2019,playoff,Jayson Tatum,BOS,30,7,0,0,4,11.078276858418704,0.2857142857142857,0.2857142857142857,0.506851968,0.564600139,1.071452107,4.759803477,112.4835294117647,110.40941176470588,296,11.078276858418704,0.2857142857142857,False
41800202,2019-04-30,2019,playoff,Jayson Tatum,BOS,25,10,2,1,5,20.65714285714286,0.2297794117647058,0.2,0.506851968,0.564600139,1.071452107,4.759803477,112.4835294117647,110.40941176470588,296,20.65714285714286,0.2297794117647058,False
41800203,2019-05-03,2019,playoff,Jayson Tatum,BOS,37,14,6,1,20,20.41784825510736,0.6009615384615384,0.5,0.506851968,0.564600139,1.071452107,4.759803477,112.4835294117647,110.40941176470588,296,20.41784825510736,0.6009615384615384,False
41800204,2019-05-06,2019,playoff,Jayson Tatum,BOS,35,14,5,2,17,22.049469964664308,0.5246913580246914,0.4642857142857143,0.506851968,0.564600139,1.071452107,4.759803477,112.4835294117647,110.40941176470588,296,22.049469964664308,0.5246913580246914,False
41800205,2019-05-08,2019,playoff,Jayson Tatum,BOS,27,10,9,3,14,24.72213111767064,0.501432664756447,0.35,0.506851968,0.564600139,1.071452107,4.759803477,112.4835294117647,110.40941176470588,296,24.72213111767064,0.501432664756447,False
41800131,2019-04-14,2019,playoff,Kyrie Irving,BOS,34,17,6,3,20,30.570987654320987,0.5091649694501018,0.4117647058823529,5.529100957,1.084506413,6.61360737,10.70679162,112.4835294117647,110.40941176470588,330,30.570987654320987,0.5091649694501018,False
41800132,2019-04-17,2019,playoff,Kyrie Irving,BOS,39,26,2,2,37,34.861333252859346,0.6882440476190477,0.6923076923076923,5.529100957,1.084506413,6.61360737,10.70679162,112.4835294117647,110.40941176470588,330,34.861333252859346,0.6882440476190477,False
41800133,2019-04-19,2019,playoff,Kyrie Irving,BOS,37,19,2,2,19,27.2633049716383,0.4778672032193159,0.4473684210526316,5.529100957,1.084506413,6.61360737,10.70679162,112.4835294117647,110.40941176470588,330,27.2633049716383,0.4778672032193159,False
41800134,2019-04-21,2019,playoff,Kyrie Irving,BOS,37,13,7,3,14,22.716990117871173,0.4353233830845772,0.3076923076923077,5.529100957,1.084506413,6.61360737,10.70679162,112.4835294117647,110.40941176470588,330,22.716990117871173,0.4353233830845772,False
41800201,2019-04-28,2019,playoff,Kyrie Irving,BOS,33,21,0,4,26,35.968431358502286,0.6190476190476191,0.6190476190476191,5.529100957,1.084506413,6.61360737,10.70679162,112.4835294117647,110.40941176470588,330,35.968431358502286,0.6190476190476191,False
41800202,2019-04-30,2019,playoff,Kyrie Irving,BOS,31,18,0,3,9,29.44770283479961,0.25,0.25,5.529100957,1.084506413,6.61360737,10.70679162,112.4835294117647,110.40941176470588,330,29.44770283479961,0.25,False
41800203,2019-05-03,2019,playoff,Kyrie Irving,BOS,42,22,12,4,29,31.89558478637708,0.531524926686217,0.4090909090909091,5.529100957,1.084506413,6.61360737,10.70679162,112.4835294117647,110.40941176470588,330,31.89558478637708,0.531524926686217,False
41800204,2019-05-06,2019,playoff,Kyrie Irving,BOS,44,22,9,4,23,28.872470285897844,0.4429892141756548,0.3409090909090909,5.529100957,1.084506413,6.61360737,10.70679162,112.4835294117647,110.40941176470588,330,28.872470285897844,0.4429892141756548,False
41800205,2019-05-08,2019,playoff,Kyrie Irving,BOS,33,21,2,3,15,29.67291809535168,0.3427787934186472,0.3095238095238095,5.529100957,1.084506413,6.61360737,10.70679162,112.4835294117647,110.40941176470588,330,29.67291809535168,0.3427787934186472,False
41800131,2019-04-14,2019,playoff,Terry Rozier,BOS,18,6,4,1,5,22.34310699588477,0.3221649484536082,0.25,-1.700805676,-0.130176133,-1.830981809,0.828167268,112.4835294117647,110.40941176470588,162,22.34310699588477,0.3221649484536082,False
41800132,2019-04-17,2019,playoff,Terry Rozier,BOS,21,5,0,2,4,15.69242840329541,0.4,0.4,-1.700805676,-0.130176133,-1.830981809,0.828167268,112.4835294117647,110.40941176470588,162,15.69242840329541,0.4,False
41800133,2019-04-19,2019,playoff,Terry Rozier,BOS,18,7,3,3,9,28.993912894375857,0.5408653846153846,0.4285714285714285,-1.700805676,-0.130176133,-1.830981809,0.828167268,112.4835294117647,110.40941176470588,162,28.993912894375857,0.5408653846153846,False
41800134,2019-04-21,2019,playoff,Terry Rozier,BOS,19,6,2,2,11,20.588917226988173,0.7994186046511628,0.8333333333333334,-1.700805676,-0.130176133,-1.830981809,0.828167268,112.4835294117647,110.40941176470588,162,20.588917226988173,0.7994186046511628,False
41800201,2019-04-28,2019,playoff,Terry Rozier,BOS,20,8,2,0,11,21.08037825059102,0.6193693693693693,0.625,-1.700805676,-0.130176133,-1.830981809,0.828167268,112.4835294117647,110.40941176470588,162,21.08037825059102,0.6193693693693693,False
41800202,2019-04-30,2019,playoff,Terry Rozier,BOS,25,10,5,0,9,21.21356421356421,0.3688524590163934,0.2,-1.700805676,-0.130176133,-1.830981809,0.828167268,112.4835294117647,110.40941176470588,162,21.21356421356421,0.3688524590163934,False
41800203,2019-05-03,2019,playoff,Terry Rozier,BOS,14,3,0,1,0,12.23615784643622,0.0,0.0,-1.700805676,-0.130176133,-1.830981809,0.828167268,112.4835294117647,110.40941176470588,162,12.23615784643622,0.0,False
41800204,2019-05-06,2019,playoff,Terry Rozier,BOS,10,5,0,1,2,25.4416961130742,0.2,0.2,-1.700805676,-0.130176133,-1.830981809,0.828167268,112.4835294117647,110.40941176470588,162,25.4416961130742,0.2,False
41800205,2019-05-08,2019,playoff,Terry Rozier,BOS,17,9,0,0,7,20.836146856249876,0.3888888888888889,0.3888888888888889,-1.700805676,-0.130176133,-1.830981809,0.828167268,112.4835294117647,110.40941176470588,162,20.836146856249876,0.3888888888888889,False
41800151,2019-04-13,2019,playoff,Malik Beasley,DEN,15,5,5,2,10,27.005649717514117,0.6944444444444444,0.7,0.380325487,-0.910992077,-0.53066659,2.127993396,115.68333333333334,114.04848484848485,280,27.005649717514117,0.6944444444444444,True
41800152,2019-04-16,2019,playoff,Malik Beasley,DEN,23,7,0,0,8,13.912713597677644,0.5714285714285714,0.5714285714285714,0.380325487,-0.910992077,-0.53066659,2.127993396,115.68333333333334,114.04848484848485,280,13.912713597677644,0.5714285714285714,True
41800153,2019-04-18,2019,playoff,Malik Beasley,DEN,28,13,1,1,20,24.49490399234191,0.7440476190476191,0.7307692307692307,0.380325487,-0.910992077,-0.53066659,2.127993396,115.68333333333334,114.04848484848485,280,24.49490399234191,0.7440476190476191,True
41800154,2019-04-20,2019,playoff,Malik Beasley,DEN,25,7,2,0,7,14.13903903903904,0.4441624365482233,0.3571428571428571,0.380325487,-0.910992077,-0.53066659,2.127993396,115.68333333333334,114.04848484848485,280,14.13903903903904,0.4441624365482233,True
41800155,2019-04-23,2019,playoff,Malik Beasley,DEN,26,7,1,2,11,17.462617542777867,0.739247311827957,0.7142857142857143,0.380325487,-0.910992077,-0.53066659,2.127993396,115.68333333333334,114.04848484848485,280,17.462617542777867,0.739247311827957,True
41800156,2019-04-25,2019,playoff,Malik Beasley,DEN,20,6,0,0,2,13.354266715921687,0.1666666666666666,0.1666666666666666,0.380325487,-0.910992077,-0.53066659,2.127993396,115.68333333333334,114.04848484848485,280,13.354266715921687,0.1666666666666666,True
41800157,2019-04-27,2019,playoff,Malik Beasley,DEN,20,5,2,0,4,13.49711870918171,0.3401360544217687,0.2,0.380325487,-0.910992077,-0.53066659,2.127993396,115.68333333333334,114.04848484848485,280,13.49711870918171,0.3401360544217687,True
41800231,2019-04-29,2019,playoff,Malik Beasley,DEN,28,7,2,1,9,14.27499732075876,0.5710659898477157,0.5714285714285714,0.380325487,-0.910992077,-0.53066659,2.127993396,115.68333333333334,114.04848484848485,280,14.27499732075876,0.5710659898477157,True
41800232,2019-05-01,2019,playoff,Malik Beasley,DEN,27,11,8,0,13,21.703628653983262,0.4476584022038568,0.4545454545454545,0.380325487,-0.910992077,-0.53066659,2.127993396,115.68333333333334,114.04848484848485,280,21.703628653983262,0.4476584022038568,True
41800233,2019-05-03,2019,playoff,Malik Beasley,DEN,23,6,4,0,11,15.568394422545154,0.7087628865979382,0.6666666666666666,0.380325487,-0.910992077,-0.53066659,2.127993396,115.68333333333334,114.04848484848485,280,15.568394422545154,0.7087628865979382,True
41800234,2019-05-05,2019,playoff,Malik Beasley,DEN,14,6,1,1,6,22.805250305250308,0.4658385093167702,0.4166666666666667,0.380325487,-0.910992077,-0.53066659,2.127993396,115.68333333333334,114.04848484848485,280,22.805250305250308,0.4658385093167702,True
41800235,2019-05-07,2019,playoff,Malik Beasley,DEN,14,4,3,0,10,16.417208966015906,0.9398496240601504,0.875,0.380325487,-0.910992077,-0.53066659,2.127993396,115.68333333333334,114.04848484848485,280,16.417208966015906,0.9398496240601504,True
41800236,2019-05-09,2019,playoff,Malik Beasley,DEN,10,8,2,0,2,40.18099547511312,0.1126126126126126,0.0,0.380325487,-0.910992077,-0.53066659,2.127993396,115.68333333333334,114.04848484848485,280,40.18099547511312,0.1126126126126126,True
41800237,2019-05-12,2019,playoff,Malik Beasley,DEN,7,1,0,0,0,6.168714337120239,0.0,0.0,0.380325487,-0.910992077,-0.53066659,2.127993396,115.68333333333334,114.04848484848485,280,6.168714337120239,0.0,True
41800151,2019-04-13,2019,playoff,Nikola Jokic,DEN,36,9,2,3,10,15.753295668549905,0.5060728744939271,0.4444444444444444,5.642958831,1.762306972,7.405265803,13.03130189,115.68333333333334,114.04848484848485,555,15.753295668549905,0.5060728744939271,True
41800152,2019-04-16,2019,playoff,Nikola Jokic,DEN,39,15,6,3,21,24.192832963697914,0.5952380952380952,0.5333333333333333,5.642958831,1.762306972,7.405265803,13.03130189,115.68333333333334,114.04848484848485,555,24.192832963697914,0.5952380952380952,True
41800153,2019-04-18,2019,playoff,Nikola Jokic,DEN,32,14,4,1,22,24.87657666535278,0.6979695431472082,0.6785714285714286,5.642958831,1.762306972,7.405265803,13.03130189,115.68333333333334,114.04848484848485,555,24.87657666535278,0.6979695431472082,True
41800154,2019-04-20,2019,playoff,Nikola Jokic,DEN,39,22,8,0,29,29.35281435281435,0.5681818181818182,0.4772727272727273,5.642958831,1.762306972,7.405265803,13.03130189,115.68333333333334,114.04848484848485,555,29.35281435281435,0.5681818181818182,True
41800155,2019-04-23,2019,playoff,Nikola Jokic,DEN,33,11,4,3,16,22.969575514665692,0.6269592476489029,0.5454545454545454,5.642958831,1.762306972,7.405265803,13.03130189,115.68333333333334,114.04848484848485,555,22.969575514665692,0.6269592476489029,True
41800156,2019-04-25,2019,playoff,Nikola Jokic,DEN,38,30,4,2,43,39.54737230960668,0.6769521410579344,0.6666666666666666,5.642958831,1.762306972,7.405265803,13.03130189,115.68333333333334,114.04848484848485,555,39.54737230960668,0.6769521410579344,True
41800157,2019-04-27,2019,playoff,Nikola Jokic,DEN,43,26,4,0,21,29.637716766879,0.3782420749279538,0.3461538461538461,5.642958831,1.762306972,7.405265803,13.03130189,115.68333333333334,114.04848484848485,555,29.637716766879,0.3782420749279538,True
41800231,2019-04-29,2019,playoff,Nikola Jokic,DEN,41,18,12,2,37,27.75327978336048,0.7946735395189003,0.6944444444444444,5.642958831,1.762306972,7.405265803,13.03130189,115.68333333333334,114.04848484848485,555,27.75327978336048,0.7946735395189003,True
41800232,2019-05-01,2019,playoff,Nikola Jokic,DEN,37,17,4,2,16,22.644103069634987,0.4264392324093816,0.4117647058823529,5.642958831,1.762306972,7.405265803,13.03130189,115.68333333333334,114.04848484848485,555,22.644103069634987,0.4264392324093816,True
41800233,2019-05-03,2019,playoff,Nikola Jokic,DEN,65,25,5,8,33,24.98844592484647,0.6066176470588236,0.6,5.642958831,1.762306972,7.405265803,13.03130189,115.68333333333334,114.04848484848485,555,24.98844592484647,0.6066176470588236,True
41800234,2019-05-05,2019,playoff,Nikola Jokic,DEN,39,15,4,3,21,21.742640075973416,0.6264916467780429,0.5666666666666667,5.642958831,1.762306972,7.405265803,13.03130189,115.68333333333334,114.04848484848485,555,21.742640075973416,0.6264916467780429,True
41800235,2019-05-07,2019,playoff,Nikola Jokic,DEN,34,18,6,3,25,30.038917953298455,0.6056201550387597,0.5555555555555556,5.642958831,1.762306972,7.405265803,13.03130189,115.68333333333334,114.04848484848485,555,30.038917953298455,0.6056201550387597,True
41800236,2019-05-09,2019,playoff,Nikola Jokic,DEN,37,15,8,4,29,27.540662834780484,0.7829373650107991,0.7333333333333333,5.642958831,1.762306972,7.405265803,13.03130189,115.68333333333334,114.04848484848485,555,27.540662834780484,0.7829373650107991,True
41800237,2019-05-12,2019,playoff,Nikola Jokic,DEN,42,26,7,2,29,31.95394026628283,0.4986244841815681,0.4615384615384615,5.642958831,1.762306972,7.405265803,13.03130189,115.68333333333334,114.04848484848485,555,31.95394026628283,0.4986244841815681,True
41800151,2019-04-13,2019,playoff,Paul Millsap,DEN,34,9,3,3,12,17.249772421864844,0.5813953488372093,0.5,1.041229281,3.00034206,4.041571342,6.572290394,115.68333333333334,114.04848484848485,469,17.249772421864844,0.5813953488372093,True
41800152,2019-04-16,2019,playoff,Paul Millsap,DEN,30,10,7,1,20,21.45472938796156,0.764525993883792,0.75,1.041229281,3.00034206,4.041571342,6.572290394,115.68333333333334,114.04848484848485,469,21.45472938796156,0.764525993883792,True
41800153,2019-04-18,2019,playoff,Paul Millsap,DEN,29,7,4,1,14,15.98521196634635,0.7990867579908676,0.7857142857142857,1.041229281,3.00034206,4.041571342,6.572290394,115.68333333333334,114.04848484848485,469,15.98521196634635,0.7990867579908676,True
41800154,2019-04-20,2019,playoff,Paul Millsap,DEN,27,7,0,2,2,14.952452452452452,0.1428571428571428,0.1428571428571428,1.041229281,3.00034206,4.041571342,6.572290394,115.68333333333334,114.04848484848485,469,14.952452452452452,0.1428571428571428,True
41800155,2019-04-23,2019,playoff,Paul Millsap,DEN,25,10,5,1,14,25.39478957915831,0.5737704918032788,0.5,1.041229281,3.00034206,4.041571342,6.572290394,115.68333333333334,114.04848484848485,469,25.39478957915831,0.5737704918032788,True
41800156,2019-04-25,2019,playoff,Paul Millsap,DEN,34,10,0,0,12,13.092418348942829,0.6,0.6,1.041229281,3.00034206,4.041571342,6.572290394,115.68333333333334,114.04848484848485,469,13.092418348942829,0.6,True
41800157,2019-04-27,2019,playoff,Paul Millsap,DEN,35,10,4,1,9,16.7369518687229,0.3826530612244898,0.3,1.041229281,3.00034206,4.041571342,6.572290394,115.68333333333334,114.04848484848485,469,16.7369518687229,0.3826530612244898,True
41800231,2019-04-29,2019,playoff,Paul Millsap,DEN,28,12,7,2,19,27.45686421605401,0.629973474801061,0.5833333333333334,1.041229281,3.00034206,4.041571342,6.572290394,115.68333333333334,114.04848484848485,469,27.45686421605401,0.629973474801061,True
41800232,2019-05-01,2019,playoff,Paul Millsap,DEN,32,14,1,2,14,20.733915906788244,0.4847645429362881,0.4642857142857143,1.041229281,3.00034206,4.041571342,6.572290394,115.68333333333334,114.04848484848485,469,20.733915906788244,0.4847645429362881,True
41800233,2019-05-03,2019,playoff,Paul Millsap,DEN,49,13,2,3,17,15.895943221672972,0.6123919308357348,0.6538461538461539,1.041229281,3.00034206,4.041571342,6.572290394,115.68333333333334,114.04848484848485,469,15.895943221672972,0.6123919308357348,True
41800234,2019-05-05,2019,playoff,Paul Millsap,DEN,41,10,8,1,21,15.19751928288514,0.7766272189349113,0.7,1.041229281,3.00034206,4.041571342,6.572290394,115.68333333333334,114.04848484848485,469,15.19751928288514,0.7766272189349113,True
41800235,2019-05-07,2019,playoff,Paul Millsap,DEN,34,16,6,1,24,24.9561907192378,0.6437768240343348,0.625,1.041229281,3.00034206,4.041571342,6.572290394,115.68333333333334,114.04848484848485,469,24.9561907192378,0.6437768240343348,True
41800236,2019-05-09,2019,playoff,Paul Millsap,DEN,39,15,8,0,17,21.487411532660403,0.458963282937365,0.3,1.041229281,3.00034206,4.041571342,6.572290394,115.68333333333334,114.04848484848485,469,21.487411532660403,0.458963282937365,True
41800237,2019-05-12,2019,playoff,Paul Millsap,DEN,32,13,6,0,10,21.104713925872616,0.319693094629156,0.2307692307692307,1.041229281,3.00034206,4.041571342,6.572290394,115.68333333333334,114.04848484848485,469,21.104713925872616,0.319693094629156,True
41800151,2019-04-13,2019,playoff,Torrey Craig,DEN,11,4,2,0,6,19.533730823340253,0.6147540983606558,0.75,1.646786304,0.352050041,1.998836345,0.824539444,115.68333333333334,114.04848484848485,325,19.533730823340253,0.6147540983606558,True
41800153,2019-04-18,2019,playoff,Torrey Craig,DEN,14,7,0,0,12,23.74852187623177,0.8571428571428571,0.8571428571428571,1.646786304,0.352050041,1.998836345,0.824539444,115.68333333333334,114.04848484848485,325,23.74852187623177,0.8571428571428571,True
41800154,2019-04-20,2019,playoff,Torrey Craig,DEN,37,9,2,0,18,11.978126775424071,0.9109311740890688,0.9444444444444444,1.646786304,0.352050041,1.998836345,0.824539444,115.68333333333334,114.04848484848485,325,11.978126775424071,0.9109311740890688,True
41800156,2019-04-25,2019,playoff,Torrey Craig,DEN,33,6,0,0,5,8.093494979346476,0.4166666666666667,0.4166666666666667,1.646786304,0.352050041,1.998836345,0.824539444,115.68333333333334,114.04848484848485,325,8.093494979346476,0.4166666666666667,True
41800157,2019-04-27,2019,playoff,Torrey Craig,DEN,26,4,0,2,7,10.594284701084543,0.875,0.875,1.646786304,0.352050041,1.998836345,0.824539444,115.68333333333334,114.04848484848485,325,10.594284701084543,0.875,True
41800231,2019-04-29,2019,playoff,Torrey Craig,DEN,19,3,0,0,3,7.107039917874205,0.5,0.5,1.646786304,0.352050041,1.998836345,0.824539444,115.68333333333334,114.04848484848485,325,7.107039917874205,0.5,True
41800232,2019-05-01,2019,playoff,Torrey Craig,DEN,20,5,4,0,7,13.640999662276258,0.5177514792899408,0.5,1.646786304,0.352050041,1.998836345,0.824539444,115.68333333333334,114.04848484848485,325,13.640999662276258,0.5177514792899408,True
41800233,2019-05-03,2019,playoff,Torrey Craig,DEN,36,8,0,2,4,12.81762141031424,0.25,0.25,1.646786304,0.352050041,1.998836345,0.824539444,115.68333333333334,114.04848484848485,325,12.81762141031424,0.25,True
41800234,2019-05-05,2019,playoff,Torrey Craig,DEN,17,4,0,0,3,10.097201273671864,0.375,0.375,1.646786304,0.352050041,1.998836345,0.824539444,115.68333333333334,114.04848484848485,325,10.097201273671864,0.375,True
41800235,2019-05-07,2019,playoff,Torrey Craig,DEN,24,6,1,0,8,11.592853699686671,0.6211180124223602,0.5833333333333334,1.646786304,0.352050041,1.998836345,0.824539444,115.68333333333334,114.04848484848485,325,11.592853699686671,0.6211180124223602,True
41800236,2019-05-09,2019,playoff,Torrey Craig,DEN,27,7,0,0,10,11.73118820177644,0.7142857142857143,0.7142857142857143,1.646786304,0.352050041,1.998836345,0.824539444,115.68333333333334,114.04848484848485,325,11.73118820177644,0.7142857142857143,True
41800237,2019-05-12,2019,playoff,Torrey Craig,DEN,33,5,5,1,8,10.729824331839446,0.5555555555555556,0.4,1.646786304,0.352050041,1.998836345,0.824539444,115.68333333333334,114.04848484848485,325,10.729824331839446,0.5555555555555556,True
41800101,2019-04-14,2019,playoff,Andre Drummond,DET,26,9,6,3,12,24.512561138283683,0.5154639175257731,0.4444444444444444,0.959801228,3.064596108,4.024397336,9.140504881,,,127,24.512561138283683,0.5154639175257731,False
41800102,2019-04-17,2019,playoff,Andre Drummond,DET,38,15,4,2,18,20.699547611166285,0.5369928400954653,0.5333333333333333,0.959801228,3.064596108,4.024397336,9.140504881,,,127,20.699547611166285,0.5369928400954653,False
41800103,2019-04-20,2019,playoff,Andre Drummond,DET,30,14,8,4,12,29.79577708549671,0.3424657534246575,0.3571428571428571,0.959801228,3.064596108,4.024397336,9.140504881,,,127,29.79577708549671,0.3424657534246575,False
41800104,2019-04-22,2019,playoff,Andre Drummond,DET,33,16,3,2,15,24.37701091413791,0.4330254041570439,0.4375,0.959801228,3.064596108,4.024397336,9.140504881,,,127,24.37701091413791,0.4330254041570439,False
41800101,2019-04-14,2019,playoff,Bruce Brown,DET,12,2,0,1,2,10.883309248554916,0.5,0.5,-2.689305726,2.437230361,-0.252075365,1.832926324,,,56,10.883309248554916,0.5,False
41800102,2019-04-17,2019,playoff,Bruce Brown,DET,17,4,0,1,5,12.331976815883586,0.625,0.625,-2.689305726,2.437230361,-0.252075365,1.832926324,,,56,12.331976815883586,0.625,False
41800103,2019-04-20,2019,playoff,Bruce Brown,DET,11,3,2,0,4,14.65118474464269,0.5154639175257733,0.3333333333333333,-2.689305726,2.437230361,-0.252075365,1.832926324,,,56,14.65118474464269,0.5154639175257733,False
41800104,2019-04-22,2019,playoff,Bruce Brown,DET,16,5,0,0,2,13.0117973629424,0.2,0.2,-2.689305726,2.437230361,-0.252075365,1.832926324,,,56,13.0117973629424,0.2,False
41800101,2019-04-14,2019,playoff,Ish Smith,DET,23,6,0,2,4,15.141995476250315,0.3333333333333333,0.3333333333333333,0.320921686,-1.255536153,-0.934614467,1.137886163,,,81,15.141995476250315,0.3333333333333333,False
41800102,2019-04-17,2019,playoff,Ish Smith,DET,21,13,2,1,7,29.70949386043726,0.2521613832853026,0.2307692307692307,0.320921686,-1.255536153,-0.934614467,1.137886163,,,81,29.70949386043726,0.2521613832853026,False
41800103,2019-04-20,2019,playoff,Ish Smith,DET,25,13,2,0,11,23.061266874350984,0.3962536023054754,0.3461538461538461,0.320921686,-1.255536153,-0.934614467,1.137886163,,,81,23.061266874350984,0.3962536023054754,False
41800104,2019-04-22,2019,playoff,Ish Smith,DET,12,6,0,1,2,24.288688410825813,0.1666666666666666,0.1666666666666666,0.320921686,-1.255536153,-0.934614467,1.137886163,,,81,24.288688410825813,0.1666666666666666,False
41800101,2019-04-14,2019,playoff,Luke Kennard,DET,28,14,2,2,21,26.24432287365814,0.7056451612903225,0.7142857142857143,-0.075375409,-4.755785344,-4.831160753,-0.144883794,,,132,26.24432287365814,0.7056451612903225,False
41800102,2019-04-17,2019,playoff,Luke Kennard,DET,35,13,3,0,19,17.154836777478284,0.6634078212290503,0.6153846153846154,-0.075375409,-4.755785344,-4.831160753,-0.144883794,,,132,17.154836777478284,0.6634078212290503,False
41800103,2019-04-20,2019,playoff,Luke Kennard,DET,37,9,1,0,9,10.597513401251716,0.4766949152542373,0.4444444444444444,-0.075375409,-4.755785344,-4.831160753,-0.144883794,,,132,10.597513401251716,0.4766949152542373,False
41800104,2019-04-22,2019,playoff,Luke Kennard,DET,32,11,0,1,11,15.61415683553088,0.5,0.5,-0.075375409,-4.755785344,-4.831160753,-0.144883794,,,132,15.61415683553088,0.5,False
41800101,2019-04-14,2019,playoff,Reggie Jackson,DET,22,14,0,1,12,29.681752496058856,0.4285714285714285,0.4285714285714285,9.936543674,-6.803027399,3.133516275,0.333844408,,,109,29.681752496058856,0.4285714285714285,False
41800102,2019-04-17,2019,playoff,Reggie Jackson,DET,25,16,4,1,18,31.463312368972744,0.5067567567567567,0.46875,9.936543674,-6.803027399,3.133516275,0.333844408,,,109,31.463312368972744,0.5067567567567567,False
41800103,2019-04-20,2019,playoff,Reggie Jackson,DET,30,15,0,3,15,24.922118380062305,0.5,0.5,9.936543674,-6.803027399,3.133516275,0.333844408,,,109,24.922118380062305,0.5,False
41800104,2019-04-22,2019,playoff,Reggie Jackson,DET,32,20,3,0,26,27.7411519777932,0.6097560975609756,0.575,9.936543674,-6.803027399,3.133516275,0.333844408,,,109,27.7411519777932,0.6097560975609756,False
41800101,2019-04-14,2019,playoff,Wayne Ellington,DET,28,10,0,1,5,17.10234310487201,0.25,0.25,0.406287862,0.875258821,1.281546682,1.57200383,,,131,17.10234310487201,0.25,False
41800102,2019-04-17,2019,playoff,Wayne Ellington,DET,35,10,0,1,8,13.17759808325846,0.4,0.4,0.406287862,0.875258821,1.281546682,1.57200383,,,131,13.17759808325846,0.4,False
41800103,2019-04-20,2019,playoff,Wayne Ellington,DET,39,9,2,0,13,10.522672204915196,0.6578947368421052,0.6111111111111112,0.406287862,0.875258821,1.281546682,1.57200383,,,131,10.522672204915196,0.6578947368421052,False
41800104,2019-04-22,2019,playoff,Wayne Ellington,DET,29,6,0,0,5,8.614707219603245,0.4166666666666667,0.4166666666666667,0.406287862,0.875258821,1.281546682,1.57200383,,,131,8.614707219603245,0.4166666666666667,False
41800141,2019-04-13,2019,playoff,Alfonzo McKinnie,GSW,7,2,0,0,3,11.306591602158104,0.75,0.75,-1.238045735,-2.37490254,-3.612948275,-0.439764299,115.37714285714286,113.3,217,11.306591602158104,0.75,True
41800143,2019-04-18,2019,playoff,Alfonzo McKinnie,GSW,18,4,1,1,6,12.953910339670168,0.6756756756756757,0.625,-1.238045735,-2.37490254,-3.612948275,-0.439764299,115.37714285714286,113.3,217,12.953910339670168,0.6756756756756757,True
41800144,2019-04-21,2019,playoff,Alfonzo McKinnie,GSW,13,3,0,0,4,9.995260267097889,0.6666666666666666,0.6666666666666666,-1.238045735,-2.37490254,-3.612948275,-0.439764299,115.37714285714286,113.3,217,9.995260267097889,0.6666666666666666,True
41800145,2019-04-24,2019,playoff,Alfonzo McKinnie,GSW,8,6,0,0,7,31.667839549612943,0.5833333333333334,0.5833333333333334,-1.238045735,-2.37490254,-3.612948275,-0.439764299,115.37714285714286,113.3,217,31.667839549612943,0.5833333333333334,True
41800146,2019-04-26,2019,playoff,Alfonzo McKinnie,GSW,9,2,2,0,3,13.579545454545451,0.5208333333333334,0.5,-1.238045735,-2.37490254,-3.612948275,-0.439764299,115.37714285714286,113.3,217,13.579545454545451,0.5208333333333334,True
41800222,2019-04-30,2019,playoff,Alfonzo McKinnie,GSW,9,3,0,0,2,14.030762005400964,0.3333333333333333,0.3333333333333333,-1.238045735,-2.37490254,-3.612948275,-0.439764299,115.37714285714286,113.3,217,14.030762005400964,0.3333333333333333,True
41800223,2019-05-04,2019,playoff,Alfonzo McKinnie,GSW,8,3,0,0,2,17.233932273669662,0.3333333333333333,0.3333333333333333,-1.238045735,-2.37490254,-3.612948275,-0.439764299,115.37714285714286,113.3,217,17.233932273669662,0.3333333333333333,True
41800224,2019-05-06,2019,playoff,Alfonzo McKinnie,GSW,11,2,0,0,2,7.821192486419267,0.5,0.5,-1.238045735,-2.37490254,-3.612948275,-0.439764299,115.37714285714286,113.3,217,7.821192486419267,0.5,True
41800311,2019-05-14,2019,playoff,Alfonzo McKinnie,GSW,14,2,0,0,3,6.473888649115235,0.75,0.75,-1.238045735,-2.37490254,-3.612948275,-0.439764299,115.37714285714286,113.3,217,6.473888649115235,0.75,True
41800313,2019-05-18,2019,playoff,Alfonzo McKinnie,GSW,21,2,0,1,5,6.374693267897151,1.25,1.25,-1.238045735,-2.37490254,-3.612948275,-0.439764299,115.37714285714286,113.3,217,6.374693267897151,1.25,True
41800314,2019-05-20,2019,playoff,Alfonzo McKinnie,GSW,26,12,2,0,12,21.37651821862348,0.4658385093167702,0.4583333333333333,-1.238045735,-2.37490254,-3.612948275,-0.439764299,115.37714285714286,113.3,217,21.37651821862348,0.4658385093167702,True
41800401,2019-05-30,2019,playoff,Alfonzo McKinnie,GSW,8,4,0,1,6,27.754552211073953,0.75,0.75,-1.238045735,-2.37490254,-3.612948275,-0.439764299,115.37714285714286,113.3,217,27.754552211073953,0.75,True
41800402,2019-06-02,2019,playoff,Alfonzo McKinnie,GSW,10,3,0,1,2,17.923823749066468,0.3333333333333333,0.3333333333333333,-1.238045735,-2.37490254,-3.612948275,-0.439764299,115.37714285714286,113.3,217,17.923823749066468,0.3333333333333333,True
41800403,2019-06-05,2019,playoff,Alfonzo McKinnie,GSW,18,4,1,1,3,12.324121075390112,0.3378378378378378,0.375,-1.238045735,-2.37490254,-3.612948275,-0.439764299,115.37714285714286,113.3,217,12.324121075390112,0.3378378378378378,True
41800404,2019-06-07,2019,playoff,Alfonzo McKinnie,GSW,9,4,2,0,2,25.07205593928541,0.2049180327868852,0.25,-1.238045735,-2.37490254,-3.612948275,-0.439764299,115.37714285714286,113.3,217,25.07205593928541,0.2049180327868852,True
41800141,2019-04-13,2019,playoff,Draymond Green,GSW,35,13,1,6,17,21.980014074595353,0.6324404761904762,0.6153846153846154,-0.252122598,3.542225428,3.29010283,6.438096454,115.37714285714286,113.3,851,21.980014074595353,0.6324404761904762,True
41800142,2019-04-15,2019,playoff,Draymond Green,GSW,37,9,4,4,14,16.393928174750094,0.6505576208178439,0.6111111111111112,-0.252122598,3.542225428,3.29010283,6.438096454,115.37714285714286,113.3,851,16.393928174750094,0.6505576208178439,True
41800143,2019-04-18,2019,playoff,Draymond Green,GSW,30,10,2,0,8,15.544692407604204,0.3676470588235294,0.3,-0.252122598,3.542225428,3.29010283,6.438096454,115.37714285714286,113.3,851,15.544692407604204,0.3676470588235294,True
41800144,2019-04-21,2019,playoff,Draymond Green,GSW,36,11,4,1,10,16.555112560911763,0.3918495297805642,0.3636363636363636,-0.252122598,3.542225428,3.29010283,6.438096454,115.37714285714286,113.3,851,16.555112560911763,0.3918495297805642,True
41800145,2019-04-24,2019,playoff,Draymond Green,GSW,38,7,2,2,7,10.978184377199154,0.4441624365482233,0.4285714285714285,-0.252122598,3.542225428,3.29010283,6.438096454,115.37714285714286,113.3,851,10.978184377199154,0.4441624365482233,True
41800146,2019-04-26,2019,playoff,Draymond Green,GSW,37,14,1,3,16,20.00230343980343,0.554016620498615,0.5714285714285714,-0.252122598,3.542225428,3.29010283,6.438096454,115.37714285714286,113.3,851,20.00230343980343,0.554016620498615,True
41800221,2019-04-28,2019,playoff,Draymond Green,GSW,40,9,0,5,14,15.653068862275449,0.7777777777777778,0.7777777777777778,-0.252122598,3.542225428,3.29010283,6.438096454,115.37714285714286,113.3,851,15.653068862275449,0.7777777777777778,True
41800222,2019-04-30,2019,playoff,Draymond Green,GSW,39,10,3,3,15,15.455423993641675,0.6625441696113074,0.6,-0.252122598,3.542225428,3.29010283,6.438096454,115.37714285714286,113.3,851,15.455423993641675,0.6625441696113074,True
41800223,2019-05-04,2019,playoff,Draymond Green,GSW,45,10,8,2,19,15.850111341472775,0.7026627218934911,0.65,-0.252122598,3.542225428,3.29010283,6.438096454,115.37714285714286,113.3,851,15.850111341472775,0.7026627218934911,True
41800224,2019-05-06,2019,playoff,Draymond Green,GSW,41,11,5,2,15,15.947602240601238,0.5681818181818182,0.5454545454545454,-0.252122598,3.542225428,3.29010283,6.438096454,115.37714285714286,113.3,851,15.947602240601238,0.5681818181818182,True
41800225,2019-05-08,2019,playoff,Draymond Green,GSW,40,8,0,4,8,13.343217197924387,0.5,0.5,-0.252122598,3.542225428,3.29010283,6.438096454,115.37714285714286,113.3,851,13.343217197924387,0.5,True
41800226,2019-05-10,2019,playoff,Draymond Green,GSW,37,9,2,4,8,16.126929641021682,0.4048582995951417,0.4444444444444444,-0.252122598,3.542225428,3.29010283,6.438096454,115.37714285714286,113.3,851,16.126929641021682,0.4048582995951417,True
41800311,2019-05-14,2019,playoff,Draymond Green,GSW,34,11,2,4,12,21.16580771281322,0.505050505050505,0.5,-0.252122598,3.542225428,3.29010283,6.438096454,115.37714285714286,113.3,851,21.16580771281322,0.505050505050505,True
41800312,2019-05-16,2019,playoff,Draymond Green,GSW,33,12,3,5,16,24.453343040893095,0.6006006006006006,0.6666666666666666,-0.252122598,3.542225428,3.29010283,6.438096454,115.37714285714286,113.3,851,24.453343040893095,0.6006006006006006,True
41800313,2019-05-18,2019,playoff,Draymond Green,GSW,38,12,9,2,20,21.09016941157973,0.6265664160401002,0.5,-0.252122598,3.542225428,3.29010283,6.438096454,115.37714285714286,113.3,851,21.09016941157973,0.6265664160401002,True
41800314,2019-05-20,2019,playoff,Draymond Green,GSW,43,13,4,6,18,20.833073583858535,0.6097560975609756,0.5769230769230769,-0.252122598,3.542225428,3.29010283,6.438096454,115.37714285714286,113.3,851,20.833073583858535,0.6097560975609756,True
41800401,2019-05-30,2019,playoff,Draymond Green,GSW,40,9,6,6,10,19.583612040133776,0.4295532646048109,0.2222222222222222,-0.252122598,3.542225428,3.29010283,6.438096454,115.37714285714286,113.3,851,19.583612040133776,0.4295532646048109,True
41800402,2019-06-02,2019,playoff,Draymond Green,GSW,41,12,6,5,17,21.464871855589355,0.5806010928961748,0.5,-0.252122598,3.542225428,3.29010283,6.438096454,115.37714285714286,113.3,851,21.464871855589355,0.5806010928961748,True
41800403,2019-06-05,2019,playoff,Draymond Green,GSW,41,14,3,4,17,19.21555032809211,0.5548302872062663,0.5,-0.252122598,3.542225428,3.29010283,6.438096454,115.37714285714286,113.3,851,19.21555032809211,0.5548302872062663,True
41800404,2019-06-07,2019,playoff,Draymond Green,GSW,41,6,4,5,10,14.39061827302847,0.6443298969072165,0.5,-0.252122598,3.542225428,3.29010283,6.438096454,115.37714285714286,113.3,851,14.39061827302847,0.6443298969072165,True
41800405,2019-06-10,2019,playoff,Draymond Green,GSW,41,9,0,2,10,12.483568030717144,0.5555555555555556,0.5555555555555556,-0.252122598,3.542225428,3.29010283,6.438096454,115.37714285714286,113.3,851,12.483568030717144,0.5555555555555556,True
41800406,2019-06-13,2019,playoff,Draymond Green,GSW,44,10,2,8,11,18.861138861138866,0.5055147058823529,0.55,-0.252122598,3.542225428,3.29010283,6.438096454,115.37714285714286,113.3,851,18.861138861138866,0.5055147058823529,True
41800143,2019-04-18,2019,playoff,Jordan Bell,GSW,8,3,0,0,2,16.073326248671624,0.3333333333333333,0.3333333333333333,1.380774986,-3.012624562,-1.631849576,0.061440595,115.37714285714286,113.3,94,16.073326248671624,0.3333333333333333,True
41800226,2019-05-10,2019,playoff,Jordan Bell,GSW,11,2,2,0,4,11.255473032140886,0.6944444444444444,0.5,1.380774986,-3.012624562,-1.631849576,0.061440595,115.37714285714286,113.3,94,11.255473032140886,0.6944444444444444,True
41800311,2019-05-14,2019,playoff,Jordan Bell,GSW,11,2,2,0,3,11.864872287833013,0.5208333333333334,0.5,1.380774986,-3.012624562,-1.631849576,0.061440595,115.37714285714286,113.3,94,11.864872287833013,0.5208333333333334,True
41800312,2019-05-16,2019,playoff,Jordan Bell,GSW,14,7,4,2,11,33.85407457486089,0.6278538812785388,0.5714285714285714,1.380774986,-3.012624562,-1.631849576,0.061440595,115.37714285714286,113.3,94,33.85407457486089,0.6278538812785388,True
41800313,2019-05-18,2019,playoff,Jordan Bell,GSW,15,5,0,0,6,14.874284291760018,0.6,0.6,1.380774986,-3.012624562,-1.631849576,0.061440595,115.37714285714286,113.3,94,14.874284291760018,0.6,True
41800314,2019-05-20,2019,playoff,Jordan Bell,GSW,14,5,2,0,7,18.123569794050344,0.5952380952380952,0.6,1.380774986,-3.012624562,-1.631849576,0.061440595,115.37714285714286,113.3,94,18.123569794050344,0.5952380952380952,True
41800401,2019-05-30,2019,playoff,Jordan Bell,GSW,12,2,0,0,2,7.401213922953052,0.5,0.5,1.380774986,-3.012624562,-1.631849576,0.061440595,115.37714285714286,113.3,94,7.401213922953052,0.5,True
41800141,2019-04-13,2019,playoff,Kevin Durant,GSW,32,16,6,3,23,26.76128899835796,0.6169527896995708,0.53125,4.971488419,-0.175648056,4.795840363,10.51977868,115.37714285714286,113.3,441,26.76128899835796,0.6169527896995708,True
41800142,2019-04-15,2019,playoff,Kevin Durant,GSW,34,8,12,9,21,26.929895245769544,0.7906626506024096,0.625,4.971488419,-0.175648056,4.795840363,10.51977868,115.37714285714286,113.3,441,26.929895245769544,0.7906626506024096,True
41800143,2019-04-18,2019,playoff,Kevin Durant,GSW,30,23,8,5,38,45.033888298500415,0.7164404223227753,0.6739130434782609,4.971488419,-0.175648056,4.795840363,10.51977868,115.37714285714286,113.3,441,45.033888298500415,0.7164404223227753,True
41800144,2019-04-21,2019,playoff,Kevin Durant,GSW,38,21,6,3,33,30.364548558783692,0.6979695431472082,0.6428571428571429,4.971488419,-0.175648056,4.795840363,10.51977868,115.37714285714286,113.3,441,30.364548558783692,0.6979695431472082,True
41800145,2019-04-24,2019,playoff,Kevin Durant,GSW,41,26,12,1,45,33.24350766378881,0.719309462915601,0.6346153846153846,4.971488419,-0.175648056,4.795840363,10.51977868,115.37714285714286,113.3,441,33.24350766378881,0.719309462915601,True
41800146,2019-04-26,2019,playoff,Kevin Durant,GSW,42,26,15,4,50,36.980012175324674,0.7668711656441718,0.6923076923076923,4.971488419,-0.175648056,4.795840363,10.51977868,115.37714285714286,113.3,441,36.980012175324674,0.7668711656441718,True
41800221,2019-04-28,2019,playoff,Kevin Durant,GSW,43,25,15,6,35,39.10667038016989,0.5537974683544303,0.46,4.971488419,-0.175648056,4.795840363,10.51977868,115.37714285714286,113.3,441,39.10667038016989,0.5537974683544303,True
41800222,2019-04-30,2019,playoff,Kevin Durant,GSW,44,22,10,3,29,28.12530020173557,0.5492424242424243,0.4772727272727273,4.971488419,-0.175648056,4.795840363,10.51977868,115.37714285714286,113.3,441,28.12530020173557,0.5492424242424243,True
41800223,2019-05-04,2019,playoff,Kevin Durant,GSW,50,31,12,0,46,33.34651002073256,0.6339581036383682,0.5483870967741935,4.971488419,-0.175648056,4.795840363,10.51977868,115.37714285714286,113.3,441,33.34651002073256,0.6339581036383682,True
41800224,2019-05-06,2019,playoff,Kevin Durant,GSW,43,22,10,3,34,29.41132151288362,0.6439393939393939,0.5909090909090909,4.971488419,-0.175648056,4.795840363,10.51977868,115.37714285714286,113.3,441,29.41132151288362,0.6439393939393939,True
41800225,2019-05-08,2019,playoff,Kevin Durant,GSW,32,18,5,5,22,35.02594514455152,0.5445544554455446,0.5,4.971488419,-0.175648056,4.795840363,10.51977868,115.37714285714286,113.3,441,35.02594514455152,0.5445544554455446,True
41800405,2019-06-10,2019,playoff,Kevin Durant,GSW,12,5,2,1,11,26.67700659170221,0.935374149659864,0.9,4.971488419,-0.175648056,4.795840363,10.51977868,115.37714285714286,113.3,441,26.67700659170221,0.935374149659864,True
41800141,2019-04-13,2019,playoff,Klay Thompson,GSW,37,14,1,0,12,15.444192961434345,0.4155124653739612,0.3928571428571428,0.085218076,-1.359591723,-1.274373648,0.634555016,115.37714285714286,113.3,817,15.444192961434345,0.4155124653739612,True
41800142,2019-04-15,2019,playoff,Klay Thompson,GSW,32,11,4,0,17,16.386986301369863,0.6661442006269592,0.5909090909090909,0.085218076,-1.359591723,-1.274373648,0.634555016,115.37714285714286,113.3,817,16.386986301369863,0.6661442006269592,True
41800143,2019-04-18,2019,playoff,Klay Thompson,GSW,33,11,0,3,12,18.183965049002243,0.5454545454545454,0.5454545454545454,0.085218076,-1.359591723,-1.274373648,0.634555016,115.37714285714286,113.3,817,18.183965049002243,0.5454545454545454,True
41800144,2019-04-21,2019,playoff,Klay Thompson,GSW,40,20,2,1,32,23.69209858644436,0.7662835249042146,0.75,0.085218076,-1.359591723,-1.274373648,0.634555016,115.37714285714286,113.3,817,23.69209858644436,0.7662835249042146,True
41800145,2019-04-24,2019,playoff,Klay Thompson,GSW,37,20,0,2,22,25.106034958251712,0.55,0.55,0.085218076,-1.359591723,-1.274373648,0.634555016,115.37714285714286,113.3,817,25.106034958251712,0.55,True
41800146,2019-04-26,2019,playoff,Klay Thompson,GSW,38,10,3,0,9,12.641484748803828,0.3975265017667844,0.35,0.085218076,-1.359591723,-1.274373648,0.634555016,115.37714285714286,113.3,817,12.641484748803828,0.3975265017667844,True
41800221,2019-04-28,2019,playoff,Klay Thompson,GSW,41,13,1,3,13,17.932853804585946,0.4836309523809524,0.4615384615384615,0.085218076,-1.359591723,-1.274373648,0.634555016,115.37714285714286,113.3,817,17.932853804585946,0.4836309523809524,True
41800222,2019-04-30,2019,playoff,Klay Thompson,GSW,41,18,2,2,21,21.436266634593075,0.5561440677966102,0.5277777777777778,0.085218076,-1.359591723,-1.274373648,0.634555016,115.37714285714286,113.3,817,21.436266634593075,0.5561440677966102,True
41800223,2019-05-04,2019,playoff,Klay Thompson,GSW,46,16,2,2,16,18.86241398996425,0.4739336492890995,0.4375,0.085218076,-1.359591723,-1.274373648,0.634555016,115.37714285714286,113.3,817,18.86241398996425,0.4739336492890995,True
41800224,2019-05-06,2019,playoff,Klay Thompson,GSW,36,15,0,2,11,20.31337493000559,0.3666666666666666,0.3666666666666666,0.085218076,-1.359591723,-1.274373648,0.634555016,115.37714285714286,113.3,817,20.31337493000559,0.3666666666666666,True
41800225,2019-05-08,2019,playoff,Klay Thompson,GSW,45,20,0,1,27,20.75611564121572,0.675,0.675,0.085218076,-1.359591723,-1.274373648,0.634555016,115.37714285714286,113.3,817,20.75611564121572,0.675,True
41800226,2019-05-10,2019,playoff,Klay Thompson,GSW,40,20,0,4,27,25.793792365322872,0.675,0.675,0.085218076,-1.359591723,-1.274373648,0.634555016,115.37714285714286,113.3,817,25.793792365322872,0.675,True
41800311,2019-05-14,2019,playoff,Klay Thompson,GSW,37,24,3,2,26,33.46125581775129,0.5134281200631912,0.4791666666666667,0.085218076,-1.359591723,-1.274373648,0.634555016,115.37714285714286,113.3,817,33.46125581775129,0.5134281200631912,True
41800312,2019-05-16,2019,playoff,Klay Thompson,GSW,41,22,4,2,24,27.67506903318032,0.505050505050505,0.4545454545454545,0.085218076,-1.359591723,-1.274373648,0.634555016,115.37714285714286,113.3,817,27.67506903318032,0.505050505050505,True
41800313,2019-05-18,2019,playoff,Klay Thompson,GSW,40,20,3,4,19,28.246265870052277,0.4455909943714822,0.425,0.085218076,-1.359591723,-1.274373648,0.634555016,115.37714285714286,113.3,817,28.246265870052277,0.4455909943714822,True
41800314,2019-05-20,2019,playoff,Klay Thompson,GSW,46,21,0,4,17,23.451824267663486,0.4047619047619047,0.4047619047619047,0.085218076,-1.359591723,-1.274373648,0.634555016,115.37714285714286,113.3,817,23.451824267663486,0.4047619047619047,True
41800401,2019-05-30,2019,playoff,Klay Thompson,GSW,39,17,2,2,21,22.636328121277952,0.587248322147651,0.5588235294117647,0.085218076,-1.359591723,-1.274373648,0.634555016,115.37714285714286,113.3,817,22.636328121277952,0.587248322147651,True
41800402,2019-06-02,2019,playoff,Klay Thompson,GSW,32,17,2,1,25,26.437640029873037,0.6991051454138703,0.7058823529411765,0.085218076,-1.359591723,-1.274373648,0.634555016,115.37714285714286,113.3,817,26.437640029873037,0.6991051454138703,True
41800404,2019-06-07,2019,playoff,Klay Thompson,GSW,42,18,0,0,28,19.816906041004277,0.7777777777777778,0.7777777777777778,0.085218076,-1.359591723,-1.274373648,0.634555016,115.37714285714286,113.3,817,19.816906041004277,0.7777777777777778,True
41800405,2019-06-10,2019,playoff,Klay Thompson,GSW,42,21,2,1,26,25.347587658560904,0.5941499085923218,0.5952380952380952,0.085218076,-1.359591723,-1.274373648,0.634555016,115.37714285714286,113.3,817,25.347587658560904,0.5941499085923218,True
41800406,2019-06-13,2019,playoff,Klay Thompson,GSW,32,12,10,2,30,25.274725274725274,0.9146341463414634,0.8333333333333334,0.085218076,-1.359591723,-1.274373648,0.634555016,115.37714285714286,113.3,817,25.274725274725274,0.9146341463414634,True
41800171,2019-04-14,2019,playoff,Chris Paul,HOU,32,12,0,4,14,21.76278563656148,0.5833333333333334,0.5833333333333334,3.556296189,0.853692286,4.409988475,6.800999487,111.00833333333333,109.5,398,21.76278563656148,0.5833333333333334,False
41800172,2019-04-17,2019,playoff,Chris Paul,HOU,29,11,6,6,17,29.233440833540065,0.6231671554252199,0.5,3.556296189,0.853692286,4.409988475,6.800999487,111.00833333333333,109.5,398,29.233440833540065,0.6231671554252199,False
41800173,2019-04-20,2019,playoff,Chris Paul,HOU,33,15,2,2,18,22.821404639586454,0.5667506297229219,0.5333333333333333,3.556296189,0.853692286,4.409988475,6.800999487,111.00833333333333,109.5,398,22.821404639586454,0.5667506297229219,False
41800174,2019-04-22,2019,playoff,Chris Paul,HOU,35,19,6,4,23,33.77002951142202,0.5314232902033271,0.4736842105263157,3.556296189,0.853692286,4.409988475,6.800999487,111.00833333333333,109.5,398,33.77002951142202,0.5314232902033271,False
41800175,2019-04-24,2019,playoff,Chris Paul,HOU,37,16,2,3,15,23.9508453475764,0.4443127962085308,0.40625,3.556296189,0.853692286,4.409988475,6.800999487,111.00833333333333,109.5,398,23.9508453475764,0.4443127962085308,False
41800221,2019-04-28,2019,playoff,Chris Paul,HOU,36,9,7,5,17,22.695734638966076,0.7036423841059603,0.7222222222222222,3.556296189,0.853692286,4.409988475,6.800999487,111.00833333333333,109.5,398,22.695734638966076,0.7036423841059603,False
41800222,2019-04-30,2019,playoff,Chris Paul,HOU,40,14,4,4,18,22.394666666666662,0.5710659898477157,0.5,3.556296189,0.853692286,4.409988475,6.800999487,111.00833333333333,109.5,398,22.394666666666662,0.5710659898477157,False
41800223,2019-05-04,2019,playoff,Chris Paul,HOU,44,8,6,2,14,12.964453802328462,0.6578947368421052,0.5625,3.556296189,0.853692286,4.409988475,6.800999487,111.00833333333333,109.5,398,12.964453802328462,0.6578947368421052,False
41800224,2019-05-06,2019,playoff,Chris Paul,HOU,36,11,4,2,13,17.411158493248045,0.5094043887147336,0.4545454545454545,3.556296189,0.853692286,4.409988475,6.800999487,111.00833333333333,109.5,398,17.411158493248045,0.5094043887147336,False
41800225,2019-05-08,2019,playoff,Chris Paul,HOU,38,14,6,3,11,23.627632585672288,0.3305288461538461,0.2142857142857142,3.556296189,0.853692286,4.409988475,6.800999487,111.00833333333333,109.5,398,23.627632585672288,0.3305288461538461,False
41800226,2019-05-10,2019,playoff,Chris Paul,HOU,38,19,2,2,27,24.79179649878194,0.6790744466800805,0.6578947368421053,3.556296189,0.853692286,4.409988475,6.800999487,111.00833333333333,109.5,398,24.79179649878194,0.6790744466800805,False
41800171,2019-04-14,2019,playoff,Eric Gordon,HOU,31,10,4,1,17,17.915686756291905,0.7227891156462585,0.65,0.78850403,-1.907335652,-1.118831621,1.806081444,111.00833333333333,109.5,410,17.915686756291905,0.7227891156462585,False
41800172,2019-04-17,2019,playoff,Eric Gordon,HOU,30,11,1,1,16,17.89928057553957,0.6993006993006994,0.6818181818181818,0.78850403,-1.907335652,-1.118831621,1.806081444,111.00833333333333,109.5,410,17.89928057553957,0.6993006993006994,False
41800173,2019-04-20,2019,playoff,Eric Gordon,HOU,38,11,1,2,12,14.897193844562263,0.5244755244755245,0.5,0.78850403,-1.907335652,-1.118831621,1.806081444,111.00833333333333,109.5,410,14.897193844562263,0.5244755244755245,False
41800174,2019-04-22,2019,playoff,Eric Gordon,HOU,38,12,2,2,16,18.0509805500745,0.6211180124223602,0.625,0.78850403,-1.907335652,-1.118831621,1.806081444,111.00833333333333,109.5,410,18.0509805500745,0.6211180124223602,False
41800175,2019-04-24,2019,playoff,Eric Gordon,HOU,40,13,2,3,15,18.811292719167906,0.5403458213256483,0.5384615384615384,0.78850403,-1.907335652,-1.118831621,1.806081444,111.00833333333333,109.5,410,18.811292719167906,0.5403458213256483,False
41800221,2019-04-28,2019,playoff,Eric Gordon,HOU,37,19,4,2,27,29.425876849457637,0.6502890173410404,0.631578947368421,0.78850403,-1.907335652,-1.118831621,1.806081444,111.00833333333333,109.5,410,29.425876849457637,0.6502890173410404,False
41800222,2019-04-30,2019,playoff,Eric Gordon,HOU,36,13,0,3,15,20.14814814814815,0.5769230769230769,0.5769230769230769,0.78850403,-1.907335652,-1.118831621,1.806081444,111.00833333333333,109.5,410,20.14814814814815,0.5769230769230769,False
41800223,2019-05-04,2019,playoff,Eric Gordon,HOU,45,20,2,5,30,25.954435361792303,0.7183908045977012,0.725,0.78850403,-1.907335652,-1.118831621,1.806081444,111.00833333333333,109.5,410,25.954435361792303,0.7183908045977012,False
41800224,2019-05-06,2019,playoff,Eric Gordon,HOU,40,17,6,3,20,24.03589196872779,0.5091649694501018,0.4117647058823529,0.78850403,-1.907335652,-1.118831621,1.806081444,111.00833333333333,109.5,410,24.03589196872779,0.5091649694501018,False
41800225,2019-05-08,2019,playoff,Eric Gordon,HOU,38,14,6,3,19,23.627632585672288,0.5709134615384616,0.4642857142857143,0.78850403,-1.907335652,-1.118831621,1.806081444,111.00833333333333,109.5,410,23.627632585672288,0.5709134615384616,False
41800226,2019-05-10,2019,playoff,Eric Gordon,HOU,37,10,0,2,9,13.964448840659818,0.45,0.45,0.78850403,-1.907335652,-1.118831621,1.806081444,111.00833333333333,109.5,410,13.964448840659818,0.45,False
41800131,2019-04-14,2019,playoff,Bojan Bogdanovic,IND,35,11,4,1,12,17.9104991394148,0.4702194357366771,0.3636363636363636,0.78263774,-5.170404294,-4.387766554,-0.128067221,120.8095238095238,117.4952380952381,147,17.9104991394148,0.4702194357366771,True
41800132,2019-04-17,2019,playoff,Bojan Bogdanovic,IND,35,21,2,2,23,34.11428571428572,0.5255941499085923,0.5238095238095238,0.78263774,-5.170404294,-4.387766554,-0.128067221,120.8095238095238,117.4952380952381,147,34.11428571428572,0.5255941499085923,True
41800133,2019-04-19,2019,playoff,Bojan Bogdanovic,IND,40,17,1,1,15,22.009388733519778,0.430045871559633,0.4117647058823529,0.78263774,-5.170404294,-4.387766554,-0.128067221,120.8095238095238,117.4952380952381,147,22.009388733519778,0.430045871559633,True
41800134,2019-04-21,2019,playoff,Bojan Bogdanovic,IND,37,14,10,2,22,23.56202356202356,0.5978260869565218,0.4642857142857143,0.78263774,-5.170404294,-4.387766554,-0.128067221,120.8095238095238,117.4952380952381,147,23.56202356202356,0.5978260869565218,True
41800131,2019-04-14,2019,playoff,Cory Joseph,IND,23,9,2,0,14,19.569800942902045,0.7085020242914979,0.6666666666666666,-2.775322597,-3.325248759,-6.100571356,-0.145221757,120.8095238095238,117.4952380952381,85,19.569800942902045,0.7085020242914979,True
41800132,2019-04-17,2019,playoff,Cory Joseph,IND,21,6,0,0,6,14.285714285714288,0.5,0.5,-2.775322597,-3.325248759,-6.100571356,-0.145221757,120.8095238095238,117.4952380952381,85,14.285714285714288,0.5,True
41800133,2019-04-19,2019,playoff,Cory Joseph,IND,23,4,0,0,5,8.303079782521843,0.625,0.625,-2.775322597,-3.325248759,-6.100571356,-0.145221757,120.8095238095238,117.4952380952381,85,8.303079782521843,0.625,True
41800134,2019-04-21,2019,playoff,Cory Joseph,IND,18,5,0,0,5,11.870845204178538,0.5,0.5,-2.775322597,-3.325248759,-6.100571356,-0.145221757,120.8095238095238,117.4952380952381,85,11.870845204178538,0.5,True
41800131,2019-04-14,2019,playoff,Wesley Matthews,IND,29,8,0,3,8,17.280328209389282,0.5,0.5,-6.498669359,4.076049874,-2.422619484,0.008957216,120.8095238095238,117.4952380952381,118,17.280328209389282,0.5,True
41800132,2019-04-17,2019,playoff,Wesley Matthews,IND,28,8,0,2,6,17.857142857142854,0.375,0.375,-6.498669359,4.076049874,-2.422619484,0.008957216,120.8095238095238,117.4952380952381,118,17.857142857142854,0.375,True
41800133,2019-04-19,2019,playoff,Wesley Matthews,IND,32,7,3,1,11,13.90506392329205,0.6610576923076923,0.5714285714285714,-6.498669359,4.076049874,-2.422619484,0.008957216,120.8095238095238,117.4952380952381,118,13.90506392329205,0.6610576923076923,True
41800134,2019-04-21,2019,playoff,Wesley Matthews,IND,29,7,0,2,3,13.262599469496022,0.2142857142857142,0.2142857142857142,-6.498669359,4.076049874,-2.422619484,0.008957216,120.8095238095238,117.4952380952381,118,13.262599469496022,0.2142857142857142,True
41800141,2019-04-13,2019,playoff,Landry Shamet,LAC,21,6,0,1,3,13.313446028063195,0.25,0.25,1.055965932,4.448210855,5.504176787,0.750645253,114.88372093023256,113.4139534883721,175,13.313446028063195,0.25,True
41800142,2019-04-15,2019,playoff,Landry Shamet,LAC,32,9,0,2,12,14.084282556953417,0.6666666666666666,0.6666666666666666,1.055965932,4.448210855,5.504176787,0.750645253,114.88372093023256,113.4139534883721,175,14.084282556953417,0.6666666666666666,True
41800143,2019-04-18,2019,playoff,Landry Shamet,LAC,26,5,4,1,6,11.794363044363042,0.4437869822485207,0.2,1.055965932,4.448210855,5.504176787,0.750645253,114.88372093023256,113.4139534883721,175,11.794363044363042,0.4437869822485207,True
41800144,2019-04-21,2019,playoff,Landry Shamet,LAC,28,6,0,0,9,9.88250796090919,0.75,0.75,1.055965932,4.448210855,5.504176787,0.750645253,114.88372093023256,113.4139534883721,175,9.88250796090919,0.75,True
41800145,2019-04-24,2019,playoff,Landry Shamet,LAC,37,4,3,1,6,7.702855053475122,0.5639097744360902,0.375,1.055965932,4.448210855,5.504176787,0.750645253,114.88372093023256,113.4139534883721,175,7.702855053475122,0.5639097744360902,True
41800146,2019-04-26,2019,playoff,Landry Shamet,LAC,31,8,3,2,10,14.329416232409969,0.5364806866952789,0.4375,1.055965932,4.448210855,5.504176787,0.750645253,114.88372093023256,113.4139534883721,175,14.329416232409969,0.5364806866952789,True
41800141,2019-04-13,2019,playoff,Montrezl Harrell,LAC,30,15,8,1,26,25.98784664677936,0.7019438444924406,0.7333333333333333,1.52318613,-4.526234371,-3.003048241,-0.020957272,114.88372093023256,113.4139534883721,157,25.98784664677936,0.7019438444924406,True
41800142,2019-04-15,2019,playoff,Montrezl Harrell,LAC,33,9,9,2,25,18.574181117533723,0.964506172839506,1.0,1.52318613,-4.526234371,-3.003048241,-0.020957272,114.88372093023256,113.4139534883721,157,18.574181117533723,0.964506172839506,True
41800143,2019-04-18,2019,playoff,Montrezl Harrell,LAC,24,10,5,1,15,21.734457671957667,0.6147540983606558,0.6,1.52318613,-4.526234371,-3.003048241,-0.020957272,114.88372093023256,113.4139534883721,157,21.734457671957667,0.6147540983606558,True
41800144,2019-04-21,2019,playoff,Montrezl Harrell,LAC,26,8,0,1,10,15.964051321468691,0.625,0.625,1.52318613,-4.526234371,-3.003048241,-0.020957272,114.88372093023256,113.4139534883721,157,15.964051321468691,0.625,True
41800145,2019-04-24,2019,playoff,Montrezl Harrell,LAC,27,14,2,1,24,26.523028101382103,0.8064516129032258,0.7857142857142857,1.52318613,-4.526234371,-3.003048241,-0.020957272,114.88372093023256,113.4139534883721,157,26.523028101382103,0.8064516129032258,True
41800146,2019-04-26,2019,playoff,Montrezl Harrell,LAC,17,7,2,2,10,22.806140114646247,0.6345177664974619,0.5714285714285714,1.52318613,-4.526234371,-3.003048241,-0.020957272,114.88372093023256,113.4139534883721,157,22.806140114646247,0.6345177664974619,True
41800141,2019-04-13,2019,playoff,Shai Gilgeous-Alexander,LAC,34,16,4,1,18,22.037668895864613,0.5067567567567567,0.46875,-1.102864056,0.245754041,-0.857110016,2.101778059,114.88372093023256,113.4139534883721,173,22.037668895864613,0.5067567567567567,True
41800142,2019-04-15,2019,playoff,Shai Gilgeous-Alexander,LAC,32,5,0,1,4,7.682335940156411,0.4,0.4,-1.102864056,0.245754041,-0.857110016,2.101778059,114.88372093023256,113.4139534883721,173,7.682335940156411,0.4,True
41800143,2019-04-18,2019,playoff,Shai Gilgeous-Alexander,LAC,23,7,4,0,7,15.050897170462385,0.3995433789954338,0.2142857142857142,-1.102864056,0.245754041,-0.857110016,2.101778059,114.88372093023256,113.4139534883721,173,15.050897170462385,0.3995433789954338,True
41800144,2019-04-21,2019,playoff,Shai Gilgeous-Alexander,LAC,31,15,4,2,25,27.909052589819243,0.7458233890214796,0.7,-1.102864056,0.245754041,-0.857110016,2.101778059,114.88372093023256,113.4139534883721,173,27.909052589819243,0.7458233890214796,True
41800145,2019-04-24,2019,playoff,Shai Gilgeous-Alexander,LAC,19,3,2,1,6,11.58250756541862,0.7731958762886598,0.6666666666666666,-1.102864056,0.245754041,-0.857110016,2.101778059,114.88372093023256,113.4139534883721,173,11.58250756541862,0.7731958762886598,True
41800146,2019-04-26,2019,playoff,Shai Gilgeous-Alexander,LAC,34,14,6,0,22,19.205170622860003,0.6610576923076923,0.6428571428571429,-1.102864056,0.245754041,-0.857110016,2.101778059,114.88372093023256,113.4139534883721,173,19.205170622860003,0.6610576923076923,True
41800101,2019-04-14,2019,playoff,Brook Lopez,MIL,25,7,4,0,14,15.092605886575736,0.7990867579908676,0.7142857142857143,-0.753096278,0.909219699,0.156123421,3.454799814,111.47678571428573,109.51428571428572,438,15.092605886575736,0.7990867579908676,False
41800102,2019-04-17,2019,playoff,Brook Lopez,MIL,34,8,2,1,8,12.643357235019142,0.4504504504504504,0.4375,-0.753096278,0.909219699,0.156123421,3.454799814,111.47678571428573,109.51428571428572,438,12.643357235019142,0.4504504504504504,False
41800103,2019-04-20,2019,playoff,Brook Lopez,MIL,34,13,0,1,19,17.71665998776707,0.7307692307692307,0.7307692307692307,-0.753096278,0.909219699,0.156123421,3.454799814,111.47678571428573,109.51428571428572,438,17.71665998776707,0.7307692307692307,False
41800104,2019-04-22,2019,playoff,Brook Lopez,MIL,26,4,1,2,7,10.425491730297065,0.7882882882882882,0.75,-0.753096278,0.909219699,0.156123421,3.454799814,111.47678571428573,109.51428571428572,438,10.425491730297065,0.7882882882882882,False
41800201,2019-04-28,2019,playoff,Brook Lopez,MIL,26,5,0,1,3,10.0261184598534,0.3,0.3,-0.753096278,0.909219699,0.156123421,3.454799814,111.47678571428573,109.51428571428572,438,10.0261184598534,0.3,False
41800202,2019-04-30,2019,playoff,Brook Lopez,MIL,24,10,2,0,10,19.318181818181817,0.4595588235294117,0.45,-0.753096278,0.909219699,0.156123421,3.454799814,111.47678571428573,109.51428571428572,438,19.318181818181817,0.4595588235294117,False
41800203,2019-05-03,2019,playoff,Brook Lopez,MIL,29,6,0,0,7,8.687328858409865,0.5833333333333334,0.5833333333333334,-0.753096278,0.909219699,0.156123421,3.454799814,111.47678571428573,109.51428571428572,438,8.687328858409865,0.5833333333333334,False
41800204,2019-05-06,2019,playoff,Brook Lopez,MIL,29,7,0,1,7,11.174751607247222,0.5,0.5,-0.753096278,0.909219699,0.156123421,3.454799814,111.47678571428573,109.51428571428572,438,11.174751607247222,0.5,False
41800205,2019-05-08,2019,playoff,Brook Lopez,MIL,18,7,0,1,0,17.825311942958997,0.0,0.0,-0.753096278,0.909219699,0.156123421,3.454799814,111.47678571428573,109.51428571428572,438,17.825311942958997,0.0,False
41800301,2019-05-15,2019,playoff,Brook Lopez,MIL,35,21,2,0,29,25.7801896939474,0.6627056672760512,0.6666666666666666,-0.753096278,0.909219699,0.156123421,3.454799814,111.47678571428573,109.51428571428572,438,25.7801896939474,0.6627056672760512,False
41800302,2019-05-17,2019,playoff,Brook Lopez,MIL,27,7,5,1,6,15.85081585081585,0.3260869565217391,0.1428571428571428,-0.753096278,0.909219699,0.156123421,3.454799814,111.47678571428573,109.51428571428572,438,15.85081585081585,0.3260869565217391,False
41800303,2019-05-19,2019,playoff,Brook Lopez,MIL,40,10,3,0,16,12.064605918546736,0.7067137809187279,0.65,-0.753096278,0.909219699,0.156123421,3.454799814,111.47678571428573,109.51428571428572,438,12.064605918546736,0.7067137809187279,False
41800304,2019-05-21,2019,playoff,Brook Lopez,MIL,25,5,0,1,8,11.183294663573088,0.8,0.8,-0.753096278,0.909219699,0.156123421,3.454799814,111.47678571428573,109.51428571428572,438,11.183294663573088,0.8,False
41800305,2019-05-23,2019,playoff,Brook Lopez,MIL,32,12,1,0,16,18.130586863583364,0.6430868167202572,0.625,-0.753096278,0.909219699,0.156123421,3.454799814,111.47678571428573,109.51428571428572,438,18.130586863583364,0.6430868167202572,False
41800306,2019-05-25,2019,playoff,Brook Lopez,MIL,34,12,9,1,18,24.030037546933663,0.5639097744360902,0.4166666666666667,-0.753096278,0.909219699,0.156123421,3.454799814,111.47678571428573,109.51428571428572,438,24.030037546933663,0.5639097744360902,False
41800101,2019-04-14,2019,playoff,Khris Middleton,MIL,25,13,0,0,14,22.39770279971285,0.5384615384615384,0.5384615384615384,3.13535355,-2.147293629,0.988059921,1.013802001,111.47678571428573,109.51428571428572,516,22.39770279971285,0.5384615384615384,False
41800102,2019-04-17,2019,playoff,Khris Middleton,MIL,33,15,8,2,24,27.055016181229774,0.6479481641468683,0.5333333333333333,3.13535355,-2.147293629,0.988059921,1.013802001,111.47678571428573,109.51428571428572,516,27.055016181229774,0.6479481641468683,False
41800103,2019-04-20,2019,playoff,Khris Middleton,MIL,30,13,4,3,20,25.471495159555392,0.6775067750677507,0.6538461538461539,3.13535355,-2.147293629,0.988059921,1.013802001,111.47678571428573,109.51428571428572,516,25.471495159555392,0.6775067750677507,False
41800104,2019-04-22,2019,playoff,Khris Middleton,MIL,30,11,7,1,18,21.15748860049106,0.6392045454545454,0.5454545454545454,3.13535355,-2.147293629,0.988059921,1.013802001,111.47678571428573,109.51428571428572,516,21.15748860049106,0.6392045454545454,False
41800201,2019-04-28,2019,playoff,Khris Middleton,MIL,34,12,3,2,16,19.576487769258858,0.6006006006006006,0.5416666666666666,3.13535355,-2.147293629,0.988059921,1.013802001,111.47678571428573,109.51428571428572,516,19.576487769258858,0.6006006006006006,False
41800202,2019-04-30,2019,playoff,Khris Middleton,MIL,33,18,1,1,28,25.10330578512397,0.7592190889370932,0.75,3.13535355,-2.147293629,0.988059921,1.013802001,111.47678571428573,109.51428571428572,516,25.10330578512397,0.7592190889370932,False
41800203,2019-05-03,2019,playoff,Khris Middleton,MIL,39,12,6,5,20,21.14510694271762,0.6830601092896175,0.625,3.13535355,-2.147293629,0.988059921,1.013802001,111.47678571428573,109.51428571428572,516,21.14510694271762,0.6830601092896175,False
41800204,2019-05-06,2019,playoff,Khris Middleton,MIL,37,19,3,2,13,24.436463582226292,0.3198818897637795,0.2631578947368421,3.13535355,-2.147293629,0.988059921,1.013802001,111.47678571428573,109.51428571428572,516,24.436463582226292,0.3198818897637795,False
41800205,2019-05-08,2019,playoff,Khris Middleton,MIL,34,15,7,2,19,23.686693928908458,0.5254424778761062,0.4,3.13535355,-2.147293629,0.988059921,1.013802001,111.47678571428573,109.51428571428572,516,23.686693928908458,0.5254424778761062,False
41800301,2019-05-15,2019,playoff,Khris Middleton,MIL,35,12,2,4,11,19.888921482350646,0.4270186335403726,0.375,3.13535355,-2.147293629,0.988059921,1.013802001,111.47678571428573,109.51428571428572,516,19.888921482350646,0.4270186335403726,False
41800302,2019-05-17,2019,playoff,Khris Middleton,MIL,29,8,0,0,12,11.574632264287436,0.75,0.75,3.13535355,-2.147293629,0.988059921,1.013802001,111.47678571428573,109.51428571428572,516,11.574632264287436,0.75,False
41800303,2019-05-19,2019,playoff,Khris Middleton,MIL,44,16,4,3,9,20.114135790959704,0.2533783783783783,0.21875,3.13535355,-2.147293629,0.988059921,1.013802001,111.47678571428573,109.51428571428572,516,20.114135790959704,0.2533783783783783,False
41800304,2019-05-21,2019,playoff,Khris Middleton,MIL,36,15,5,0,30,22.263040302483457,0.872093023255814,0.8666666666666667,3.13535355,-2.147293629,0.988059921,1.013802001,111.47678571428573,109.51428571428572,516,22.263040302483457,0.872093023255814,False
41800305,2019-05-23,2019,playoff,Khris Middleton,MIL,36,9,2,2,6,15.39059463661096,0.3036437246963562,0.2222222222222222,3.13535355,-2.147293629,0.988059921,1.013802001,111.47678571428573,109.51428571428572,516,15.39059463661096,0.3036437246963562,False
41800306,2019-05-25,2019,playoff,Khris Middleton,MIL,41,13,0,2,14,17.624423534480226,0.5384615384615384,0.5384615384615384,3.13535355,-2.147293629,0.988059921,1.013802001,111.47678571428573,109.51428571428572,516,17.624423534480226,0.5384615384615384,False
41800101,2019-04-14,2019,playoff,Pat Connaughton,MIL,28,6,1,2,10,12.983283765767617,0.7763975155279502,0.75,-0.124497341,0.168328179,0.043830838,1.783922657,111.47678571428573,109.51428571428572,316,12.983283765767617,0.7763975155279502,False
41800102,2019-04-17,2019,playoff,Pat Connaughton,MIL,31,10,0,0,18,14.035331918200692,0.9,0.9,-0.124497341,0.168328179,0.043830838,1.783922657,111.47678571428573,109.51428571428572,316,14.035331918200692,0.9,False
41800103,2019-04-20,2019,playoff,Pat Connaughton,MIL,26,6,0,0,4,9.929117136001324,0.3333333333333333,0.3333333333333333,-0.124497341,0.168328179,0.043830838,1.783922657,111.47678571428573,109.51428571428572,316,9.929117136001324,0.3333333333333333,False
41800104,2019-04-22,2019,playoff,Pat Connaughton,MIL,26,3,0,1,4,6.475460702047863,0.6666666666666666,0.6666666666666666,-0.124497341,0.168328179,0.043830838,1.783922657,111.47678571428573,109.51428571428572,316,6.475460702047863,0.6666666666666666,False
41800201,2019-04-28,2019,playoff,Pat Connaughton,MIL,24,10,0,3,5,23.533528051600346,0.25,0.25,-0.124497341,0.168328179,0.043830838,1.783922657,111.47678571428573,109.51428571428572,316,23.533528051600346,0.25,False
41800202,2019-04-30,2019,playoff,Pat Connaughton,MIL,30,4,0,1,5,7.1022727272727275,0.625,0.625,-0.124497341,0.168328179,0.043830838,1.783922657,111.47678571428573,109.51428571428572,316,7.1022727272727275,0.625,False
41800203,2019-05-03,2019,playoff,Pat Connaughton,MIL,28,11,0,0,14,16.495582772813975,0.6363636363636364,0.6363636363636364,-0.124497341,0.168328179,0.043830838,1.783922657,111.47678571428573,109.51428571428572,316,16.495582772813975,0.6363636363636364,False
41800204,2019-05-06,2019,playoff,Pat Connaughton,MIL,33,7,3,0,9,10.213045711350794,0.5408653846153846,0.5,-0.124497341,0.168328179,0.043830838,1.783922657,111.47678571428573,109.51428571428572,316,10.213045711350794,0.5408653846153846,False
41800205,2019-05-08,2019,playoff,Pat Connaughton,MIL,28,7,2,1,7,12.7196333078686,0.4441624365482233,0.5,-0.124497341,0.168328179,0.043830838,1.783922657,111.47678571428573,109.51428571428572,316,12.7196333078686,0.4441624365482233,False
41800301,2019-05-15,2019,playoff,Pat Connaughton,MIL,11,2,0,0,0,7.497977723850416,0.0,0.0,-0.124497341,0.168328179,0.043830838,1.783922657,111.47678571428573,109.51428571428572,316,7.497977723850416,0.0,False
41800302,2019-05-17,2019,playoff,Pat Connaughton,MIL,13,3,2,0,3,12.522861753630984,0.3865979381443299,0.3333333333333333,-0.124497341,0.168328179,0.043830838,1.783922657,111.47678571428573,109.51428571428572,316,12.522861753630984,0.3865979381443299,False
41800303,2019-05-19,2019,playoff,Pat Connaughton,MIL,12,3,0,0,8,10.657779079988284,1.3333333333333333,1.3333333333333333,-0.124497341,0.168328179,0.043830838,1.783922657,111.47678571428573,109.51428571428572,316,10.657779079988284,1.3333333333333333,False
41800304,2019-05-21,2019,playoff,Pat Connaughton,MIL,14,4,0,1,3,16.641807535078996,0.375,0.375,-0.124497341,0.168328179,0.043830838,1.783922657,111.47678571428573,109.51428571428572,316,16.641807535078996,0.375,False
41800101,2019-04-14,2019,playoff,Sterling Brown,MIL,25,5,2,0,11,10.13065326633166,0.935374149659864,0.9,-2.089404814,-1.261254498,-3.350659312,-0.316948614,111.47678571428573,109.51428571428572,147,10.13065326633166,0.935374149659864,False
41800102,2019-04-17,2019,playoff,Sterling Brown,MIL,26,5,3,2,8,13.92304926285509,0.6329113924050632,0.7,-2.089404814,-1.261254498,-3.350659312,-0.316948614,111.47678571428573,109.51428571428572,147,13.92304926285509,0.6329113924050632,False
41800103,2019-04-20,2019,playoff,Sterling Brown,MIL,25,2,0,1,5,5.1631409107206885,1.25,1.25,-2.089404814,-1.261254498,-3.350659312,-0.316948614,111.47678571428573,109.51428571428572,147,5.1631409107206885,1.25,False
41800104,2019-04-22,2019,playoff,Sterling Brown,MIL,27,7,4,3,9,18.332748743131067,0.5136986301369864,0.4285714285714285,-2.089404814,-1.261254498,-3.350659312,-0.316948614,111.47678571428573,109.51428571428572,147,18.332748743131067,0.5136986301369864,False
41800201,2019-04-28,2019,playoff,Sterling Brown,MIL,22,7,0,1,3,15.798732118556872,0.2142857142857142,0.2142857142857142,-2.089404814,-1.261254498,-3.350659312,-0.316948614,111.47678571428573,109.51428571428572,147,15.798732118556872,0.2142857142857142,False
41800202,2019-04-30,2019,playoff,Sterling Brown,MIL,13,3,0,1,0,13.111888111888112,0.0,0.0,-2.089404814,-1.261254498,-3.350659312,-0.316948614,111.47678571428573,109.51428571428572,147,13.111888111888112,0.0,False
41800204,2019-05-06,2019,playoff,Sterling Brown,MIL,9,3,0,0,2,13.50282485875706,0.3333333333333333,0.3333333333333333,-2.089404814,-1.261254498,-3.350659312,-0.316948614,111.47678571428573,109.51428571428572,147,13.50282485875706,0.3333333333333333,False
41800161,2019-04-14,2019,playoff,Dennis Schroder,OKC,36,17,2,0,11,20.013431833445267,0.3076062639821029,0.2941176470588235,-1.446954201,-0.692476959,-2.13943116,0.048779305,109.54117647058824,107.53529411764706,150,20.013431833445267,0.3076062639821029,False
41800162,2019-04-16,2019,playoff,Dennis Schroder,OKC,21,5,4,1,7,15.51534539638109,0.5177514792899408,0.4,-1.446954201,-0.692476959,-2.13943116,0.048779305,109.54117647058824,107.53529411764706,150,15.51534539638109,0.5177514792899408,False
41800163,2019-04-19,2019,playoff,Dennis Schroder,OKC,32,11,6,1,17,20.033437156467578,0.6231671554252199,0.5454545454545454,-1.446954201,-0.692476959,-2.13943116,0.048779305,109.54117647058824,107.53529411764706,150,20.033437156467578,0.6231671554252199,False
41800164,2019-04-21,2019,playoff,Dennis Schroder,OKC,28,12,4,3,17,25.833759721653703,0.6177325581395349,0.5833333333333334,-1.446954201,-0.692476959,-2.13943116,0.048779305,109.54117647058824,107.53529411764706,150,25.833759721653703,0.6177325581395349,False
41800165,2019-04-23,2019,playoff,Dennis Schroder,OKC,33,10,2,1,17,15.992565055762084,0.7812499999999999,0.8,-1.446954201,-0.692476959,-2.13943116,0.048779305,109.54117647058824,107.53529411764706,150,15.992565055762084,0.7812499999999999,False
41800161,2019-04-14,2019,playoff,Jerami Grant,OKC,35,8,4,1,8,12.387988103233235,0.4098360655737705,0.25,-0.406184515,1.10236178,0.696177265,4.599217154,109.54117647058824,107.53529411764706,176,12.387988103233235,0.4098360655737705,False
41800162,2019-04-16,2019,playoff,Jerami Grant,OKC,30,7,6,0,5,13.491952414275715,0.2593360995850622,0.1428571428571428,-0.406184515,1.10236178,0.696177265,4.599217154,109.54117647058824,107.53529411764706,176,13.491952414275715,0.2593360995850622,False
41800163,2019-04-19,2019,playoff,Jerami Grant,OKC,33,7,2,0,18,10.456266586717302,1.1421319796954317,1.1428571428571428,-0.406184515,1.10236178,0.696177265,4.599217154,109.54117647058824,107.53529411764706,176,10.456266586717302,1.1421319796954317,False
41800164,2019-04-21,2019,playoff,Jerami Grant,OKC,34,10,0,1,11,13.963214225518286,0.55,0.55,-0.406184515,1.10236178,0.696177265,4.599217154,109.54117647058824,107.53529411764706,176,13.963214225518286,0.55,False
41800165,2019-04-23,2019,playoff,Jerami Grant,OKC,44,8,1,2,16,10.540554241297736,0.9478672985781992,1.0,-0.406184515,1.10236178,0.696177265,4.599217154,109.54117647058824,107.53529411764706,176,10.540554241297736,0.9478672985781992,False
41800161,2019-04-14,2019,playoff,Markieff Morris,OKC,13,3,1,2,2,16.862117063594567,0.2906976744186046,0.3333333333333333,-1.218935506,-1.774099575,-2.99303508,-0.047770792,109.54117647058824,107.53529411764706,54,16.862117063594567,0.2906976744186046,False
41800162,2019-04-16,2019,playoff,Markieff Morris,OKC,13,3,4,0,7,15.373849383646446,0.7352941176470589,0.5,-1.218935506,-1.774099575,-2.99303508,-0.047770792,109.54117647058824,107.53529411764706,54,15.373849383646446,0.7352941176470589,False
41800163,2019-04-19,2019,playoff,Markieff Morris,OKC,15,6,4,0,7,22.65347502137535,0.4510309278350515,0.3333333333333333,-1.218935506,-1.774099575,-2.99303508,-0.047770792,109.54117647058824,107.53529411764706,54,22.65347502137535,0.4510309278350515,False
41800164,2019-04-21,2019,playoff,Markieff Morris,OKC,13,2,0,0,3,6.6398501212254795,0.75,0.75,-1.218935506,-1.774099575,-2.99303508,-0.047770792,109.54117647058824,107.53529411764706,54,6.6398501212254795,0.75,False
41800161,2019-04-14,2019,playoff,Nerlens Noel,OKC,12,5,0,0,8,16.789791806581597,0.8,0.8,-3.906890787,4.69637376,0.789482973,0.111724689,109.54117647058824,107.53529411764706,60,16.789791806581597,0.8,False
41800162,2019-04-16,2019,playoff,Nerlens Noel,OKC,15,6,0,0,8,16.794961511546536,0.6666666666666666,0.6666666666666666,-3.906890787,4.69637376,0.789482973,0.111724689,109.54117647058824,107.53529411764706,60,16.794961511546536,0.6666666666666666,False
41800163,2019-04-19,2019,playoff,Nerlens Noel,OKC,13,2,2,3,4,19.806071539307155,0.6944444444444444,1.0,-3.906890787,4.69637376,0.789482973,0.111724689,109.54117647058824,107.53529411764706,60,19.806071539307155,0.6944444444444444,False
41800164,2019-04-21,2019,playoff,Nerlens Noel,OKC,12,3,0,0,2,10.789756446991404,0.3333333333333333,0.3333333333333333,-3.906890787,4.69637376,0.789482973,0.111724689,109.54117647058824,107.53529411764706,60,10.789756446991404,0.3333333333333333,False
41800165,2019-04-23,2019,playoff,Nerlens Noel,OKC,8,4,0,1,2,27.76486988847584,0.25,0.25,-3.906890787,4.69637376,0.789482973,0.111724689,109.54117647058824,107.53529411764706,60,27.76486988847584,0.25,False
41800161,2019-04-14,2019,playoff,Paul George,OKC,43,24,6,4,26,28.71288675090197,0.487987987987988,0.4166666666666667,5.580623808,10.18931174,15.76993555,2.036973153,109.54117647058824,107.53529411764706,204,28.71288675090197,0.487987987987988,False
41800162,2019-04-16,2019,playoff,Paul George,OKC,41,20,4,5,27,27.404461588352763,0.6204044117647058,0.6,5.580623808,10.18931174,15.76993555,2.036973153,109.54117647058824,107.53529411764706,204,27.404461588352763,0.6204044117647058,False
41800163,2019-04-19,2019,playoff,Paul George,OKC,41,16,17,2,22,27.213220245064303,0.4684838160136286,0.25,5.580623808,10.18931174,15.76993555,2.036973153,109.54117647058824,107.53529411764706,204,27.213220245064303,0.4684838160136286,False
41800164,2019-04-21,2019,playoff,Paul George,OKC,37,21,14,5,32,37.51335863083714,0.5891016200294551,0.4761904761904761,5.580623808,10.18931174,15.76993555,2.036973153,109.54117647058824,107.53529411764706,204,37.51335863083714,0.5891016200294551,False
41800165,2019-04-23,2019,playoff,Paul George,OKC,42,20,8,5,36,30.16587006549832,0.7653061224489796,0.775,5.580623808,10.18931174,15.76993555,2.036973153,109.54117647058824,107.53529411764706,204,30.16587006549832,0.7653061224489796,False
41800161,2019-04-14,2019,playoff,Russell Westbrook,OKC,38,17,8,4,24,26.001201795624045,0.5847953216374269,0.4705882352941176,2.70246334,-0.326028389,2.376434951,7.063564579,109.54117647058824,107.53529411764706,198,26.001201795624045,0.5847953216374269,False
41800162,2019-04-16,2019,playoff,Russell Westbrook,OKC,37,20,3,6,14,31.002591114557525,0.3283302063789868,0.275,2.70246334,-0.326028389,2.376434951,7.063564579,109.54117647058824,107.53529411764706,198,31.002591114557525,0.3283302063789868,False
41800163,2019-04-19,2019,playoff,Russell Westbrook,OKC,38,22,8,5,33,35.16942778345644,0.646551724137931,0.5909090909090909,2.70246334,-0.326028389,2.376434951,7.063564579,109.54117647058824,107.53529411764706,198,35.16942778345644,0.646551724137931,False
41800164,2019-04-21,2019,playoff,Russell Westbrook,OKC,40,21,4,3,14,27.794412607449853,0.3075571177504393,0.2857142857142857,2.70246334,-0.326028389,2.376434951,7.063564579,109.54117647058824,107.53529411764706,198,27.794412607449853,0.3075571177504393,False
41800165,2019-04-23,2019,playoff,Russell Westbrook,OKC,45,31,3,5,29,36.842131350681534,0.4486386138613861,0.4193548387096774,2.70246334,-0.326028389,2.376434951,7.063564579,109.54117647058824,107.53529411764706,198,36.842131350681534,0.4486386138613861,False
41800111,2019-04-13,2019,playoff,Aaron Gordon,ORL,34,10,2,2,10,16.629593914068362,0.4595588235294117,0.4,-0.013502197,0.713854568,0.700352371,4.616578044,108.74166666666667,106.96666666666664,164,16.629593914068362,0.4595588235294117,False
41800112,2019-04-16,2019,playoff,Aaron Gordon,ORL,33,12,5,2,20,21.79607422790916,0.7042253521126761,0.7916666666666666,-0.013502197,0.713854568,0.700352371,4.616578044,108.74166666666667,106.96666666666664,164,21.79607422790916,0.7042253521126761,False
41800113,2019-04-19,2019,playoff,Aaron Gordon,ORL,34,10,2,4,10,19.795569943016787,0.4595588235294117,0.45,-0.013502197,0.713854568,0.700352371,4.616578044,108.74166666666667,106.96666666666664,164,19.795569943016787,0.4595588235294117,False
41800114,2019-04-21,2019,playoff,Aaron Gordon,ORL,38,17,3,1,25,23.62697140073477,0.6823144104803494,0.6470588235294118,-0.013502197,0.713854568,0.700352371,4.616578044,108.74166666666667,106.96666666666664,164,23.62697140073477,0.6823144104803494,False
41800115,2019-04-23,2019,playoff,Aaron Gordon,ORL,25,13,7,4,11,34.22727272727272,0.3420398009950249,0.3076923076923077,-0.013502197,0.713854568,0.700352371,4.616578044,108.74166666666667,106.96666666666664,164,34.22727272727272,0.3420398009950249,False
41800111,2019-04-13,2019,playoff,D.J. Augustin,ORL,30,13,4,1,25,23.061080752884035,0.8468834688346883,0.8461538461538461,2.177377656,-2.328799659,-0.151422004,2.969703172,108.74166666666667,106.96666666666664,141,23.061080752884035,0.8468834688346883,False
41800112,2019-04-16,2019,playoff,D.J. Augustin,ORL,23,6,7,1,9,19.458524238249336,0.4955947136563877,0.1666666666666666,2.177377656,-2.328799659,-0.151422004,2.969703172,108.74166666666667,106.96666666666664,141,19.458524238249336,0.4955947136563877,False
41800113,2019-04-19,2019,playoff,D.J. Augustin,ORL,32,7,0,2,7,12.721447418017338,0.5,0.5,2.177377656,-2.328799659,-0.151422004,2.969703172,108.74166666666667,106.96666666666664,141,12.721447418017338,0.5,False
41800114,2019-04-21,2019,playoff,D.J. Augustin,ORL,30,6,1,2,8,13.073916955906933,0.6211180124223602,0.5833333333333334,2.177377656,-2.328799659,-0.151422004,2.969703172,108.74166666666667,106.96666666666664,141,13.073916955906933,0.6211180124223602,False
41800115,2019-04-23,2019,playoff,D.J. Augustin,ORL,26,9,4,1,15,19.274475524475527,0.6970260223048327,0.6666666666666666,2.177377656,-2.328799659,-0.151422004,2.969703172,108.74166666666667,106.96666666666664,141,19.274475524475527,0.6970260223048327,False
41800111,2019-04-13,2019,playoff,Terrence Ross,ORL,25,11,5,2,10,26.68998178506375,0.3787878787878788,0.2272727272727272,2.363318943,-1.222036401,1.141282542,0.299356487,108.74166666666667,106.96666666666664,147,26.68998178506375,0.3787878787878788,False
41800112,2019-04-16,2019,playoff,Terrence Ross,ORL,27,10,5,1,15,21.706378449193483,0.6147540983606558,0.65,2.363318943,-1.222036401,1.141282542,0.299356487,108.74166666666667,106.96666666666664,147,21.706378449193483,0.6147540983606558,False
41800113,2019-04-19,2019,playoff,Terrence Ross,ORL,32,17,3,1,24,27.30870712401055,0.6550218340611353,0.6176470588235294,2.363318943,-1.222036401,1.141282542,0.299356487,108.74166666666667,106.96666666666664,147,27.30870712401055,0.6550218340611353,False
41800114,2019-04-21,2019,playoff,Terrence Ross,ORL,31,5,2,3,5,13.311769901596108,0.4251700680272109,0.3,2.363318943,-1.222036401,1.141282542,0.299356487,108.74166666666667,106.96666666666664,147,13.311769901596108,0.4251700680272109,False
41800115,2019-04-23,2019,playoff,Terrence Ross,ORL,32,11,2,3,12,19.81534090909091,0.505050505050505,0.4545454545454545,2.363318943,-1.222036401,1.141282542,0.299356487,108.74166666666667,106.96666666666664,147,19.81534090909091,0.505050505050505,False
41800121,2019-04-13,2019,playoff,Boban Marjanovic,PHI,15,7,4,1,13,26.47418000226989,0.7420091324200914,0.7142857142857143,1.313773321,-2.105112537,-0.791339216,0.109501307,114.14888888888888,111.76,93,26.47418000226989,0.7420091324200914,True
41800122,2019-04-15,2019,playoff,Boban Marjanovic,PHI,18,14,0,1,16,32.23726627981947,0.5714285714285714,0.5714285714285714,1.313773321,-2.105112537,-0.791339216,0.109501307,114.14888888888888,111.76,93,32.23726627981947,0.5714285714285714,True
41800123,2019-04-18,2019,playoff,Boban Marjanovic,PHI,18,5,8,4,14,26.624136097820305,0.8215962441314555,0.6,1.313773321,-2.105112537,-0.791339216,0.109501307,114.14888888888888,111.76,93,26.624136097820305,0.8215962441314555,True
41800124,2019-04-20,2019,playoff,Boban Marjanovic,PHI,11,3,4,2,4,25.27122567728211,0.4201680672268907,0.3333333333333333,1.313773321,-2.105112537,-0.791339216,0.109501307,114.14888888888888,111.76,93,25.27122567728211,0.4201680672268907,True
41800125,2019-04-23,2019,playoff,Boban Marjanovic,PHI,14,5,1,3,7,23.533785667813,0.6433823529411764,0.6,1.313773321,-2.105112537,-0.791339216,0.109501307,114.14888888888888,111.76,93,23.533785667813,0.6433823529411764,True
41800211,2019-04-27,2019,playoff,Boban Marjanovic,PHI,10,2,0,0,2,8.553100498930863,0.5,0.5,1.313773321,-2.105112537,-0.791339216,0.109501307,114.14888888888888,111.76,93,8.553100498930863,0.5,True
41800215,2019-05-07,2019,playoff,Boban Marjanovic,PHI,7,4,0,1,6,32.102728731942214,0.75,0.75,1.313773321,-2.105112537,-0.791339216,0.109501307,114.14888888888888,111.76,93,32.102728731942214,0.75,True
41800122,2019-04-15,2019,playoff,Greg Monroe,PHI,9,3,0,0,5,12.89490651192779,0.8333333333333334,0.8333333333333334,50.00392394,-1.557254636,48.4466693,0.128030635,114.14888888888888,111.76,83,12.89490651192779,0.8333333333333334,True
41800123,2019-04-18,2019,playoff,Greg Monroe,PHI,25,13,2,0,9,21.251674641148323,0.324207492795389,0.3076923076923077,50.00392394,-1.557254636,48.4466693,0.128030635,114.14888888888888,111.76,83,21.251674641148323,0.324207492795389,True
41800125,2019-04-23,2019,playoff,Greg Monroe,PHI,6,4,1,2,5,41.89980481457385,0.563063063063063,0.5,50.00392394,-1.557254636,48.4466693,0.128030635,114.14888888888888,111.76,83,41.89980481457385,0.563063063063063,True
41800212,2019-04-29,2019,playoff,Greg Monroe,PHI,12,7,2,1,10,33.37091319052987,0.6345177664974619,0.5714285714285714,50.00392394,-1.557254636,48.4466693,0.128030635,114.14888888888888,111.76,83,33.37091319052987,0.6345177664974619,True
41800213,2019-05-02,2019,playoff,Greg Monroe,PHI,15,4,0,0,4,11.899427433408013,0.5,0.5,50.00392394,-1.557254636,48.4466693,0.128030635,114.14888888888888,111.76,83,11.899427433408013,0.5,True
41800214,2019-05-05,2019,playoff,Greg Monroe,PHI,11,4,0,0,2,16.554112554112553,0.25,0.25,50.00392394,-1.557254636,48.4466693,0.128030635,114.14888888888888,111.76,83,16.554112554112553,0.25,True
41800215,2019-05-07,2019,playoff,Greg Monroe,PHI,5,3,0,0,2,26.96629213483146,0.3333333333333333,0.3333333333333333,50.00392394,-1.557254636,48.4466693,0.128030635,114.14888888888888,111.76,83,26.96629213483146,0.3333333333333333,True
41800122,2019-04-15,2019,playoff,James Ennis III,PHI,12,2,2,0,6,9.284332688588009,1.0416666666666667,1.0,0.995679382,-3.449559298,-2.453879917,0.036182428,114.14888888888888,111.76,230,9.284332688588009,1.0416666666666667,True
41800123,2019-04-18,2019,playoff,James Ennis III,PHI,19,5,0,4,4,18.13145303450013,0.4,0.4,0.995679382,-3.449559298,-2.453879917,0.036182428,114.14888888888888,111.76,230,18.13145303450013,0.4,True
41800124,2019-04-20,2019,playoff,James Ennis III,PHI,21,6,0,1,7,13.70727231016288,0.5833333333333334,0.5833333333333334,0.995679382,-3.449559298,-2.453879917,0.036182428,114.14888888888888,111.76,230,13.70727231016288,0.5833333333333334,True
41800125,2019-04-23,2019,playoff,James Ennis III,PHI,20,8,0,1,11,17.56668835393624,0.6875,0.6875,0.995679382,-3.449559298,-2.453879917,0.036182428,114.14888888888888,111.76,230,17.56668835393624,0.6875,True
41800211,2019-04-27,2019,playoff,James Ennis III,PHI,21,5,4,1,11,15.802871398024642,0.8136094674556213,0.9,0.995679382,-3.449559298,-2.453879917,0.036182428,114.14888888888888,111.76,230,15.802871398024642,0.8136094674556213,True
41800212,2019-04-29,2019,playoff,James Ennis III,PHI,24,10,5,0,13,22.923712889891014,0.5327868852459017,0.5,0.995679382,-3.449559298,-2.453879917,0.036182428,114.14888888888888,111.76,230,22.923712889891014,0.5327868852459017,True
41800213,2019-05-02,2019,playoff,James Ennis III,PHI,24,6,2,0,10,12.791884490913615,0.7267441860465116,0.6666666666666666,0.995679382,-3.449559298,-2.453879917,0.036182428,114.14888888888888,111.76,230,12.791884490913615,0.7267441860465116,True
41800214,2019-05-05,2019,playoff,James Ennis III,PHI,26,8,0,1,9,15.75824175824176,0.5625,0.5625,0.995679382,-3.449559298,-2.453879917,0.036182428,114.14888888888888,111.76,230,15.75824175824176,0.5625,True
41800215,2019-05-07,2019,playoff,James Ennis III,PHI,23,4,2,0,1,9.53590620420127,0.1024590163934426,0.0,0.995679382,-3.449559298,-2.453879917,0.036182428,114.14888888888888,111.76,230,9.53590620420127,0.1024590163934426,True
41800216,2019-05-09,2019,playoff,James Ennis III,PHI,26,6,2,1,5,12.436287117138182,0.3633720930232558,0.3333333333333333,0.995679382,-3.449559298,-2.453879917,0.036182428,114.14888888888888,111.76,230,12.436287117138182,0.3633720930232558,True
41800217,2019-05-12,2019,playoff,James Ennis III,PHI,14,4,2,1,6,21.54077253218884,0.6147540983606558,0.625,0.995679382,-3.449559298,-2.453879917,0.036182428,114.14888888888888,111.76,230,21.54077253218884,0.6147540983606558,True
41800121,2019-04-13,2019,playoff,Joel Embiid,PHI,24,15,18,3,22,43.94279877425945,0.4799301919720767,0.3333333333333333,3.080413958,13.32604053,16.40645449,3.389057914,114.14888888888888,111.76,334,43.94279877425945,0.4799301919720767,True
41800122,2019-04-15,2019,playoff,Joel Embiid,PHI,21,12,8,2,23,32.27410886985355,0.740979381443299,0.6666666666666666,3.080413958,13.32604053,16.40645449,3.389057914,114.14888888888888,111.76,334,32.27410886985355,0.740979381443299,True
41800124,2019-04-20,2019,playoff,Joel Embiid,PHI,32,22,6,5,31,38.08908293186511,0.6290584415584416,0.5681818181818182,3.080413958,13.32604053,16.40645449,3.389057914,114.14888888888888,111.76,334,38.08908293186511,0.6290584415584416,True
41800125,2019-04-23,2019,playoff,Joel Embiid,PHI,20,18,3,2,23,41.61353285621341,0.5952380952380952,0.5555555555555556,3.080413958,13.32604053,16.40645449,3.389057914,114.14888888888888,111.76,334,41.61353285621341,0.5952380952380952,True
41800211,2019-04-27,2019,playoff,Joel Embiid,PHI,30,18,6,0,16,29.42266571632217,0.3875968992248061,0.3055555555555556,3.080413958,13.32604053,16.40645449,3.389057914,114.14888888888888,111.76,334,29.42266571632217,0.3875968992248061,True
41800212,2019-04-29,2019,playoff,Joel Embiid,PHI,32,7,8,6,12,23.280721533258173,0.5703422053231939,0.2857142857142857,3.080413958,13.32604053,16.40645449,3.389057914,114.14888888888888,111.76,334,23.280721533258173,0.5703422053231939,True
41800213,2019-05-02,2019,playoff,Joel Embiid,PHI,28,18,13,3,33,42.582951029552966,0.6956155143338955,0.5833333333333334,3.080413958,13.32604053,16.40645449,3.389057914,114.14888888888888,111.76,334,42.582951029552966,0.6956155143338955,True
41800214,2019-05-05,2019,playoff,Joel Embiid,PHI,35,7,10,2,11,17.429115646258502,0.4824561403508772,0.2857142857142857,3.080413958,13.32604053,16.40645449,3.389057914,114.14888888888888,111.76,334,17.429115646258502,0.4824561403508772,True
41800215,2019-05-07,2019,playoff,Joel Embiid,PHI,31,10,2,8,13,27.37223631750635,0.5974264705882353,0.6,3.080413958,13.32604053,16.40645449,3.389057914,114.14888888888888,111.76,334,27.37223631750635,0.5974264705882353,True
41800216,2019-05-09,2019,playoff,Joel Embiid,PHI,36,14,7,5,17,25.167173252279635,0.4976580796252928,0.4285714285714285,3.080413958,13.32604053,16.40645449,3.389057914,114.14888888888888,111.76,334,25.167173252279635,0.4976580796252928,True
41800217,2019-05-12,2019,playoff,Joel Embiid,PHI,45,18,9,4,21,29.587219837863618,0.4781420765027322,0.3611111111111111,3.080413958,13.32604053,16.40645449,3.389057914,114.14888888888888,111.76,334,29.587219837863618,0.4781420765027322,True
41800121,2019-04-13,2019,playoff,T.J. McConnell,PHI,16,4,0,0,4,10.171944160708204,0.5,0.5,-3.512449961,-7.738653539,-11.2511035,-0.330131884,114.14888888888888,111.76,63,10.171944160708204,0.5,True
41800122,2019-04-15,2019,playoff,T.J. McConnell,PHI,10,5,0,0,8,19.342359767891683,0.8,0.8,-3.512449961,-7.738653539,-11.2511035,-0.330131884,114.14888888888888,111.76,63,19.342359767891683,0.8,True
41800125,2019-04-23,2019,playoff,T.J. McConnell,PHI,23,8,0,0,6,13.57811660207632,0.375,0.375,-3.512449961,-7.738653539,-11.2511035,-0.330131884,114.14888888888888,111.76,63,13.57811660207632,0.375,True
41800213,2019-05-02,2019,playoff,T.J. McConnell,PHI,5,1,0,0,0,8.924570575056011,0.0,0.0,-3.512449961,-7.738653539,-11.2511035,-0.330131884,114.14888888888888,111.76,63,8.924570575056011,0.0,True
41800215,2019-05-07,2019,playoff,T.J. McConnell,PHI,9,3,0,0,0,14.9812734082397,0.0,0.0,-3.512449961,-7.738653539,-11.2511035,-0.330131884,114.14888888888888,111.76,63,14.9812734082397,0.0,True
41800121,2019-04-13,2019,playoff,Tobias Harris,PHI,41,7,0,0,4,6.946693573166578,0.2857142857142857,0.2857142857142857,-0.193402637,-0.207351586,-0.400754222,1.127042809,114.14888888888888,111.76,443,6.946693573166578,0.2857142857142857,True
41800122,2019-04-15,2019,playoff,Tobias Harris,PHI,29,12,7,0,19,20.116054158607348,0.629973474801061,0.5,-0.193402637,-0.207351586,-0.400754222,1.127042809,114.14888888888888,111.76,443,20.116054158607348,0.629973474801061,True
41800123,2019-04-18,2019,playoff,Tobias Harris,PHI,36,20,1,3,29,24.922913343965973,0.7093933463796477,0.7,-0.193402637,-0.207351586,-0.400754222,1.127042809,114.14888888888888,111.76,443,24.922913343965973,0.7093933463796477,True
41800124,2019-04-20,2019,playoff,Tobias Harris,PHI,43,20,6,1,24,22.607436098529107,0.5300353356890459,0.5,-0.193402637,-0.207351586,-0.400754222,1.127042809,114.14888888888888,111.76,443,22.607436098529107,0.5300353356890459,True
41800125,2019-04-23,2019,playoff,Tobias Harris,PHI,27,8,0,0,12,11.566543772139088,0.75,0.75,-0.193402637,-0.207351586,-0.400754222,1.127042809,114.14888888888888,111.76,443,11.566543772139088,0.75,True
41800211,2019-04-27,2019,playoff,Tobias Harris,PHI,38,17,0,5,14,24.75897512848407,0.4117647058823529,0.4117647058823529,-0.193402637,-0.207351586,-0.400754222,1.127042809,114.14888888888888,111.76,443,24.75897512848407,0.4117647058823529,True
41800212,2019-04-29,2019,playoff,Tobias Harris,PHI,36,11,2,2,9,17.386947262933734,0.3787878787878788,0.3181818181818182,-0.193402637,-0.207351586,-0.400754222,1.127042809,114.14888888888888,111.76,443,17.386947262933734,0.3787878787878788,True
41800213,2019-05-02,2019,playoff,Tobias Harris,PHI,37,11,2,2,13,16.739599943483437,0.5471380471380471,0.5454545454545454,-0.193402637,-0.207351586,-0.400754222,1.127042809,114.14888888888888,111.76,443,16.739599943483437,0.5471380471380471,True
41800214,2019-05-05,2019,playoff,Tobias Harris,PHI,41,23,0,2,16,27.75842044134727,0.3478260869565217,0.3478260869565217,-0.193402637,-0.207351586,-0.400754222,1.127042809,114.14888888888888,111.76,443,27.75842044134727,0.3478260869565217,True
41800215,2019-05-07,2019,playoff,Tobias Harris,PHI,34,12,2,1,15,18.347653668208856,0.5822981366459627,0.5416666666666666,-0.193402637,-0.207351586,-0.400754222,1.127042809,114.14888888888888,111.76,443,18.347653668208856,0.5822981366459627,True
41800216,2019-05-09,2019,playoff,Tobias Harris,PHI,39,17,2,2,16,20.916530278232408,0.447427293064877,0.4117647058823529,-0.193402637,-0.207351586,-0.400754222,1.127042809,114.14888888888888,111.76,443,20.916530278232408,0.447427293064877,True
41800217,2019-05-12,2019,playoff,Tobias Harris,PHI,42,9,4,2,15,15.581647251175148,0.6970260223048327,0.6666666666666666,-0.193402637,-0.207351586,-0.400754222,1.127042809,114.14888888888888,111.76,443,15.581647251175148,0.6970260223048327,True
41800161,2019-04-14,2019,playoff,Damian Lillard,POR,39,21,8,6,30,32.415496136586924,0.6117455138662317,0.5476190476190477,6.778516144,-0.381945411,6.396570733,13.34053237,116.9090909090909,114.2909090909091,652,32.415496136586924,0.6117455138662317,True
41800162,2019-04-16,2019,playoff,Damian Lillard,POR,37,21,7,2,29,30.668338241153776,0.6021594684385383,0.5714285714285714,6.778516144,-0.381945411,6.396570733,13.34053237,116.9090909090909,114.2909090909091,652,30.668338241153776,0.6021594684385383,True
41800163,2019-04-19,2019,playoff,Damian Lillard,POR,37,21,10,4,32,34.33081701278187,0.6299212598425197,0.5476190476190477,6.778516144,-0.381945411,6.396570733,13.34053237,116.9090909090909,114.2909090909091,652,34.33081701278187,0.6299212598425197,True
41800164,2019-04-21,2019,playoff,Damian Lillard,POR,41,19,6,4,24,26.995814588898657,0.5545286506469501,0.4736842105263157,6.778516144,-0.381945411,6.396570733,13.34053237,116.9090909090909,114.2909090909091,652,26.995814588898657,0.5545286506469501,True
41800165,2019-04-23,2019,playoff,Damian Lillard,POR,45,33,8,6,50,39.39772990502664,0.6845564074479736,0.6666666666666666,6.778516144,-0.381945411,6.396570733,13.34053237,116.9090909090909,114.2909090909091,652,39.39772990502664,0.6845564074479736,True
41800231,2019-04-29,2019,playoff,Damian Lillard,POR,43,21,13,6,39,33.406011311791936,0.7297904191616766,0.6666666666666666,6.778516144,-0.381945411,6.396570733,13.34053237,116.9090909090909,114.2909090909091,652,33.406011311791936,0.7297904191616766,True
41800232,2019-05-01,2019,playoff,Damian Lillard,POR,39,17,4,3,14,25.90860135368806,0.3731343283582089,0.3235294117647059,6.778516144,-0.381945411,6.396570733,13.34053237,116.9090909090909,114.2909090909091,652,25.90860135368806,0.3731343283582089,True
41800233,2019-05-03,2019,playoff,Damian Lillard,POR,58,24,6,2,28,22.487229463221777,0.5255255255255256,0.4583333333333333,6.778516144,-0.381945411,6.396570733,13.34053237,116.9090909090909,114.2909090909091,652,22.487229463221777,0.5255255255255256,True
41800234,2019-05-05,2019,playoff,Damian Lillard,POR,36,22,11,2,28,35.49975381585426,0.5216095380029806,0.4545454545454545,6.778516144,-0.381945411,6.396570733,13.34053237,116.9090909090909,114.2909090909091,652,35.49975381585426,0.5216095380029806,True
41800235,2019-05-07,2019,playoff,Damian Lillard,POR,32,21,5,1,22,30.843643344709896,0.4741379310344827,0.4761904761904761,6.778516144,-0.381945411,6.396570733,13.34053237,116.9090909090909,114.2909090909091,652,30.843643344709896,0.4741379310344827,True
41800236,2019-05-09,2019,playoff,Damian Lillard,POR,36,23,4,5,32,35.832134292565954,0.6462035541195477,0.6086956521739131,6.778516144,-0.381945411,6.396570733,13.34053237,116.9090909090909,114.2909090909091,652,35.832134292565954,0.6462035541195477,True
41800237,2019-05-12,2019,playoff,Damian Lillard,POR,45,17,6,1,13,20.38328994669642,0.3309572301425661,0.2352941176470588,6.778516144,-0.381945411,6.396570733,13.34053237,116.9090909090909,114.2909090909091,652,20.38328994669642,0.3309572301425661,True
41800311,2019-05-14,2019,playoff,Damian Lillard,POR,37,12,9,7,19,25.530569672018157,0.5952380952380952,0.4166666666666667,6.778516144,-0.381945411,6.396570733,13.34053237,116.9090909090909,114.2909090909091,652,25.530569672018157,0.5952380952380952,True
41800312,2019-05-16,2019,playoff,Damian Lillard,POR,43,16,7,2,23,22.099896466821527,0.6027253668763103,0.53125,6.778516144,-0.381945411,6.396570733,13.34053237,116.9090909090909,114.2909090909091,652,22.099896466821527,0.6027253668763103,True
41800313,2019-05-18,2019,playoff,Damian Lillard,POR,40,18,8,5,19,28.674809989142236,0.441449814126394,0.3611111111111111,6.778516144,-0.381945411,6.396570733,13.34053237,116.9090909090909,114.2909090909091,652,28.674809989142236,0.441449814126394,True
41800314,2019-05-20,2019,playoff,Damian Lillard,POR,44,24,2,4,28,30.408455181182447,0.5627009646302251,0.5416666666666666,6.778516144,-0.381945411,6.396570733,13.34053237,116.9090909090909,114.2909090909091,652,30.408455181182447,0.5627009646302251,True
41800161,2019-04-14,2019,playoff,Seth Curry,POR,16,6,0,0,8,15.533310321021748,0.6666666666666666,0.6666666666666666,0.131737555,2.739371882,2.871109436,0.953605426,116.9090909090909,114.2909090909091,311,15.533310321021748,0.6666666666666666,True
41800162,2019-04-16,2019,playoff,Seth Curry,POR,18,5,0,0,9,12.085980262895042,0.9,0.9,0.131737555,2.739371882,2.871109436,0.953605426,116.9090909090909,114.2909090909091,311,12.085980262895042,0.9,True
41800164,2019-04-21,2019,playoff,Seth Curry,POR,14,3,0,0,0,9.250293053361194,0.0,0.0,0.131737555,2.739371882,2.871109436,0.953605426,116.9090909090909,114.2909090909091,311,9.250293053361194,0.0,True
41800165,2019-04-23,2019,playoff,Seth Curry,POR,27,8,0,0,7,12.35425835842792,0.4375,0.4375,0.131737555,2.739371882,2.871109436,0.953605426,116.9090909090909,114.2909090909091,311,12.35425835842792,0.4375,True
41800231,2019-04-29,2019,playoff,Seth Curry,POR,16,3,3,0,4,11.85341660543718,0.4629629629629629,0.5,0.131737555,2.739371882,2.871109436,0.953605426,116.9090909090909,114.2909090909091,311,11.85341660543718,0.4629629629629629,True
41800232,2019-05-01,2019,playoff,Seth Curry,POR,17,4,0,0,3,10.925988892666895,0.375,0.375,0.131737555,2.739371882,2.871109436,0.953605426,116.9090909090909,114.2909090909091,311,10.925988892666895,0.375,True
41800233,2019-05-03,2019,playoff,Seth Curry,POR,20,6,2,0,5,15.66568443611037,0.3633720930232558,0.25,0.131737555,2.739371882,2.871109436,0.953605426,116.9090909090909,114.2909090909091,311,15.66568443611037,0.3633720930232558,True
41800234,2019-05-05,2019,playoff,Seth Curry,POR,27,9,0,1,16,16.412276382734287,0.8888888888888888,0.8888888888888888,0.131737555,2.739371882,2.871109436,0.953605426,116.9090909090909,114.2909090909091,311,16.412276382734287,0.8888888888888888,True
41800235,2019-05-07,2019,playoff,Seth Curry,POR,26,10,0,0,7,15.686531898135993,0.35,0.35,0.131737555,2.739371882,2.871109436,0.953605426,116.9090909090909,114.2909090909091,311,15.686531898135993,0.35,True
41800236,2019-05-09,2019,playoff,Seth Curry,POR,21,3,0,1,3,8.256252141144227,0.5,0.5,0.131737555,2.739371882,2.871109436,0.953605426,116.9090909090909,114.2909090909091,311,8.256252141144227,0.5,True
41800237,2019-05-12,2019,playoff,Seth Curry,POR,16,2,0,0,0,5.5550390479732235,0.0,0.0,0.131737555,2.739371882,2.871109436,0.953605426,116.9090909090909,114.2909090909091,311,5.5550390479732235,0.0,True
41800311,2019-05-14,2019,playoff,Seth Curry,POR,19,7,0,0,3,15.15775157035738,0.2142857142857142,0.2142857142857142,0.131737555,2.739371882,2.871109436,0.953605426,116.9090909090909,114.2909090909091,311,15.15775157035738,0.2142857142857142,True
41800312,2019-05-16,2019,playoff,Seth Curry,POR,29,9,2,1,16,16.912935227111475,0.8097165991902834,0.7777777777777778,0.131737555,2.739371882,2.871109436,0.953605426,116.9090909090909,114.2909090909091,311,16.912935227111475,0.8097165991902834,True
41800313,2019-05-18,2019,playoff,Seth Curry,POR,30,6,0,1,5,10.091687778984197,0.4166666666666667,0.4166666666666667,0.131737555,2.739371882,2.871109436,0.953605426,116.9090909090909,114.2909090909091,311,10.091687778984197,0.4166666666666667,True
41800314,2019-05-20,2019,playoff,Seth Curry,POR,15,1,1,1,1,7.536130536130536,0.3472222222222222,0.0,0.131737555,2.739371882,2.871109436,0.953605426,116.9090909090909,114.2909090909091,311,7.536130536130536,0.3472222222222222,True
41800161,2019-04-14,2019,playoff,Zach Collins,POR,14,1,0,2,2,8.876177326298142,1.0,1.0,-1.090822904,0.821034621,-0.269788283,0.356569766,116.9090909090909,114.2909090909091,265,8.876177326298142,1.0,True
41800162,2019-04-16,2019,playoff,Zach Collins,POR,14,5,0,3,6,24.862587969384087,0.6,0.6,-1.090822904,0.821034621,-0.269788283,0.356569766,116.9090909090909,114.2909090909091,265,24.862587969384087,0.6,True
41800163,2019-04-19,2019,playoff,Zach Collins,POR,14,2,0,0,4,6.17220714029606,1.0,1.0,-1.090822904,0.821034621,-0.269788283,0.356569766,116.9090909090909,114.2909090909091,265,6.17220714029606,1.0,True
41800164,2019-04-21,2019,playoff,Zach Collins,POR,16,5,4,2,10,23.63449875133785,0.7396449704142012,0.7,-1.090822904,0.821034621,-0.269788283,0.356569766,116.9090909090909,114.2909090909091,265,23.63449875133785,0.7396449704142012,True
41800165,2019-04-23,2019,playoff,Zach Collins,POR,10,4,0,0,2,16.67824878387769,0.25,0.25,-1.090822904,0.821034621,-0.269788283,0.356569766,116.9090909090909,114.2909090909091,265,16.67824878387769,0.25,True
41800231,2019-04-29,2019,playoff,Zach Collins,POR,19,3,0,2,4,11.553037627131754,0.6666666666666666,0.6666666666666666,-1.090822904,0.821034621,-0.269788283,0.356569766,116.9090909090909,114.2909090909091,265,11.553037627131754,0.6666666666666666,True
41800232,2019-05-01,2019,playoff,Zach Collins,POR,17,6,0,1,10,19.120480562167067,0.8333333333333334,0.8333333333333334,-1.090822904,0.821034621,-0.269788283,0.356569766,116.9090909090909,114.2909090909091,265,19.120480562167067,0.8333333333333334,True
41800233,2019-05-03,2019,playoff,Zach Collins,POR,18,7,1,3,8,26.413072595767485,0.5376344086021505,0.5,-1.090822904,0.821034621,-0.269788283,0.356569766,116.9090909090909,114.2909090909091,265,26.413072595767485,0.5376344086021505,True
41800234,2019-05-05,2019,playoff,Zach Collins,POR,21,5,0,1,4,12.660898923823591,0.4,0.4,-1.090822904,0.821034621,-0.269788283,0.356569766,116.9090909090909,114.2909090909091,265,12.660898923823591,0.4,True
41800235,2019-05-07,2019,playoff,Zach Collins,POR,21,10,4,0,14,22.839590443686,0.5952380952380952,0.55,-1.090822904,0.821034621,-0.269788283,0.356569766,116.9090909090909,114.2909090909091,265,22.839590443686,0.5952380952380952,True
41800236,2019-05-09,2019,playoff,Zach Collins,POR,29,8,5,0,14,15.245596626147355,0.6862745098039216,0.5625,-1.090822904,0.821034621,-0.269788283,0.356569766,116.9090909090909,114.2909090909091,265,15.245596626147355,0.6862745098039216,True
41800237,2019-05-12,2019,playoff,Zach Collins,POR,23,6,2,1,7,15.225637460184002,0.5087209302325582,0.4166666666666667,-1.090822904,0.821034621,-0.269788283,0.356569766,116.9090909090909,114.2909090909091,265,15.225637460184002,0.5087209302325582,True
41800311,2019-05-14,2019,playoff,Zach Collins,POR,18,6,6,1,8,22.034077600211567,0.4629629629629629,0.3333333333333333,-1.090822904,0.821034621,-0.269788283,0.356569766,116.9090909090909,114.2909090909091,265,22.034077600211567,0.4629629629629629,True
41800313,2019-05-18,2019,playoff,Zach Collins,POR,20,6,2,1,6,17.040535649656167,0.436046511627907,0.4166666666666667,-1.090822904,0.821034621,-0.269788283,0.356569766,116.9090909090909,114.2909090909091,265,17.040535649656167,0.436046511627907,True
41800314,2019-05-20,2019,playoff,Zach Collins,POR,11,7,1,1,10,35.54672600127146,0.6720430107526881,0.6428571428571429,-1.090822904,0.821034621,-0.269788283,0.356569766,116.9090909090909,114.2909090909091,265,35.54672600127146,0.6720430107526881,True
41800151,2019-04-13,2019,playoff,Bryn Forbes,SAS,30,9,0,0,15,14.007782101167315,0.8333333333333334,0.8333333333333334,0.784976214,-0.322996944,0.46197927,0.351948865,,,211,14.007782101167315,0.8333333333333334,False
41800152,2019-04-16,2019,playoff,Bryn Forbes,SAS,26,6,0,1,5,12.027318475916603,0.4166666666666667,0.4166666666666667,0.784976214,-0.322996944,0.46197927,0.351948865,,,211,12.027318475916603,0.4166666666666667,False
41800153,2019-04-18,2019,playoff,Bryn Forbes,SAS,34,10,2,0,10,14.1987532086542,0.4595588235294117,0.45,0.784976214,-0.322996944,0.46197927,0.351948865,,,211,14.1987532086542,0.4595588235294117,False
41800154,2019-04-20,2019,playoff,Bryn Forbes,SAS,28,6,2,1,10,13.2333184057322,0.7267441860465116,0.6666666666666666,0.784976214,-0.322996944,0.46197927,0.351948865,,,211,13.2333184057322,0.7267441860465116,False
41800155,2019-04-23,2019,playoff,Bryn Forbes,SAS,24,6,2,0,4,13.281853281853284,0.2906976744186046,0.25,0.784976214,-0.322996944,0.46197927,0.351948865,,,211,13.281853281853284,0.2906976744186046,False
41800156,2019-04-25,2019,playoff,Bryn Forbes,SAS,30,8,0,1,12,14.62225832656377,0.75,0.75,0.784976214,-0.322996944,0.46197927,0.351948865,,,211,14.62225832656377,0.75,False
41800157,2019-04-27,2019,playoff,Bryn Forbes,SAS,39,11,3,0,19,15.19346385077848,0.7711038961038961,0.7727272727272727,0.784976214,-0.322996944,0.46197927,0.351948865,,,211,15.19346385077848,0.7711038961038961,False
41800151,2019-04-13,2019,playoff,Derrick White,SAS,28,10,3,4,16,25.54752640355753,0.7067137809187279,0.7,0.30842549,2.982970325,3.291395814,5.291939352,,,192,25.54752640355753,0.7067137809187279,False
41800152,2019-04-16,2019,playoff,Derrick White,SAS,32,11,2,3,17,20.772897196261685,0.7154882154882154,0.6818181818181818,0.30842549,2.982970325,3.291395814,5.291939352,,,192,20.772897196261685,0.7154882154882154,False
41800153,2019-04-18,2019,playoff,Derrick White,SAS,33,21,6,1,36,33.13042415352647,0.7614213197969543,0.7380952380952381,0.30842549,2.982970325,3.291395814,5.291939352,,,192,33.13042415352647,0.7614213197969543,False
41800154,2019-04-20,2019,playoff,Derrick White,SAS,28,8,4,4,8,23.107926556202425,0.4098360655737705,0.375,0.30842549,2.982970325,3.291395814,5.291939352,,,192,23.107926556202425,0.4098360655737705,False
41800155,2019-04-23,2019,playoff,Derrick White,SAS,22,11,3,1,12,28.051948051948056,0.487012987012987,0.5,0.30842549,2.982970325,3.291395814,5.291939352,,,192,28.051948051948056,0.487012987012987,False
41800156,2019-04-25,2019,playoff,Derrick White,SAS,28,7,4,1,13,16.989671579436,0.7420091324200914,0.7142857142857143,0.30842549,2.982970325,3.291395814,5.291939352,,,192,16.989671579436,0.7420091324200914,False
41800157,2019-04-27,2019,playoff,Derrick White,SAS,21,7,4,1,4,22.35327798454051,0.228310502283105,0.0,0.30842549,2.982970325,3.291395814,5.291939352,,,192,22.35327798454051,0.228310502283105,False
41800151,2019-04-13,2019,playoff,Jakob Poeltl,SAS,24,5,0,0,6,9.72762645914397,0.6,0.6,2.698035806,-0.745944096,1.95209171,0.435787287,,,177,9.72762645914397,0.6,False
41800152,2019-04-16,2019,playoff,Jakob Poeltl,SAS,20,5,2,1,5,15.367476635514018,0.4251700680272109,0.4,2.698035806,-0.745944096,1.95209171,0.435787287,,,177,15.367476635514018,0.4251700680272109,False
41800153,2019-04-18,2019,playoff,Jakob Poeltl,SAS,31,5,4,0,10,9.675763275252256,0.7396449704142012,0.8,2.698035806,-0.745944096,1.95209171,0.435787287,,,177,9.675763275252256,0.7396449704142012,False
41800154,2019-04-20,2019,playoff,Jakob Poeltl,SAS,30,5,2,0,8,9.216300940438872,0.6802721088435374,0.6,2.698035806,-0.745944096,1.95209171,0.435787287,,,177,9.216300940438872,0.6802721088435374,False
41800155,2019-04-23,2019,playoff,Jakob Poeltl,SAS,26,7,1,1,12,15.04009504009504,0.8064516129032258,0.8571428571428571,2.698035806,-0.745944096,1.95209171,0.435787287,,,177,15.04009504009504,0.8064516129032258,False
41800156,2019-04-25,2019,playoff,Jakob Poeltl,SAS,28,6,0,1,8,12.185215272136476,0.6666666666666666,0.6666666666666666,2.698035806,-0.745944096,1.95209171,0.435787287,,,177,12.185215272136476,0.6666666666666666,False
41800157,2019-04-27,2019,playoff,Jakob Poeltl,SAS,18,3,0,0,2,8.016032064128257,0.3333333333333333,0.3333333333333333,2.698035806,-0.745944096,1.95209171,0.435787287,,,177,8.016032064128257,0.3333333333333333,False
41800111,2019-04-13,2019,playoff,Fred VanVleet,TOR,27,9,2,2,14,19.89449886963075,0.7085020242914979,0.7222222222222222,1.416380713,-0.935478294,0.480902419,2.861820995,106.90588235294118,104.91764705882352,591,19.89449886963075,0.7085020242914979,False
41800112,2019-04-16,2019,playoff,Fred VanVleet,TOR,21,5,0,0,2,11.355744505133549,0.2,0.2,1.416380713,-0.935478294,0.480902419,2.861820995,106.90588235294118,104.91764705882352,591,11.355744505133549,0.2,False
41800113,2019-04-19,2019,playoff,Fred VanVleet,TOR,24,7,0,2,4,17.169540229885055,0.2857142857142857,0.2857142857142857,1.416380713,-0.935478294,0.480902419,2.861820995,106.90588235294118,104.91764705882352,591,17.169540229885055,0.2857142857142857,False
41800114,2019-04-21,2019,playoff,Fred VanVleet,TOR,23,5,4,1,9,16.779055787830398,0.6656804733727811,0.5,1.416380713,-0.935478294,0.480902419,2.861820995,106.90588235294118,104.91764705882352,591,16.779055787830398,0.6656804733727811,False
41800115,2019-04-23,2019,playoff,Fred VanVleet,TOR,21,8,0,2,7,21.117094287825996,0.4375,0.4375,1.416380713,-0.935478294,0.480902419,2.861820995,106.90588235294118,104.91764705882352,591,21.117094287825996,0.4375,False
41800211,2019-04-27,2019,playoff,Fred VanVleet,TOR,24,2,4,0,3,7.553234230614704,0.398936170212766,0.5,1.416380713,-0.935478294,0.480902419,2.861820995,106.90588235294118,104.91764705882352,591,7.553234230614704,0.398936170212766,False
41800212,2019-04-29,2019,playoff,Fred VanVleet,TOR,18,2,0,0,0,5.003126954346467,0.0,0.0,1.416380713,-0.935478294,0.480902419,2.861820995,106.90588235294118,104.91764705882352,591,5.003126954346467,0.0,False
41800213,2019-05-02,2019,playoff,Fred VanVleet,TOR,21,7,1,0,1,16.65267752224274,0.0672043010752688,0.0,1.416380713,-0.935478294,0.480902419,2.861820995,106.90588235294118,104.91764705882352,591,16.65267752224274,0.0672043010752688,False
41800214,2019-05-05,2019,playoff,Fred VanVleet,TOR,7,2,0,0,0,13.654207202594302,0.0,0.0,1.416380713,-0.935478294,0.480902419,2.861820995,106.90588235294118,104.91764705882352,591,13.654207202594302,0.0,False
41800215,2019-05-07,2019,playoff,Fred VanVleet,TOR,16,5,0,2,5,19.714607585429967,0.5,0.5,1.416380713,-0.935478294,0.480902419,2.861820995,106.90588235294118,104.91764705882352,591,19.714607585429967,0.5,False
41800216,2019-05-09,2019,playoff,Fred VanVleet,TOR,16,1,2,0,1,5.377269288956126,0.2659574468085106,0.0,1.416380713,-0.935478294,0.480902419,2.861820995,106.90588235294118,104.91764705882352,591,5.377269288956126,0.2659574468085106,False
41800217,2019-05-12,2019,playoff,Fred VanVleet,TOR,15,5,4,1,4,23.03328365623447,0.2958579881656805,0.0,1.416380713,-0.935478294,0.480902419,2.861820995,106.90588235294118,104.91764705882352,591,23.03328365623447,0.2958579881656805,False
41800301,2019-05-15,2019,playoff,Fred VanVleet,TOR,13,4,0,0,2,13.03873431533006,0.25,0.25,1.416380713,-0.935478294,0.480902419,2.861820995,106.90588235294118,104.91764705882352,591,13.03873431533006,0.25,False
41800302,2019-05-17,2019,playoff,Fred VanVleet,TOR,24,5,0,1,5,10.81081081081081,0.5,0.5,1.416380713,-0.935478294,0.480902419,2.861820995,106.90588235294118,104.91764705882352,591,10.81081081081081,0.5,False
41800303,2019-05-19,2019,playoff,Fred VanVleet,TOR,31,11,0,3,3,20.08091719341979,0.1363636363636363,0.1363636363636363,1.416380713,-0.935478294,0.480902419,2.861820995,106.90588235294118,104.91764705882352,591,20.08091719341979,0.1363636363636363,False
41800304,2019-05-21,2019,playoff,Fred VanVleet,TOR,25,6,0,1,13,12.180560611576263,1.0833333333333333,1.0833333333333333,1.416380713,-0.935478294,0.480902419,2.861820995,106.90588235294118,104.91764705882352,591,12.180560611576263,1.0833333333333333,False
41800305,2019-05-23,2019,playoff,Fred VanVleet,TOR,37,13,0,0,21,16.27254425401859,0.8076923076923077,0.8076923076923077,1.416380713,-0.935478294,0.480902419,2.861820995,106.90588235294118,104.91764705882352,591,16.27254425401859,0.8076923076923077,False
41800306,2019-05-25,2019,playoff,Fred VanVleet,TOR,34,6,0,0,14,9.004370321997285,1.1666666666666667,1.1666666666666667,1.416380713,-0.935478294,0.480902419,2.861820995,106.90588235294118,104.91764705882352,591,9.004370321997285,1.1666666666666667,False
41800401,2019-05-30,2019,playoff,Fred VanVleet,TOR,33,8,6,1,15,16.819800697917046,0.7048872180451128,0.6875,1.416380713,-0.935478294,0.480902419,2.861820995,106.90588235294118,104.91764705882352,591,16.819800697917046,0.7048872180451128,False
41800402,2019-06-02,2019,playoff,Fred VanVleet,TOR,38,17,1,2,17,20.38840042650632,0.4873853211009173,0.4705882352941176,1.416380713,-0.935478294,0.480902419,2.861820995,106.90588235294118,104.91764705882352,591,20.38840042650632,0.4873853211009173,False
41800403,2019-06-05,2019,playoff,Fred VanVleet,TOR,33,8,0,0,11,11.010907248079429,0.6875,0.6875,1.416380713,-0.935478294,0.480902419,2.861820995,106.90588235294118,104.91764705882352,591,11.010907248079429,0.6875,False
41800404,2019-06-07,2019,playoff,Fred VanVleet,TOR,29,9,0,2,8,17.319778913120174,0.4444444444444444,0.4444444444444444,1.416380713,-0.935478294,0.480902419,2.861820995,106.90588235294118,104.91764705882352,591,17.319778913120174,0.4444444444444444,False
41800405,2019-06-10,2019,playoff,Fred VanVleet,TOR,27,7,2,0,11,12.643017972468284,0.6979695431472082,0.6428571428571429,1.416380713,-0.935478294,0.480902419,2.861820995,106.90588235294118,104.91764705882352,591,12.643017972468284,0.6979695431472082,False
41800406,2019-06-13,2019,playoff,Fred VanVleet,TOR,34,14,5,1,22,22.839574196107815,0.6790123456790124,0.6071428571428571,1.416380713,-0.935478294,0.480902419,2.861820995,106.90588235294118,104.91764705882352,591,22.839574196107815,0.6790123456790124,False
41800111,2019-04-13,2019,playoff,Norman Powell,TOR,16,4,2,0,4,13.790504898266768,0.4098360655737705,0.25,-1.03765579,-1.175968066,-2.213623856,0.309181978,106.90588235294118,104.91764705882352,356,13.790504898266768,0.4098360655737705,False
41800112,2019-04-16,2019,playoff,Norman Powell,TOR,26,10,0,0,5,18.343894969831116,0.25,0.25,-1.03765579,-1.175968066,-2.213623856,0.309181978,106.90588235294118,104.91764705882352,356,18.343894969831116,0.25,False
41800113,2019-04-19,2019,playoff,Norman Powell,TOR,14,5,0,1,8,19.622331691297205,0.8,0.8,-1.03765579,-1.175968066,-2.213623856,0.309181978,106.90588235294118,104.91764705882352,356,19.622331691297205,0.8,False
41800114,2019-04-21,2019,playoff,Norman Powell,TOR,21,9,1,0,16,22.355600102195233,0.8474576271186441,0.8333333333333334,-1.03765579,-1.175968066,-2.213623856,0.309181978,106.90588235294118,104.91764705882352,356,22.355600102195233,0.8474576271186441,False
41800115,2019-04-23,2019,playoff,Norman Powell,TOR,18,9,0,0,11,22.172949002217297,0.6111111111111112,0.6111111111111112,-1.03765579,-1.175968066,-2.213623856,0.309181978,106.90588235294118,104.91764705882352,356,22.172949002217297,0.6111111111111112,False
41800211,2019-04-27,2019,playoff,Norman Powell,TOR,12,2,0,1,0,12.053033346725591,0.0,0.0,-1.03765579,-1.175968066,-2.213623856,0.309181978,106.90588235294118,104.91764705882352,356,12.053033346725591,0.0,False
41800212,2019-04-29,2019,playoff,Norman Powell,TOR,16,3,0,0,3,8.442776735459663,0.5,0.5,-1.03765579,-1.175968066,-2.213623856,0.309181978,106.90588235294118,104.91764705882352,356,8.442776735459663,0.5,False
41800213,2019-05-02,2019,playoff,Norman Powell,TOR,16,5,0,0,6,14.688601645123384,0.6,0.6,-1.03765579,-1.175968066,-2.213623856,0.309181978,106.90588235294118,104.91764705882352,356,14.688601645123384,0.6,False
41800215,2019-05-07,2019,playoff,Norman Powell,TOR,10,6,0,0,7,27.037176117161092,0.5833333333333334,0.5833333333333334,-1.03765579,-1.175968066,-2.213623856,0.309181978,106.90588235294118,104.91764705882352,356,27.037176117161092,0.5833333333333334,False
41800216,2019-05-09,2019,playoff,Norman Powell,TOR,9,2,0,0,5,10.16977643301395,1.25,1.25,-1.03765579,-1.175968066,-2.213623856,0.309181978,106.90588235294118,104.91764705882352,356,10.16977643301395,1.25,False
41800301,2019-05-15,2019,playoff,Norman Powell,TOR,10,5,0,0,6,21.187943262411345,0.6,0.6,-1.03765579,-1.175968066,-2.213623856,0.309181978,106.90588235294118,104.91764705882352,356,21.187943262411345,0.6,False
41800302,2019-05-17,2019,playoff,Norman Powell,TOR,25,9,0,1,14,17.2972972972973,0.7777777777777778,0.7777777777777778,-1.03765579,-1.175968066,-2.213623856,0.309181978,106.90588235294118,104.91764705882352,356,17.2972972972973,0.7777777777777778,False
41800303,2019-05-19,2019,playoff,Norman Powell,TOR,30,13,2,2,19,23.53674741899213,0.6844380403458213,0.6538461538461539,-1.03765579,-1.175968066,-2.213623856,0.309181978,106.90588235294118,104.91764705882352,356,23.53674741899213,0.6844380403458213,False
41800304,2019-05-21,2019,playoff,Norman Powell,TOR,32,18,3,3,18,30.34264652348016,0.4658385093167702,0.4444444444444444,-1.03765579,-1.175968066,-2.213623856,0.309181978,106.90588235294118,104.91764705882352,356,30.34264652348016,0.4658385093167702,False
41800305,2019-05-23,2019,playoff,Norman Powell,TOR,24,7,6,1,8,20.532612890775763,0.4149377593360995,0.3571428571428571,-1.03765579,-1.175968066,-2.213623856,0.309181978,106.90588235294118,104.91764705882352,356,20.532612890775763,0.4149377593360995,False
41800306,2019-05-25,2019,playoff,Norman Powell,TOR,17,5,3,1,9,21.970663585673385,0.7120253164556962,0.7,-1.03765579,-1.175968066,-2.213623856,0.309181978,106.90588235294118,104.91764705882352,356,21.970663585673385,0.7120253164556962,False
41800401,2019-05-30,2019,playoff,Norman Powell,TOR,5,1,2,0,2,17.929560743965176,0.5319148936170213,0.0,-1.03765579,-1.175968066,-2.213623856,0.309181978,106.90588235294118,104.91764705882352,356,17.929560743965176,0.5319148936170213,False
41800402,2019-06-02,2019,playoff,Norman Powell,TOR,21,7,0,1,7,15.182426341509704,0.5,0.5,-1.03765579,-1.175968066,-2.213623856,0.309181978,106.90588235294118,104.91764705882352,356,15.182426341509704,0.5,False
41800405,2019-06-10,2019,playoff,Norman Powell,TOR,12,2,0,0,2,7.21999757311006,0.5,0.5,-1.03765579,-1.175968066,-2.213623856,0.309181978,106.90588235294118,104.91764705882352,356,7.21999757311006,0.5,False
41800406,2019-06-13,2019,playoff,Norman Powell,TOR,11,2,0,1,0,12.313089682891109,0.0,0.0,-1.03765579,-1.175968066,-2.213623856,0.309181978,106.90588235294118,104.91764705882352,356,12.313089682891109,0.0,False
41800171,2019-04-14,2019,playoff,Donovan Mitchell,UTA,35,18,3,5,19,31.07613344739093,0.4917184265010352,0.4722222222222222,1.972869792,-0.722714925,1.250154867,5.328962791,120.2375,118.5,193,31.07613344739093,0.4917184265010352,True
41800172,2019-04-17,2019,playoff,Donovan Mitchell,UTA,37,19,2,4,11,26.381055410906157,0.2766599597585513,0.2894736842105263,1.972869792,-0.722714925,1.250154867,5.328962791,120.2375,118.5,193,26.381055410906157,0.2766599597585513,True
41800173,2019-04-20,2019,playoff,Donovan Mitchell,UTA,42,27,17,3,34,39.930154014817965,0.4930394431554524,0.4074074074074074,1.972869792,-0.722714925,1.250154867,5.328962791,120.2375,118.5,193,39.930154014817965,0.4930394431554524,True
41800174,2019-04-22,2019,playoff,Donovan Mitchell,UTA,40,26,6,4,31,35.293610911701364,0.5412011173184358,0.4807692307692308,1.972869792,-0.722714925,1.250154867,5.328962791,120.2375,118.5,193,35.293610911701364,0.5412011173184358,True
41800175,2019-04-24,2019,playoff,Donovan Mitchell,UTA,39,22,5,5,12,30.622410990509145,0.2479338842975206,0.1818181818181818,1.972869792,-0.722714925,1.250154867,5.328962791,120.2375,118.5,193,30.622410990509145,0.2479338842975206,True
41800171,2019-04-14,2019,playoff,Ricky Rubio,UTA,32,11,4,2,15,20.62850860778443,0.5877742946708464,0.5,5.902413959,-2.354315258,3.548098701,0.569421847,120.2375,118.5,169,20.62850860778443,0.5877742946708464,True
41800172,2019-04-17,2019,playoff,Ricky Rubio,UTA,32,17,2,2,17,25.393699118046133,0.4753914988814318,0.4411764705882353,5.902413959,-2.354315258,3.548098701,0.569421847,120.2375,118.5,169,25.393699118046133,0.4753914988814318,True
41800173,2019-04-20,2019,playoff,Ricky Rubio,UTA,31,6,6,5,10,19.68808020794653,0.5787037037037037,0.5,5.902413959,-2.354315258,3.548098701,0.569421847,120.2375,118.5,169,19.68808020794653,0.5787037037037037,True
41800174,2019-04-22,2019,playoff,Ricky Rubio,UTA,39,17,6,3,18,25.10832551033556,0.4582484725050916,0.3823529411764705,5.902413959,-2.354315258,3.548098701,0.569421847,120.2375,118.5,169,25.10832551033556,0.4582484725050916,True
41800175,2019-04-24,2019,playoff,Ricky Rubio,UTA,35,15,2,3,17,22.062518258837276,0.535264483627204,0.5,5.902413959,-2.354315258,3.548098701,0.569421847,120.2375,118.5,169,22.062518258837276,0.535264483627204,True
41800171,2019-04-14,2019,playoff,Royce O'Neale,UTA,15,5,0,1,2,17.889221556886227,0.2,0.2,-3.305369061,7.635021962,4.329652902,0.510390755,120.2375,118.5,137,17.889221556886227,0.2,True
41800172,2019-04-17,2019,playoff,Royce O'Neale,UTA,27,10,0,3,17,19.68063721795065,0.85,0.85,-3.305369061,7.635021962,4.329652902,0.510390755,120.2375,118.5,137,19.68063721795065,0.85,True
41800173,2019-04-20,2019,playoff,Royce O'Neale,UTA,29,8,0,1,5,13.886576949178586,0.3125,0.3125,-3.305369061,7.635021962,4.329652902,0.510390755,120.2375,118.5,137,13.886576949178586,0.3125,True
41800174,2019-04-22,2019,playoff,Royce O'Neale,UTA,33,9,4,2,11,16.724096673845416,0.5111524163568774,0.4444444444444444,-3.305369061,7.635021962,4.329652902,0.510390755,120.2375,118.5,137,16.724096673845416,0.5111524163568774,True
41800175,2019-04-24,2019,playoff,Royce O'Neale,UTA,33,13,0,3,18,19.830203879283633,0.6923076923076923,0.6923076923076923,-3.305369061,7.635021962,4.329652902,0.510390755,120.2375,118.5,137,19.830203879283633,0.6923076923076923,True
41900111,2020-08-17,2020,playoff,Caris LeVert,BKN,35,14,6,5,15,26.03538570417551,0.4507211538461538,0.3571428571428571,1.95669976969413,-5.26310332468302,-3.30640355498889,-0.04214739021616,115.24583333333334,112.775,139,26.03538570417551,0.4507211538461538,True
41900112,2020-08-19,2020,playoff,Caris LeVert,BKN,39,22,9,2,16,30.21804328442895,0.3081664098613251,0.2272727272727272,1.95669976969413,-5.26310332468302,-3.30640355498889,-0.04214739021616,115.24583333333334,112.775,139,30.21804328442895,0.3081664098613251,True
41900113,2020-08-21,2020,playoff,Caris LeVert,BKN,34,14,0,3,15,21.21050763223287,0.5357142857142857,0.5357142857142857,1.95669976969413,-5.26310332468302,-3.30640355498889,-0.04214739021616,115.24583333333334,112.775,139,21.21050763223287,0.5357142857142857,True
41900114,2020-08-23,2020,playoff,Caris LeVert,BKN,31,23,10,3,35,37.35938727014982,0.6386861313868614,0.6086956521739131,1.95669976969413,-5.26310332468302,-3.30640355498889,-0.04214739021616,115.24583333333334,112.775,139,37.35938727014982,0.6386861313868614,True
41900111,2020-08-17,2020,playoff,Garrett Temple,BKN,34,15,1,0,12,19.122434536447276,0.38860103626943,0.3666666666666666,-1.81191179648788,-0.018265361028075,-1.83017715751596,0.06649055916962,115.24583333333334,112.775,137,19.122434536447276,0.38860103626943,True
41900112,2020-08-19,2020,playoff,Garrett Temple,BKN,35,13,4,1,21,18.979376787595967,0.7113821138211383,0.6538461538461539,-1.81191179648788,-0.018265361028075,-1.83017715751596,0.06649055916962,115.24583333333334,112.775,137,18.979376787595967,0.7113821138211383,True
41900113,2020-08-21,2020,playoff,Garrett Temple,BKN,36,12,0,4,5,18.85378456198477,0.2083333333333333,0.2083333333333333,-1.81191179648788,-0.018265361028075,-1.83017715751596,0.06649055916962,115.24583333333334,112.775,137,18.85378456198477,0.2083333333333333,True
41900114,2020-08-23,2020,playoff,Garrett Temple,BKN,32,9,1,1,10,12.429062598798607,0.5296610169491526,0.5555555555555556,-1.81191179648788,-0.018265361028075,-1.83017715751596,0.06649055916962,115.24583333333334,112.775,137,12.429062598798607,0.5296610169491526,True
41900111,2020-08-17,2020,playoff,Jarrett Allen,BKN,34,10,4,4,15,19.51875442321302,0.6377551020408163,0.6,0.376918645755142,7.03096275968869,7.40788140544383,0.687582131057568,115.24583333333334,112.775,100,19.51875442321302,0.6377551020408163,True
41900112,2020-08-19,2020,playoff,Jarrett Allen,BKN,41,9,6,5,14,17.106582024724357,0.6013745704467354,0.5555555555555556,0.376918645755142,7.03096275968869,7.40788140544383,0.687582131057568,115.24583333333334,112.775,100,17.106582024724357,0.6013745704467354,True
41900114,2020-08-23,2020,playoff,Jarrett Allen,BKN,25,5,2,1,8,10.48422383812836,0.6802721088435374,0.6,0.376918645755142,7.03096275968869,7.40788140544383,0.687582131057568,115.24583333333334,112.775,100,10.48422383812836,0.6802721088435374,True
41900111,2020-08-17,2020,playoff,Joe Harris,BKN,33,14,0,0,19,17.864419138304488,0.6785714285714286,0.6785714285714286,0.977434317773589,-1.82043592875145,-0.84300161097786,2.0723779104736,115.24583333333334,112.775,72,17.864419138304488,0.6785714285714286,True
41900112,2020-08-19,2020,playoff,Joe Harris,BKN,39,9,4,3,14,14.871254491907813,0.6505576208178439,0.6666666666666666,0.977434317773589,-1.82043592875145,-0.84300161097786,2.0723779104736,115.24583333333334,112.775,72,14.871254491907813,0.6505576208178439,True
41900111,2020-08-17,2020,playoff,Tyler Johnson,BKN,17,8,0,0,7,19.815994338287332,0.4375,0.4375,-5.00488476435859,-0.921034145607062,-5.92591890996565,-0.834027288094168,115.24583333333334,112.775,92,19.815994338287332,0.4375,True
41900112,2020-08-19,2020,playoff,Tyler Johnson,BKN,22,10,0,1,12,21.074815595363543,0.6,0.6,-5.00488476435859,-0.921034145607062,-5.92591890996565,-0.834027288094168,115.24583333333334,112.775,92,21.074815595363543,0.6,True
41900113,2020-08-21,2020,playoff,Tyler Johnson,BKN,24,15,2,1,23,29.83611406934091,0.7241813602015112,0.7,-5.00488476435859,-0.921034145607062,-5.92591890996565,-0.834027288094168,115.24583333333334,112.775,92,29.83611406934091,0.7241813602015112,True
41900114,2020-08-23,2020,playoff,Tyler Johnson,BKN,29,13,0,1,13,18.391531392065588,0.5,0.5,-5.00488476435859,-0.921034145607062,-5.92591890996565,-0.834027288094168,115.24583333333334,112.775,92,18.391531392065588,0.5,True
41900121,2020-08-17,2020,playoff,Brad Wanamaker,BOS,10,3,0,0,4,13.22390261895979,0.6666666666666666,0.6666666666666666,-0.81348871258677,-0.919239218999218,-1.73272793158599,0.146476040774623,112.4835294117647,110.40941176470588,263,13.22390261895979,0.6666666666666666,False
41900122,2020-08-19,2020,playoff,Brad Wanamaker,BOS,23,3,0,3,7,12.002589770406894,1.1666666666666667,1.1666666666666667,-0.81348871258677,-0.919239218999218,-1.73272793158599,0.146476040774623,112.4835294117647,110.40941176470588,263,12.002589770406894,1.1666666666666667,False
41900123,2020-08-21,2020,playoff,Brad Wanamaker,BOS,18,3,2,1,5,12.098673608528571,0.6443298969072165,0.5,-0.81348871258677,-0.919239218999218,-1.73272793158599,0.146476040774623,112.4835294117647,110.40941176470588,263,12.098673608528571,0.6443298969072165,False
41900124,2020-08-23,2020,playoff,Brad Wanamaker,BOS,18,6,0,0,2,14.71129091577786,0.1666666666666666,0.1666666666666666,-0.81348871258677,-0.919239218999218,-1.73272793158599,0.146476040774623,112.4835294117647,110.40941176470588,263,14.71129091577786,0.1666666666666666,False
41900211,2020-08-30,2020,playoff,Brad Wanamaker,BOS,28,6,2,3,7,14.82593037214886,0.5087209302325582,0.5,-0.81348871258677,-0.919239218999218,-1.73272793158599,0.146476040774623,112.4835294117647,110.40941176470588,263,14.82593037214886,0.5087209302325582,False
41900213,2020-09-03,2020,playoff,Brad Wanamaker,BOS,12,3,1,2,5,20.396586345381525,0.7267441860465116,0.6666666666666666,-0.81348871258677,-0.919239218999218,-1.73272793158599,0.146476040774623,112.4835294117647,110.40941176470588,263,20.396586345381525,0.7267441860465116,False
41900214,2020-09-05,2020,playoff,Brad Wanamaker,BOS,13,5,0,0,7,18.30049411334106,0.7,0.7,-0.81348871258677,-0.919239218999218,-1.73272793158599,0.146476040774623,112.4835294117647,110.40941176470588,263,18.30049411334106,0.7,False
41900215,2020-09-07,2020,playoff,Brad Wanamaker,BOS,28,9,2,0,15,16.81617941529836,0.7591093117408906,0.7222222222222222,-0.81348871258677,-0.919239218999218,-1.73272793158599,0.146476040774623,112.4835294117647,110.40941176470588,263,16.81617941529836,0.7591093117408906,False
41900216,2020-09-09,2020,playoff,Brad Wanamaker,BOS,19,7,0,1,6,19.867436244369465,0.4285714285714285,0.4285714285714285,-0.81348871258677,-0.919239218999218,-1.73272793158599,0.146476040774623,112.4835294117647,110.40941176470588,263,19.867436244369465,0.4285714285714285,False
41900217,2020-09-11,2020,playoff,Brad Wanamaker,BOS,9,2,0,0,0,10.05151400929765,0.0,0.0,-0.81348871258677,-0.919239218999218,-1.73272793158599,0.146476040774623,112.4835294117647,110.40941176470588,263,10.05151400929765,0.0,False
41900301,2020-09-15,2020,playoff,Brad Wanamaker,BOS,25,5,5,0,11,14.064372918978911,0.7638888888888888,0.6,-0.81348871258677,-0.919239218999218,-1.73272793158599,0.146476040774623,112.4835294117647,110.40941176470588,263,14.064372918978911,0.7638888888888888,False
41900302,2020-09-17,2020,playoff,Brad Wanamaker,BOS,24,3,2,2,7,11.466458658346337,0.9020618556701032,1.0,-0.81348871258677,-0.919239218999218,-1.73272793158599,0.146476040774623,112.4835294117647,110.40941176470588,263,11.466458658346337,0.9020618556701032,False
41900303,2020-09-19,2020,playoff,Brad Wanamaker,BOS,9,1,2,2,2,18.443256090314915,0.5319148936170213,0.0,-0.81348871258677,-0.919239218999218,-1.73272793158599,0.146476040774623,112.4835294117647,110.40941176470588,263,18.443256090314915,0.5319148936170213,False
41900304,2020-09-23,2020,playoff,Brad Wanamaker,BOS,13,2,0,2,4,13.341520598414649,1.0,1.0,-0.81348871258677,-0.919239218999218,-1.73272793158599,0.146476040774623,112.4835294117647,110.40941176470588,263,13.341520598414649,1.0,False
41900305,2020-09-25,2020,playoff,Brad Wanamaker,BOS,5,1,0,0,2,8.153477218225419,1.0,1.0,-0.81348871258677,-0.919239218999218,-1.73272793158599,0.146476040774623,112.4835294117647,110.40941176470588,263,8.153477218225419,1.0,False
41900306,2020-09-27,2020,playoff,Brad Wanamaker,BOS,9,1,0,1,0,9.227220299884662,0.0,0.0,-0.81348871258677,-0.919239218999218,-1.73272793158599,0.146476040774623,112.4835294117647,110.40941176470588,263,9.227220299884662,0.0,False
41900121,2020-08-17,2020,playoff,Daniel Theis,BOS,25,9,1,0,9,16.644485429730725,0.4766949152542373,0.5,-1.64117705032647,1.78294966056918,0.141772610242711,0.73074456153643,112.4835294117647,110.40941176470588,479,16.644485429730725,0.4766949152542373,False
41900122,2020-08-19,2020,playoff,Daniel Theis,BOS,12,5,0,0,2,19.17080310551101,0.2,0.2,-1.64117705032647,1.78294966056918,0.141772610242711,0.73074456153643,112.4835294117647,110.40941176470588,479,19.17080310551101,0.2,False
41900123,2020-08-21,2020,playoff,Daniel Theis,BOS,26,8,2,2,8,18.67437137054095,0.4504504504504504,0.375,-1.64117705032647,1.78294966056918,0.141772610242711,0.73074456153643,112.4835294117647,110.40941176470588,479,18.67437137054095,0.4504504504504504,False
41900124,2020-08-23,2020,playoff,Daniel Theis,BOS,27,12,1,1,15,21.968861100894937,0.6028938906752411,0.5833333333333334,-1.64117705032647,1.78294966056918,0.141772610242711,0.73074456153643,112.4835294117647,110.40941176470588,479,21.968861100894937,0.6028938906752411,False
41900211,2020-08-30,2020,playoff,Daniel Theis,BOS,25,8,7,4,13,25.34453781512605,0.5866425992779783,0.375,-1.64117705032647,1.78294966056918,0.141772610242711,0.73074456153643,112.4835294117647,110.40941176470588,479,25.34453781512605,0.5866425992779783,False
41900212,2020-09-01,2020,playoff,Daniel Theis,BOS,30,5,0,0,3,7.7243589743589745,0.3,0.3,-1.64117705032647,1.78294966056918,0.141772610242711,0.73074456153643,112.4835294117647,110.40941176470588,479,7.7243589743589745,0.3,False
41900213,2020-09-03,2020,playoff,Daniel Theis,BOS,30,7,2,0,9,11.818022088353414,0.5710659898477157,0.5714285714285714,-1.64117705032647,1.78294966056918,0.141772610242711,0.73074456153643,112.4835294117647,110.40941176470588,479,11.818022088353414,0.5710659898477157,False
41900214,2020-09-05,2020,playoff,Daniel Theis,BOS,26,7,2,1,8,16.25083877264686,0.5076142131979695,0.5714285714285714,-1.64117705032647,1.78294966056918,0.141772610242711,0.73074456153643,112.4835294117647,110.40941176470588,479,16.25083877264686,0.5076142131979695,False
41900215,2020-09-07,2020,playoff,Daniel Theis,BOS,30,5,6,1,15,13.725270324389273,0.981675392670157,1.0,-1.64117705032647,1.78294966056918,0.141772610242711,0.73074456153643,112.4835294117647,110.40941176470588,479,13.725270324389273,0.981675392670157,False
41900216,2020-09-09,2020,playoff,Daniel Theis,BOS,47,11,0,0,18,11.04333557200324,0.8181818181818182,0.8181818181818182,-1.64117705032647,1.78294966056918,0.141772610242711,0.73074456153643,112.4835294117647,110.40941176470588,479,11.04333557200324,0.8181818181818182,False
41900217,2020-09-11,2020,playoff,Daniel Theis,BOS,23,8,2,1,5,19.430013602320585,0.2815315315315315,0.25,-1.64117705032647,1.78294966056918,0.141772610242711,0.73074456153643,112.4835294117647,110.40941176470588,479,19.430013602320585,0.2815315315315315,False
41900302,2020-09-17,2020,playoff,Daniel Theis,BOS,32,5,2,1,6,10.062402496099844,0.5102040816326531,0.4,-1.64117705032647,1.78294966056918,0.141772610242711,0.73074456153643,112.4835294117647,110.40941176470588,479,10.062402496099844,0.5102040816326531,False
41900303,2020-09-19,2020,playoff,Daniel Theis,BOS,24,6,2,1,8,14.046345811051692,0.5813953488372093,0.5,-1.64117705032647,1.78294966056918,0.141772610242711,0.73074456153643,112.4835294117647,110.40941176470588,479,14.046345811051692,0.5813953488372093,False
41900304,2020-09-23,2020,playoff,Daniel Theis,BOS,30,5,0,2,8,10.117319787131107,0.8,0.8,-1.64117705032647,1.78294966056918,0.141772610242711,0.73074456153643,112.4835294117647,110.40941176470588,479,10.117319787131107,0.8,False
41900305,2020-09-25,2020,playoff,Daniel Theis,BOS,35,10,4,1,15,14.862624186365192,0.6377551020408163,0.6,-1.64117705032647,1.78294966056918,0.141772610242711,0.73074456153643,112.4835294117647,110.40941176470588,479,14.862624186365192,0.6377551020408163,False
41900306,2020-09-27,2020,playoff,Daniel Theis,BOS,22,3,2,0,6,7.3230575652721,0.7731958762886598,0.6666666666666666,-1.64117705032647,1.78294966056918,0.141772610242711,0.73074456153643,112.4835294117647,110.40941176470588,479,7.3230575652721,0.7731958762886598,False
41900121,2020-08-17,2020,playoff,Gordon Hayward,BOS,34,13,0,1,12,18.15045457504285,0.4615384615384615,0.4615384615384615,1.8611578599198,-0.822089816451269,1.03906804346853,3.37382220715212,112.4835294117647,110.40941176470588,157,18.15045457504285,0.4615384615384615,False
41900303,2020-09-19,2020,playoff,Gordon Hayward,BOS,31,7,2,1,6,12.254614455752971,0.3807106598984772,0.3571428571428571,1.8611578599198,-0.822089816451269,1.03906804346853,3.37382220715212,112.4835294117647,110.40941176470588,157,12.254614455752971,0.3807106598984772,False
41900304,2020-09-23,2020,playoff,Gordon Hayward,BOS,30,9,4,1,14,16.99709724238026,0.6505576208178439,0.5555555555555556,1.8611578599198,-0.822089816451269,1.03906804346853,3.37382220715212,112.4835294117647,110.40941176470588,157,16.99709724238026,0.6505576208178439,False
41900305,2020-09-25,2020,playoff,Gordon Hayward,BOS,30,9,2,2,10,16.143884892086334,0.5060728744939271,0.4444444444444444,1.8611578599198,-0.822089816451269,1.03906804346853,3.37382220715212,112.4835294117647,110.40941176470588,157,16.143884892086334,0.5060728744939271,False
41900306,2020-09-27,2020,playoff,Gordon Hayward,BOS,32,12,0,2,12,18.166089965397923,0.5,0.5,1.8611578599198,-0.822089816451269,1.03906804346853,3.37382220715212,112.4835294117647,110.40941176470588,157,18.166089965397923,0.5,False
41900122,2020-08-19,2020,playoff,Grant Williams,BOS,21,2,4,0,9,8.237967963053872,1.196808510638298,1.5,-3.50882487377779,2.38349591833568,-1.12532895544211,0.866521092154222,112.4835294117647,110.40941176470588,131,8.237967963053872,1.196808510638298,False
41900123,2020-08-21,2020,playoff,Grant Williams,BOS,11,3,2,0,7,15.740897258189932,0.9020618556701032,0.8333333333333334,-3.50882487377779,2.38349591833568,-1.12532895544211,0.866521092154222,112.4835294117647,110.40941176470588,131,15.740897258189932,0.9020618556701032,False
41900124,2020-08-23,2020,playoff,Grant Williams,BOS,6,1,0,1,3,14.71129091577786,1.5,1.5,-3.50882487377779,2.38349591833568,-1.12532895544211,0.866521092154222,112.4835294117647,110.40941176470588,131,14.71129091577786,1.5,False
41900213,2020-09-03,2020,playoff,Grant Williams,BOS,18,5,0,1,5,14.997489959839356,0.5,0.5,-3.50882487377779,2.38349591833568,-1.12532895544211,0.866521092154222,112.4835294117647,110.40941176470588,131,14.997489959839356,0.5,False
41900214,2020-09-05,2020,playoff,Grant Williams,BOS,13,2,2,0,4,10.541084609284452,0.6944444444444444,0.5,-3.50882487377779,2.38349591833568,-1.12532895544211,0.866521092154222,112.4835294117647,110.40941176470588,131,10.541084609284452,0.6944444444444444,False
41900215,2020-09-07,2020,playoff,Grant Williams,BOS,9,2,0,0,3,10.590486361411472,0.75,0.75,-3.50882487377779,2.38349591833568,-1.12532895544211,0.866521092154222,112.4835294117647,110.40941176470588,131,10.590486361411472,0.75,False
41900216,2020-09-09,2020,playoff,Grant Williams,BOS,7,2,0,0,6,13.481474594393566,1.5,1.5,-3.50882487377779,2.38349591833568,-1.12532895544211,0.866521092154222,112.4835294117647,110.40941176470588,131,13.481474594393566,1.5,False
41900301,2020-09-15,2020,playoff,Grant Williams,BOS,10,2,0,0,3,9.7669256381798,0.75,0.75,-3.50882487377779,2.38349591833568,-1.12532895544211,0.866521092154222,112.4835294117647,110.40941176470588,131,9.7669256381798,0.75,False
41900303,2020-09-19,2020,playoff,Grant Williams,BOS,9,4,0,0,5,19.0136660724896,0.625,0.625,-3.50882487377779,2.38349591833568,-1.12532895544211,0.866521092154222,112.4835294117647,110.40941176470588,131,19.0136660724896,0.625,False
41900305,2020-09-25,2020,playoff,Grant Williams,BOS,8,1,0,0,0,5.095923261390888,0.0,0.0,-3.50882487377779,2.38349591833568,-1.12532895544211,0.866521092154222,112.4835294117647,110.40941176470588,131,5.095923261390888,0.0,False
41900121,2020-08-17,2020,playoff,Jayson Tatum,BOS,41,21,11,1,32,28.856060674217954,0.6191950464396285,0.5238095238095238,3.5575678741525,3.01439010140365,6.57195797555614,3.39088441589448,112.4835294117647,110.40941176470588,688,28.856060674217954,0.6191950464396285,False
41900122,2020-08-19,2020,playoff,Jayson Tatum,BOS,31,20,2,0,33,30.989912426560252,0.7902298850574713,0.8,3.5575678741525,3.01439010140365,6.57195797555614,3.39088441589448,112.4835294117647,110.40941176470588,688,30.989912426560252,0.7902298850574713,False
41900123,2020-08-21,2020,playoff,Jayson Tatum,BOS,32,19,2,1,15,29.118631461509853,0.3772635814889336,0.3684210526315789,3.5575678741525,3.01439010140365,6.57195797555614,3.39088441589448,112.4835294117647,110.40941176470588,688,29.118631461509853,0.3772635814889336,False
41900124,2020-08-23,2020,playoff,Jayson Tatum,BOS,40,18,10,1,28,25.818315557190136,0.625,0.6111111111111112,3.5575678741525,3.01439010140365,6.57195797555614,3.39088441589448,112.4835294117647,110.40941176470588,688,25.818315557190136,0.625,False
41900211,2020-08-30,2020,playoff,Jayson Tatum,BOS,37,18,1,4,21,25.482625482625487,0.56941431670282,0.5555555555555556,3.5575678741525,3.01439010140365,6.57195797555614,3.39088441589448,112.4835294117647,110.40941176470588,688,25.482625482625487,0.56941431670282,False
41900212,2020-09-01,2020,playoff,Jayson Tatum,BOS,42,17,14,4,34,29.970512820512823,0.7340241796200345,0.5882352941176471,3.5575678741525,3.01439010140365,6.57195797555614,3.39088441589448,112.4835294117647,110.40941176470588,688,29.970512820512823,0.7340241796200345,False
41900213,2020-09-03,2020,playoff,Jayson Tatum,BOS,39,18,6,1,15,24.965052517763365,0.3633720930232558,0.3055555555555556,3.5575678741525,3.01439010140365,6.57195797555614,3.39088441589448,112.4835294117647,110.40941176470588,688,24.965052517763365,0.3633720930232558,False
41900214,2020-09-05,2020,playoff,Jayson Tatum,BOS,43,18,5,5,24,27.88484591409549,0.594059405940594,0.5833333333333334,3.5575678741525,3.01439010140365,6.57195797555614,3.39088441589448,112.4835294117647,110.40941176470588,688,27.88484591409549,0.594059405940594,False
41900215,2020-09-07,2020,playoff,Jayson Tatum,BOS,36,15,8,2,18,27.16459751702042,0.4859611231101512,0.3666666666666666,3.5575678741525,3.01439010140365,6.57195797555614,3.39088441589448,112.4835294117647,110.40941176470588,688,27.16459751702042,0.4859611231101512,False
41900216,2020-09-09,2020,playoff,Jayson Tatum,BOS,51,21,10,6,29,29.0512560377226,0.5708661417322834,0.5238095238095238,3.5575678741525,3.01439010140365,6.57195797555614,3.39088441589448,112.4835294117647,110.40941176470588,688,29.0512560377226,0.5708661417322834,False
41900217,2020-09-11,2020,playoff,Jayson Tatum,BOS,44,23,10,3,29,31.251070828907235,0.5291970802919709,0.4782608695652174,3.5575678741525,3.01439010140365,6.57195797555614,3.39088441589448,112.4835294117647,110.40941176470588,688,31.251070828907235,0.5291970802919709,False
41900301,2020-09-15,2020,playoff,Jayson Tatum,BOS,43,24,6,3,30,33.66182278088945,0.5630630630630631,0.5,3.5575678741525,3.01439010140365,6.57195797555614,3.39088441589448,112.4835294117647,110.40941176470588,688,33.66182278088945,0.5630630630630631,False
41900302,2020-09-17,2020,playoff,Jayson Tatum,BOS,42,12,11,5,21,24.336973478939154,0.6235154394299287,0.5,3.5575678741525,3.01439010140365,6.57195797555614,3.39088441589448,112.4835294117647,110.40941176470588,688,24.336973478939154,0.6235154394299287,False
41900303,2020-09-19,2020,playoff,Jayson Tatum,BOS,41,20,5,2,25,25.251076040172165,0.5630630630630631,0.5,3.5575678741525,3.01439010140365,6.57195797555614,3.39088441589448,112.4835294117647,110.40941176470588,688,25.251076040172165,0.5630630630630631,False
41900304,2020-09-23,2020,playoff,Jayson Tatum,BOS,39,22,4,6,28,33.08697108406833,0.5892255892255892,0.5454545454545454,3.5575678741525,3.01439010140365,6.57195797555614,3.39088441589448,112.4835294117647,110.40941176470588,688,33.08697108406833,0.5892255892255892,False
41900305,2020-09-25,2020,playoff,Jayson Tatum,BOS,43,22,14,2,31,28.594054988567287,0.5504261363636364,0.4318181818181818,3.5575678741525,3.01439010140365,6.57195797555614,3.39088441589448,112.4835294117647,110.40941176470588,688,28.594054988567287,0.5504261363636364,False
41900306,2020-09-27,2020,playoff,Jayson Tatum,BOS,44,26,4,2,24,28.084303240012588,0.4322766570605187,0.4038461538461538,3.5575678741525,3.01439010140365,6.57195797555614,3.39088441589448,112.4835294117647,110.40941176470588,688,28.084303240012588,0.4322766570605187,False
41900121,2020-08-17,2020,playoff,Kemba Walker,BOS,35,16,6,1,19,24.734994993940028,0.509656652360515,0.4375,4.20102086237523,0.945178570953062,5.14619943332829,2.59449551990967,112.4835294117647,110.40941176470588,629,24.734994993940028,0.509656652360515,False
41900122,2020-08-19,2020,playoff,Kemba Walker,BOS,26,16,5,0,22,32.2069492172585,0.6043956043956045,0.53125,4.20102086237523,0.945178570953062,5.14619943332829,2.59449551990967,112.4835294117647,110.40941176470588,629,32.2069492172585,0.6043956043956045,False
41900123,2020-08-21,2020,playoff,Kemba Walker,BOS,35,20,1,1,24,27.336768846623816,0.5870841487279843,0.575,4.20102086237523,0.945178570953062,5.14619943332829,2.59449551990967,112.4835294117647,110.40941176470588,629,27.336768846623816,0.5870841487279843,False
41900124,2020-08-23,2020,playoff,Kemba Walker,BOS,36,15,13,2,32,27.85337746720608,0.7722007722007722,0.6666666666666666,4.20102086237523,0.945178570953062,5.14619943332829,2.59449551990967,112.4835294117647,110.40941176470588,629,27.85337746720608,0.7722007722007722,False
41900211,2020-08-30,2020,playoff,Kemba Walker,BOS,32,11,2,2,18,18.22478991596639,0.7575757575757576,0.7272727272727273,4.20102086237523,0.945178570953062,5.14619943332829,2.59449551990967,112.4835294117647,110.40941176470588,629,18.22478991596639,0.7575757575757576,False
41900212,2020-09-01,2020,playoff,Kemba Walker,BOS,38,18,5,2,17,27.07591093117409,0.4207920792079208,0.3611111111111111,4.20102086237523,0.945178570953062,5.14619943332829,2.59449551990967,112.4835294117647,110.40941176470588,629,27.07591093117409,0.4207920792079208,False
41900213,2020-09-03,2020,playoff,Kemba Walker,BOS,39,15,7,2,29,23.165353722582633,0.8019911504424779,0.7333333333333333,4.20102086237523,0.945178570953062,5.14619943332829,2.59449551990967,112.4835294117647,110.40941176470588,629,23.165353722582633,0.8019911504424779,False
41900214,2020-09-05,2020,playoff,Kemba Walker,BOS,41,9,7,2,15,16.34010947563877,0.6208609271523179,0.5,4.20102086237523,0.945178570953062,5.14619943332829,2.59449551990967,112.4835294117647,110.40941176470588,629,16.34010947563877,0.6208609271523179,False
41900215,2020-09-07,2020,playoff,Kemba Walker,BOS,36,15,5,2,21,25.41716726738753,0.6104651162790697,0.5666666666666667,4.20102086237523,0.945178570953062,5.14619943332829,2.59449551990967,112.4835294117647,110.40941176470588,629,25.41716726738753,0.6104651162790697,False
41900216,2020-09-09,2020,playoff,Kemba Walker,BOS,52,11,0,3,5,12.703697213947784,0.2272727272727272,0.2272727272727272,4.20102086237523,0.945178570953062,5.14619943332829,2.59449551990967,112.4835294117647,110.40941176470588,629,12.703697213947784,0.2272727272727272,False
41900217,2020-09-11,2020,playoff,Kemba Walker,BOS,44,16,5,1,14,19.7375184182572,0.3846153846153846,0.34375,4.20102086237523,0.945178570953062,5.14619943332829,2.59449551990967,112.4835294117647,110.40941176470588,629,19.7375184182572,0.3846153846153846,False
41900301,2020-09-15,2020,playoff,Kemba Walker,BOS,43,19,7,3,19,28.483080814598765,0.4302536231884058,0.3421052631578947,4.20102086237523,0.945178570953062,5.14619943332829,2.59449551990967,112.4835294117647,110.40941176470588,629,28.483080814598765,0.4302536231884058,False
41900302,2020-09-17,2020,playoff,Kemba Walker,BOS,34,19,2,5,23,34.24795815362026,0.5784708249496983,0.5789473684210527,4.20102086237523,0.945178570953062,5.14619943332829,2.59449551990967,112.4835294117647,110.40941176470588,629,34.24795815362026,0.5784708249496983,False
41900303,2020-09-19,2020,playoff,Kemba Walker,BOS,41,16,2,4,21,21.78687883135516,0.6220379146919431,0.625,4.20102086237523,0.945178570953062,5.14619943332829,2.59449551990967,112.4835294117647,110.40941176470588,629,21.78687883135516,0.6220379146919431,False
41900304,2020-09-23,2020,playoff,Kemba Walker,BOS,34,14,6,0,20,21.220865704772475,0.6009615384615384,0.5357142857142857,4.20102086237523,0.945178570953062,5.14619943332829,2.59449551990967,112.4835294117647,110.40941176470588,629,21.220865704772475,0.6009615384615384,False
41900305,2020-09-25,2020,playoff,Kemba Walker,BOS,28,11,4,1,15,20.0342583076396,0.5877742946708464,0.5,4.20102086237523,0.945178570953062,5.14619943332829,2.59449551990967,112.4835294117647,110.40941176470588,629,20.0342583076396,0.5877742946708464,False
41900306,2020-09-27,2020,playoff,Kemba Walker,BOS,35,15,4,1,20,21.069698467622345,0.5966587112171837,0.5666666666666667,4.20102086237523,0.945178570953062,5.14619943332829,2.59449551990967,112.4835294117647,110.40941176470588,629,21.069698467622345,0.5966587112171837,False
41900121,2020-08-17,2020,playoff,Marcus Smart,BOS,32,5,2,1,2,9.47713021025452,0.1700680272108843,0.0,1.83064414383859,1.73423017184995,3.56487431568854,2.1576818373775,112.4835294117647,110.40941176470588,649,9.47713021025452,0.1700680272108843,False
41900122,2020-08-19,2020,playoff,Marcus Smart,BOS,30,11,3,2,10,21.962072037673412,0.4058441558441558,0.3181818181818182,1.83064414383859,1.73423017184995,3.56487431568854,2.1576818373775,112.4835294117647,110.40941176470588,649,21.962072037673412,0.4058441558441558,False
41900123,2020-08-21,2020,playoff,Marcus Smart,BOS,39,8,6,1,14,13.319220756929942,0.6578947368421052,0.5,1.83064414383859,1.73423017184995,3.56487431568854,2.1576818373775,112.4835294117647,110.40941176470588,649,13.319220756929942,0.6578947368421052,False
41900124,2020-08-23,2020,playoff,Marcus Smart,BOS,43,6,2,1,8,8.087788773232292,0.5813953488372093,0.5833333333333334,1.83064414383859,1.73423017184995,3.56487431568854,2.1576818373775,112.4835294117647,110.40941176470588,649,8.087788773232292,0.5813953488372093,False
41900211,2020-08-30,2020,playoff,Marcus Smart,BOS,31,10,4,5,21,22.71618324749254,0.8928571428571429,0.85,1.83064414383859,1.73423017184995,3.56487431568854,2.1576818373775,112.4835294117647,110.40941176470588,649,22.71618324749254,0.8928571428571429,False
41900212,2020-09-01,2020,playoff,Marcus Smart,BOS,39,13,1,5,19,21.913412228796844,0.7068452380952381,0.6923076923076923,1.83064414383859,1.73423017184995,3.56487431568854,2.1576818373775,112.4835294117647,110.40941176470588,649,21.913412228796844,0.7068452380952381,False
41900213,2020-09-03,2020,playoff,Marcus Smart,BOS,37,15,2,3,11,22.958319765548683,0.3463476070528967,0.3333333333333333,1.83064414383859,1.73423017184995,3.56487431568854,2.1576818373775,112.4835294117647,110.40941176470588,649,22.958319765548683,0.3463476070528967,False
41900214,2020-09-05,2020,playoff,Marcus Smart,BOS,41,8,5,5,8,17.639890911200943,0.3921568627450981,0.3125,1.83064414383859,1.73423017184995,3.56487431568854,2.1576818373775,112.4835294117647,110.40941176470588,649,17.639890911200943,0.3921568627450981,False
41900215,2020-09-07,2020,playoff,Marcus Smart,BOS,35,8,2,3,12,16.176211453744497,0.6756756756756757,0.625,1.83064414383859,1.73423017184995,3.56487431568854,2.1576818373775,112.4835294117647,110.40941176470588,649,16.176211453744497,0.6756756756756757,False
41900216,2020-09-09,2020,playoff,Marcus Smart,BOS,50,15,3,2,23,17.28864301985031,0.704656862745098,0.6666666666666666,1.83064414383859,1.73423017184995,3.56487431568854,2.1576818373775,112.4835294117647,110.40941176470588,649,17.28864301985031,0.704656862745098,False
41900217,2020-09-11,2020,playoff,Marcus Smart,BOS,43,15,3,1,16,18.218953532201372,0.4901960784313725,0.4666666666666667,1.83064414383859,1.73423017184995,3.56487431568854,2.1576818373775,112.4835294117647,110.40941176470588,649,18.218953532201372,0.4901960784313725,False
41900301,2020-09-15,2020,playoff,Marcus Smart,BOS,43,18,3,3,26,25.348579098159668,0.6728778467908902,0.6666666666666666,1.83064414383859,1.73423017184995,3.56487431568854,2.1576818373775,112.4835294117647,110.40941176470588,649,25.348579098159668,0.6728778467908902,False
41900302,2020-09-17,2020,playoff,Marcus Smart,BOS,38,13,2,4,14,22.021512439444948,0.5043227665706052,0.4615384615384615,1.83064414383859,1.73423017184995,3.56487431568854,2.1576818373775,112.4835294117647,110.40941176470588,649,22.021512439444948,0.5043227665706052,False
41900303,2020-09-19,2020,playoff,Marcus Smart,BOS,36,10,10,2,20,19.48900772430184,0.6944444444444444,0.5,1.83064414383859,1.73423017184995,3.56487431568854,2.1576818373775,112.4835294117647,110.40941176470588,649,19.48900772430184,0.6944444444444444,False
41900304,2020-09-23,2020,playoff,Marcus Smart,BOS,36,12,4,4,10,21.390904692791484,0.3633720930232558,0.2916666666666667,1.83064414383859,1.73423017184995,3.56487431568854,2.1576818373775,112.4835294117647,110.40941176470588,649,21.390904692791484,0.3633720930232558,False
41900305,2020-09-25,2020,playoff,Marcus Smart,BOS,40,9,4,1,12,11.985611510791363,0.5576208178438662,0.4444444444444444,1.83064414383859,1.73423017184995,3.56487431568854,2.1576818373775,112.4835294117647,110.40941176470588,649,11.985611510791363,0.5576208178438662,False
41900306,2020-09-27,2020,playoff,Marcus Smart,BOS,36,22,0,2,20,27.68166089965398,0.4545454545454545,0.4545454545454545,1.83064414383859,1.73423017184995,3.56487431568854,2.1576818373775,112.4835294117647,110.40941176470588,649,27.68166089965398,0.4545454545454545,False
41900121,2020-08-17,2020,playoff,Robert Williams III,BOS,13,4,0,0,2,13.562977045086964,0.25,0.25,0.265040961979345,2.55816757939801,2.82320854137736,1.10784251580185,112.4835294117647,110.40941176470588,135,13.562977045086964,0.25,False
41900122,2020-08-19,2020,playoff,Robert Williams III,BOS,7,1,0,1,0,13.145693558064693,0.0,0.0,0.265040961979345,2.55816757939801,2.82320854137736,1.10784251580185,112.4835294117647,110.40941176470588,135,13.145693558064693,0.0,False
41900211,2020-08-30,2020,playoff,Robert Williams III,BOS,19,5,2,1,10,15.21450685537373,0.8503401360544218,1.0,0.265040961979345,2.55816757939801,2.82320854137736,1.10784251580185,112.4835294117647,110.40941176470588,135,15.21450685537373,0.8503401360544218,False
41900212,2020-09-01,2020,playoff,Robert Williams III,BOS,18,5,2,1,11,17.714529914529916,0.935374149659864,1.0,0.265040961979345,2.55816757939801,2.82320854137736,1.10784251580185,112.4835294117647,110.40941176470588,135,17.714529914529916,0.935374149659864,False
41900213,2020-09-03,2020,playoff,Robert Williams III,BOS,14,2,1,1,3,11.0552925989673,0.6147540983606558,0.5,0.265040961979345,2.55816757939801,2.82320854137736,1.10784251580185,112.4835294117647,110.40941176470588,135,11.0552925989673,0.6147540983606558,False
41900214,2020-09-05,2020,playoff,Robert Williams III,BOS,15,4,0,0,6,12.688342585249805,0.75,0.75,0.265040961979345,2.55816757939801,2.82320854137736,1.10784251580185,112.4835294117647,110.40941176470588,135,12.688342585249805,0.75,False
41900216,2020-09-09,2020,playoff,Robert Williams III,BOS,8,2,0,0,4,11.79629027009437,1.0,1.0,0.265040961979345,2.55816757939801,2.82320854137736,1.10784251580185,112.4835294117647,110.40941176470588,135,11.79629027009437,1.0,False
41900217,2020-09-11,2020,playoff,Robert Williams III,BOS,18,2,0,1,4,7.538635506973238,1.0,1.0,0.265040961979345,2.55816757939801,2.82320854137736,1.10784251580185,112.4835294117647,110.40941176470588,135,7.538635506973238,1.0,False
41900304,2020-09-23,2020,playoff,Robert Williams III,BOS,12,4,1,0,4,16.043178519593614,0.4504504504504504,0.5,0.265040961979345,2.55816757939801,2.82320854137736,1.10784251580185,112.4835294117647,110.40941176470588,135,16.043178519593614,0.4504504504504504,False
41900151,2020-08-17,2020,playoff,Boban Marjanovic,DAL,13,2,1,0,2,8.003936362145318,0.4098360655737705,0.5,3.91227314634021,0.62705571459271,4.53932886093292,0.312958680647339,115.24339622641509,113.64150943396228,83,8.003936362145318,0.4098360655737705,True
41900152,2020-08-19,2020,playoff,Boban Marjanovic,DAL,10,8,1,0,13,35.76271186440678,0.7701421800947867,0.75,3.91227314634021,0.62705571459271,4.53932886093292,0.312958680647339,115.24339622641509,113.64150943396228,83,35.76271186440678,0.7701421800947867,True
41900153,2020-08-21,2020,playoff,Boban Marjanovic,DAL,10,3,1,0,3,15.43093093093093,0.436046511627907,0.3333333333333333,3.91227314634021,0.62705571459271,4.53932886093292,0.312958680647339,115.24339622641509,113.64150943396228,83,15.43093093093093,0.436046511627907,True
41900154,2020-08-23,2020,playoff,Boban Marjanovic,DAL,16,9,0,0,10,23.74362854412233,0.5555555555555556,0.5555555555555556,3.91227314634021,0.62705571459271,4.53932886093292,0.312958680647339,115.24339622641509,113.64150943396228,83,23.74362854412233,0.5555555555555556,True
41900155,2020-08-25,2020,playoff,Boban Marjanovic,DAL,17,1,6,3,5,16.52328474937789,0.6868131868131868,0.0,3.91227314634021,0.62705571459271,4.53932886093292,0.312958680647339,115.24339622641509,113.64150943396228,83,16.52328474937789,0.6868131868131868,True
41900156,2020-08-30,2020,playoff,Boban Marjanovic,DAL,17,7,0,0,8,18.128479013088615,0.5714285714285714,0.5714285714285714,3.91227314634021,0.62705571459271,4.53932886093292,0.312958680647339,115.24339622641509,113.64150943396228,83,18.128479013088615,0.5714285714285714,True
41900151,2020-08-17,2020,playoff,Luka Doncic,DAL,38,21,15,11,42,43.31724834474246,0.7608695652173912,0.6666666666666666,7.66742622626452,-1.03573409545639,6.63169213080814,9.93651881629864,115.24339622641509,113.64150943396228,214,43.31724834474246,0.7608695652173912,True
41900152,2020-08-19,2020,playoff,Luka Doncic,DAL,28,17,12,1,28,35.23002421307506,0.6283662477558348,0.5882352941176471,7.66742622626452,-1.03573409545639,6.63169213080814,9.93651881629864,115.24339622641509,113.64150943396228,214,35.23002421307506,0.6283662477558348,True
41900153,2020-08-21,2020,playoff,Luka Doncic,DAL,29,14,10,2,13,31.55483069276172,0.3532608695652174,0.3214285714285714,7.66742622626452,-1.03573409545639,6.63169213080814,9.93651881629864,115.24339622641509,113.64150943396228,214,31.55483069276172,0.3532608695652174,True
41900154,2020-08-23,2020,playoff,Luka Doncic,DAL,46,31,5,7,43,36.88865188304224,0.6475903614457831,0.6451612903225806,7.66742622626452,-1.03573409545639,6.63169213080814,9.93651881629864,115.24339622641509,113.64150943396228,214,36.88865188304224,0.6475903614457831,True
41900155,2020-08-25,2020,playoff,Luka Doncic,DAL,31,17,14,5,22,38.428035732715614,0.4749568221070812,0.3823529411764705,7.66742622626452,-1.03573409545639,6.63169213080814,9.93651881629864,115.24339622641509,113.64150943396228,214,38.428035732715614,0.4749568221070812,True
41900156,2020-08-30,2020,playoff,Luka Doncic,DAL,42,28,8,5,38,38.28192146423787,0.6027918781725888,0.6071428571428571,7.66742622626452,-1.03573409545639,6.63169213080814,9.93651881629864,115.24339622641509,113.64150943396228,214,38.28192146423787,0.6027918781725888,True
41900151,2020-08-17,2020,playoff,Maxi Kleber,DAL,34,5,0,3,3,10.03386429198545,0.3,0.3,-5.65258828329494,0.219397589546284,-5.43319069374866,-0.28780790261615,115.24339622641509,113.64150943396228,203,10.03386429198545,0.3,True
41900152,2020-08-19,2020,playoff,Maxi Kleber,DAL,33,5,0,0,4,6.4201335387776055,0.4,0.4,-5.65258828329494,0.219397589546284,-5.43319069374866,-0.28780790261615,115.24339622641509,113.64150943396228,203,6.4201335387776055,0.4,True
41900153,2020-08-21,2020,playoff,Maxi Kleber,DAL,35,5,4,1,5,9.945516945516944,0.3698224852071006,0.2,-5.65258828329494,0.219397589546284,-5.43319069374866,-0.28780790261615,115.24339622641509,113.64150943396228,203,9.945516945516944,0.3698224852071006,True
41900154,2020-08-23,2020,playoff,Maxi Kleber,DAL,37,8,4,0,7,11.134549650000428,0.3586065573770491,0.25,-5.65258828329494,0.219397589546284,-5.43319069374866,-0.28780790261615,115.24339622641509,113.64150943396228,203,11.134549650000428,0.3586065573770491,True
41900155,2020-08-25,2020,playoff,Maxi Kleber,DAL,28,6,2,0,12,10.394596516174902,0.872093023255814,0.8333333333333334,-5.65258828329494,0.219397589546284,-5.43319069374866,-0.28780790261615,115.24339622641509,113.64150943396228,203,10.394596516174902,0.872093023255814,True
41900156,2020-08-30,2020,playoff,Maxi Kleber,DAL,36,10,2,0,9,13.305728088336783,0.4136029411764705,0.4,-5.65258828329494,0.219397589546284,-5.43319069374866,-0.28780790261615,115.24339622641509,113.64150943396228,203,13.305728088336783,0.4136029411764705,True
41900151,2020-08-17,2020,playoff,Seth Curry,DAL,33,11,0,1,14,15.506881178522969,0.6363636363636364,0.6363636363636364,4.96737130811313,-3.91127832589421,1.05609298221891,0.349083845263608,115.24339622641509,113.64150943396228,173,15.506881178522969,0.6363636363636364,True
41900152,2020-08-19,2020,playoff,Seth Curry,DAL,26,9,2,1,15,17.73142112125163,0.7591093117408906,0.7222222222222222,4.96737130811313,-3.91127832589421,1.05609298221891,0.349083845263608,115.24339622641509,113.64150943396228,173,17.73142112125163,0.7591093117408906,True
41900153,2020-08-21,2020,playoff,Seth Curry,DAL,31,11,0,1,22,17.364138331880262,1.0,1.0,4.96737130811313,-3.91127832589421,1.05609298221891,0.349083845263608,115.24339622641509,113.64150943396228,173,17.364138331880262,1.0,True
41900154,2020-08-23,2020,playoff,Seth Curry,DAL,31,9,3,1,15,15.413784953087587,0.7267441860465116,0.6666666666666666,4.96737130811313,-3.91127832589421,1.05609298221891,0.349083845263608,115.24339622641509,113.64150943396228,173,15.413784953087587,0.7267441860465116,True
41900155,2020-08-25,2020,playoff,Seth Curry,DAL,23,6,0,2,4,14.7142923383669,0.3333333333333333,0.3333333333333333,4.96737130811313,-3.91127832589421,1.05609298221891,0.349083845263608,115.24339622641509,113.64150943396228,173,14.7142923383669,0.3333333333333333,True
41900156,2020-08-30,2020,playoff,Seth Curry,DAL,29,7,0,2,7,13.663336399027376,0.5,0.5,4.96737130811313,-3.91127832589421,1.05609298221891,0.349083845263608,115.24339622641509,113.64150943396228,173,13.663336399027376,0.5,True
41900151,2020-08-17,2020,playoff,Tim Hardaway Jr.,DAL,36,16,0,1,18,20.13740819710969,0.5625,0.5625,-1.55371844272693,-9.44319994966708,-10.996918392394,-0.905632720097551,115.24339622641509,113.64150943396228,204,20.13740819710969,0.5625,True
41900152,2020-08-19,2020,playoff,Tim Hardaway Jr.,DAL,37,13,6,0,17,17.911131470453505,0.5434782608695652,0.5,-1.55371844272693,-9.44319994966708,-10.996918392394,-0.905632720097551,115.24339622641509,113.64150943396228,204,17.911131470453505,0.5434782608695652,True
41900153,2020-08-21,2020,playoff,Tim Hardaway Jr.,DAL,38,19,0,1,22,23.60913545124071,0.5789473684210527,0.5789473684210527,-1.55371844272693,-9.44319994966708,-10.996918392394,-0.905632720097551,115.24339622641509,113.64150943396228,204,23.60913545124071,0.5789473684210527,True
41900154,2020-08-23,2020,playoff,Tim Hardaway Jr.,DAL,35,18,3,0,21,23.300414144632047,0.5434782608695652,0.5277777777777778,-1.55371844272693,-9.44319994966708,-10.996918392394,-0.905632720097551,115.24339622641509,113.64150943396228,204,23.300414144632047,0.5434782608695652,True
41900155,2020-08-25,2020,playoff,Tim Hardaway Jr.,DAL,25,14,2,0,19,25.17909704941344,0.6384408602150538,0.6071428571428571,-1.55371844272693,-9.44319994966708,-10.996918392394,-0.905632720097551,115.24339622641509,113.64150943396228,204,25.17909704941344,0.6384408602150538,True
41900156,2020-08-30,2020,playoff,Tim Hardaway Jr.,DAL,33,15,0,1,10,21.346087842251528,0.3333333333333333,0.3333333333333333,-1.55371844272693,-9.44319994966708,-10.996918392394,-0.905632720097551,115.24339622641509,113.64150943396228,204,21.346087842251528,0.3333333333333333,True
41900151,2020-08-17,2020,playoff,Trey Burke,DAL,20,5,0,1,2,12.79317697228145,0.2,0.2,2.2799169683674,-1.38762165812841,0.892295310238997,0.598901423150318,115.24339622641509,113.64150943396228,155,12.79317697228145,0.2,True
41900152,2020-08-19,2020,playoff,Trey Burke,DAL,18,11,4,1,16,32.39171374764595,0.6269592476489029,0.6363636363636364,2.2799169683674,-1.38762165812841,0.892295310238997,0.598901423150318,115.24339622641509,113.64150943396228,155,32.39171374764595,0.6269592476489029,True
41900153,2020-08-21,2020,playoff,Trey Burke,DAL,16,8,0,1,10,25.232263513513516,0.625,0.625,2.2799169683674,-1.38762165812841,0.892295310238997,0.598901423150318,115.24339622641509,113.64150943396228,155,25.232263513513516,0.625,True
41900154,2020-08-23,2020,playoff,Trey Burke,DAL,37,14,2,2,25,19.257294886476156,0.8400537634408601,0.8571428571428571,2.2799169683674,-1.38762165812841,0.892295310238997,0.598901423150318,115.24339622641509,113.64150943396228,155,19.257294886476156,0.8400537634408601,True
41900155,2020-08-25,2020,playoff,Trey Burke,DAL,29,11,2,0,15,17.329884648859363,0.6313131313131313,0.6363636363636364,2.2799169683674,-1.38762165812841,0.892295310238997,0.598901423150318,115.24339622641509,113.64150943396228,155,17.329884648859363,0.6313131313131313,True
41900156,2020-08-30,2020,playoff,Trey Burke,DAL,35,10,2,1,6,14.943786210136231,0.275735294117647,0.2,2.2799169683674,-1.38762165812841,0.892295310238997,0.598901423150318,115.24339622641509,113.64150943396228,155,14.943786210136231,0.275735294117647,True
41900166,2020-08-30,2020,playoff,Gary Harris,DEN,21,4,2,2,4,16.206114629759952,0.4098360655737705,0.25,-3.40711402806203,2.31881251692306,-1.08830151113897,0.333000111459214,115.68333333333334,114.04848484848485,378,16.206114629759952,0.4098360655737705,True
41900167,2020-09-01,2020,playoff,Gary Harris,DEN,26,9,2,0,4,18.399513776337116,0.2024291497975708,0.1666666666666666,-3.40711402806203,2.31881251692306,-1.08830151113897,0.333000111459214,115.68333333333334,114.04848484848485,378,18.399513776337116,0.2024291497975708,True
41900231,2020-09-03,2020,playoff,Gary Harris,DEN,24,5,0,2,5,12.688083970391942,0.5,0.5,-3.40711402806203,2.31881251692306,-1.08830151113897,0.333000111459214,115.68333333333334,114.04848484848485,378,12.688083970391942,0.5,True
41900232,2020-09-05,2020,playoff,Gary Harris,DEN,29,8,2,0,13,13.30370296386926,0.7319819819819819,0.75,-3.40711402806203,2.31881251692306,-1.08830151113897,0.333000111459214,115.68333333333334,114.04848484848485,378,13.30370296386926,0.7319819819819819,True
41900233,2020-09-07,2020,playoff,Gary Harris,DEN,35,6,2,1,10,9.707246376811597,0.7267441860465116,0.6666666666666666,-3.40711402806203,2.31881251692306,-1.08830151113897,0.333000111459214,115.68333333333334,114.04848484848485,378,9.707246376811597,0.7267441860465116,True
41900234,2020-09-09,2020,playoff,Gary Harris,DEN,23,5,6,3,10,23.764145324597976,0.6544502617801047,0.5,-3.40711402806203,2.31881251692306,-1.08830151113897,0.333000111459214,115.68333333333334,114.04848484848485,378,23.764145324597976,0.6544502617801047,True
41900235,2020-09-11,2020,playoff,Gary Harris,DEN,27,4,0,0,7,6.903991370010787,0.875,0.875,-3.40711402806203,2.31881251692306,-1.08830151113897,0.333000111459214,115.68333333333334,114.04848484848485,378,6.903991370010787,0.875,True
41900236,2020-09-13,2020,playoff,Gary Harris,DEN,42,11,6,4,16,20.184221065278336,0.5865102639296187,0.5454545454545454,-3.40711402806203,2.31881251692306,-1.08830151113897,0.333000111459214,115.68333333333334,114.04848484848485,378,20.184221065278336,0.5865102639296187,True
41900237,2020-09-15,2020,playoff,Gary Harris,DEN,37,11,0,1,14,14.963059945758909,0.6363636363636364,0.6363636363636364,-3.40711402806203,2.31881251692306,-1.08830151113897,0.333000111459214,115.68333333333334,114.04848484848485,378,14.963059945758909,0.6363636363636364,True
41900311,2020-09-18,2020,playoff,Gary Harris,DEN,25,7,0,2,5,15.45813869924542,0.3571428571428571,0.3571428571428571,-3.40711402806203,2.31881251692306,-1.08830151113897,0.333000111459214,115.68333333333334,114.04848484848485,378,15.45813869924542,0.3571428571428571,True
41900312,2020-09-20,2020,playoff,Gary Harris,DEN,25,6,0,2,3,14.285714285714285,0.25,0.25,-3.40711402806203,2.31881251692306,-1.08830151113897,0.333000111459214,115.68333333333334,114.04848484848485,378,14.285714285714285,0.25,True
41900313,2020-09-22,2020,playoff,Gary Harris,DEN,32,5,2,1,7,9.946029298380878,0.5952380952380952,0.5,-3.40711402806203,2.31881251692306,-1.08830151113897,0.333000111459214,115.68333333333334,114.04848484848485,378,9.946029298380878,0.5952380952380952,True
41900314,2020-09-24,2020,playoff,Gary Harris,DEN,19,5,0,0,3,12.927242688866478,0.3,0.3,-3.40711402806203,2.31881251692306,-1.08830151113897,0.333000111459214,115.68333333333334,114.04848484848485,378,12.927242688866478,0.3,True
41900315,2020-09-26,2020,playoff,Gary Harris,DEN,13,4,0,3,3,22.986618504227895,0.375,0.375,-3.40711402806203,2.31881251692306,-1.08830151113897,0.333000111459214,115.68333333333334,114.04848484848485,378,22.986618504227895,0.375,True
41900161,2020-08-17,2020,playoff,Michael Porter Jr.,DEN,31,13,0,1,13,20.852210945994926,0.5,0.5,1.9260616164663,-0.734568856628849,1.19149275983745,1.82619642796526,115.68333333333334,114.04848484848485,450,20.852210945994926,0.5,True
41900162,2020-08-19,2020,playoff,Michael Porter Jr.,DEN,33,17,3,0,28,26.352128883774455,0.7641921397379913,0.7647058823529411,1.9260616164663,-0.734568856628849,1.19149275983745,1.82619642796526,115.68333333333334,114.04848484848485,450,26.352128883774455,0.7641921397379913,True
41900163,2020-08-21,2020,playoff,Michael Porter Jr.,DEN,15,6,0,2,7,23.30662782228696,0.5833333333333334,0.5833333333333334,1.9260616164663,-0.734568856628849,1.19149275983745,1.82619642796526,115.68333333333334,114.04848484848485,450,23.30662782228696,0.5833333333333334,True
41900164,2020-08-23,2020,playoff,Michael Porter Jr.,DEN,23,8,0,0,9,14.944192780086862,0.5625,0.5625,1.9260616164663,-0.734568856628849,1.19149275983745,1.82619642796526,115.68333333333334,114.04848484848485,450,14.944192780086862,0.5625,True
41900165,2020-08-25,2020,playoff,Michael Porter Jr.,DEN,34,11,2,2,15,19.312794001210936,0.6313131313131313,0.5909090909090909,1.9260616164663,-0.734568856628849,1.19149275983745,1.82619642796526,115.68333333333334,114.04848484848485,450,19.312794001210936,0.6313131313131313,True
41900166,2020-08-30,2020,playoff,Michael Porter Jr.,DEN,28,7,0,1,2,14.133239502697634,0.1428571428571428,0.1428571428571428,1.9260616164663,-0.734568856628849,1.19149275983745,1.82619642796526,115.68333333333334,114.04848484848485,450,14.133239502697634,0.1428571428571428,True
41900167,2020-09-01,2020,playoff,Michael Porter Jr.,DEN,17,7,5,3,10,34.74830775097721,0.5434782608695653,0.5,1.9260616164663,-0.734568856628849,1.19149275983745,1.82619642796526,115.68333333333334,114.04848484848485,450,34.74830775097721,0.5434782608695653,True
41900231,2020-09-03,2020,playoff,Michael Porter Jr.,DEN,23,9,1,2,5,21.63751760814169,0.2648305084745763,0.2222222222222222,1.9260616164663,-0.734568856628849,1.19149275983745,1.82619642796526,115.68333333333334,114.04848484848485,450,21.63751760814169,0.2648305084745763,True
41900232,2020-09-05,2020,playoff,Michael Porter Jr.,DEN,16,10,0,0,11,27.15423606082549,0.55,0.55,1.9260616164663,-0.734568856628849,1.19149275983745,1.82619642796526,115.68333333333334,114.04848484848485,450,27.15423606082549,0.55,True
41900233,2020-09-07,2020,playoff,Michael Porter Jr.,DEN,23,17,0,1,18,33.742911153119096,0.5294117647058824,0.5294117647058824,1.9260616164663,-0.734568856628849,1.19149275983745,1.82619642796526,115.68333333333334,114.04848484848485,450,33.742911153119096,0.5294117647058824,True
41900234,2020-09-09,2020,playoff,Michael Porter Jr.,DEN,34,8,2,0,15,13.416599516518938,0.8445945945945945,0.8125,1.9260616164663,-0.734568856628849,1.19149275983745,1.82619642796526,115.68333333333334,114.04848484848485,450,13.416599516518938,0.8445945945945945,True
41900235,2020-09-11,2020,playoff,Michael Porter Jr.,DEN,22,3,4,1,7,12.201235657546338,0.7352941176470589,0.5,1.9260616164663,-0.734568856628849,1.19149275983745,1.82619642796526,115.68333333333334,114.04848484848485,450,12.201235657546338,0.7352941176470589,True
41900236,2020-09-13,2020,playoff,Michael Porter Jr.,DEN,27,7,4,2,13,19.15187113424999,0.7420091324200914,0.7857142857142857,1.9260616164663,-0.734568856628849,1.19149275983745,1.82619642796526,115.68333333333334,114.04848484848485,450,19.15187113424999,0.7420091324200914,True
41900237,2020-09-15,2020,playoff,Michael Porter Jr.,DEN,15,2,2,1,2,11.933871587850826,0.3472222222222222,0.0,1.9260616164663,-0.734568856628849,1.19149275983745,1.82619642796526,115.68333333333334,114.04848484848485,450,11.933871587850826,0.3472222222222222,True
41900311,2020-09-18,2020,playoff,Michael Porter Jr.,DEN,29,9,8,2,14,21.499250374812593,0.5591054313099042,0.3888888888888889,1.9260616164663,-0.734568856628849,1.19149275983745,1.82619642796526,115.68333333333334,114.04848484848485,450,21.499250374812593,0.5591054313099042,True
41900312,2020-09-20,2020,playoff,Michael Porter Jr.,DEN,20,9,2,2,15,26.517857142857142,0.7591093117408906,0.7777777777777778,1.9260616164663,-0.734568856628849,1.19149275983745,1.82619642796526,115.68333333333334,114.04848484848485,450,26.517857142857142,0.7591093117408906,True
41900313,2020-09-22,2020,playoff,Michael Porter Jr.,DEN,22,6,0,3,9,18.924791476834653,0.75,0.75,1.9260616164663,-0.734568856628849,1.19149275983745,1.82619642796526,115.68333333333334,114.04848484848485,450,18.924791476834653,0.75,True
41900314,2020-09-24,2020,playoff,Michael Porter Jr.,DEN,21,8,0,2,13,23.392153436996487,0.8125,0.8125,1.9260616164663,-0.734568856628849,1.19149275983745,1.82619642796526,115.68333333333334,114.04848484848485,450,23.392153436996487,0.8125,True
41900315,2020-09-26,2020,playoff,Michael Porter Jr.,DEN,17,7,2,0,10,19.787808399773997,0.6345177664974619,0.7142857142857143,1.9260616164663,-0.734568856628849,1.19149275983745,1.82619642796526,115.68333333333334,114.04848484848485,450,19.787808399773997,0.6345177664974619,True
41900161,2020-08-17,2020,playoff,Monte Morris,DEN,29,9,1,1,14,16.622191011235955,0.7415254237288136,0.7777777777777778,0.891961563428264,-2.29879036727279,-1.40682880384453,1.10971091678453,115.68333333333334,114.04848484848485,405,16.622191011235955,0.7415254237288136,True
41900162,2020-08-19,2020,playoff,Monte Morris,DEN,23,6,2,0,10,14.199229499174464,0.7267441860465116,0.6666666666666666,0.891961563428264,-2.29879036727279,-1.40682880384453,1.10971091678453,115.68333333333334,114.04848484848485,405,14.199229499174464,0.7267441860465116,True
41900163,2020-08-21,2020,playoff,Monte Morris,DEN,24,7,0,2,4,16.38747268754552,0.2857142857142857,0.2857142857142857,0.891961563428264,-2.29879036727279,-1.40682880384453,1.10971091678453,115.68333333333334,114.04848484848485,405,16.38747268754552,0.2857142857142857,True
41900164,2020-08-23,2020,playoff,Monte Morris,DEN,36,10,2,0,7,12.984843060031029,0.3216911764705882,0.3,0.891961563428264,-2.29879036727279,-1.40682880384453,1.10971091678453,115.68333333333334,114.04848484848485,405,12.984843060031029,0.3216911764705882,True
41900165,2020-08-25,2020,playoff,Monte Morris,DEN,18,5,2,1,4,18.082167678367203,0.3401360544217687,0.2,0.891961563428264,-2.29879036727279,-1.40682880384453,1.10971091678453,115.68333333333334,114.04848484848485,405,18.082167678367203,0.3401360544217687,True
41900166,2020-08-30,2020,playoff,Monte Morris,DEN,25,6,2,0,10,13.613136288998358,0.7267441860465116,0.6666666666666666,0.891961563428264,-2.29879036727279,-1.40682880384453,1.10971091678453,115.68333333333334,114.04848484848485,405,13.613136288998358,0.7267441860465116,True
41900167,2020-09-01,2020,playoff,Monte Morris,DEN,25,8,0,0,7,15.494327390599674,0.4375,0.4375,0.891961563428264,-2.29879036727279,-1.40682880384453,1.10971091678453,115.68333333333334,114.04848484848485,405,15.494327390599674,0.4375,True
41900231,2020-09-03,2020,playoff,Monte Morris,DEN,17,11,2,1,12,32.9591640077946,0.505050505050505,0.4545454545454545,0.891961563428264,-2.29879036727279,-1.40682880384453,1.10971091678453,115.68333333333334,114.04848484848485,405,32.9591640077946,0.505050505050505,True
41900232,2020-09-05,2020,playoff,Monte Morris,DEN,18,9,1,0,10,22.785421192372677,0.5296610169491526,0.5,0.891961563428264,-2.29879036727279,-1.40682880384453,1.10971091678453,115.68333333333334,114.04848484848485,405,22.785421192372677,0.5296610169491526,True
41900233,2020-09-07,2020,playoff,Monte Morris,DEN,18,5,0,1,9,14.371980676328503,0.9,0.9,0.891961563428264,-2.29879036727279,-1.40682880384453,1.10971091678453,115.68333333333334,114.04848484848485,405,14.371980676328503,0.9,True
41900234,2020-09-09,2020,playoff,Monte Morris,DEN,17,6,4,0,5,23.448831587429495,0.3221649484536082,0.1666666666666666,0.891961563428264,-2.29879036727279,-1.40682880384453,1.10971091678453,115.68333333333334,114.04848484848485,405,23.448831587429495,0.3221649484536082,True
41900235,2020-09-11,2020,playoff,Monte Morris,DEN,17,8,2,1,12,27.083952027412906,0.6756756756756757,0.625,0.891961563428264,-2.29879036727279,-1.40682880384453,1.10971091678453,115.68333333333334,114.04848484848485,405,27.083952027412906,0.6756756756756757,True
41900236,2020-09-13,2020,playoff,Monte Morris,DEN,16,7,1,0,10,22.3468161794153,0.6720430107526881,0.6428571428571429,0.891961563428264,-2.29879036727279,-1.40682880384453,1.10971091678453,115.68333333333334,114.04848484848485,405,22.3468161794153,0.6720430107526881,True
41900237,2020-09-15,2020,playoff,Monte Morris,DEN,13,3,0,1,5,14.195723538284092,0.8333333333333334,0.8333333333333334,0.891961563428264,-2.29879036727279,-1.40682880384453,1.10971091678453,115.68333333333334,114.04848484848485,405,14.195723538284092,0.8333333333333334,True
41900311,2020-09-18,2020,playoff,Monte Morris,DEN,21,6,4,1,8,17.911811508649453,0.5154639175257733,0.5,0.891961563428264,-2.29879036727279,-1.40682880384453,1.10971091678453,115.68333333333334,114.04848484848485,405,17.911811508649453,0.5154639175257733,True
41900312,2020-09-20,2020,playoff,Monte Morris,DEN,13,4,2,1,9,20.192307692307693,0.9221311475409836,0.875,0.891961563428264,-2.29879036727279,-1.40682880384453,1.10971091678453,115.68333333333334,114.04848484848485,405,20.192307692307693,0.9221311475409836,True
41900313,2020-09-22,2020,playoff,Monte Morris,DEN,20,7,2,0,14,18.226676946800307,0.8883248730964467,0.8571428571428571,0.891961563428264,-2.29879036727279,-1.40682880384453,1.10971091678453,115.68333333333334,114.04848484848485,405,18.226676946800307,0.8883248730964467,True
41900314,2020-09-24,2020,playoff,Monte Morris,DEN,27,7,5,0,12,16.738385348250816,0.6521739130434783,0.5714285714285714,0.891961563428264,-2.29879036727279,-1.40682880384453,1.10971091678453,115.68333333333334,114.04848484848485,405,16.738385348250816,0.6521739130434783,True
41900315,2020-09-26,2020,playoff,Monte Morris,DEN,28,9,2,0,10,15.063271840219548,0.5060728744939271,0.4444444444444444,0.891961563428264,-2.29879036727279,-1.40682880384453,1.10971091678453,115.68333333333334,114.04848484848485,405,15.063271840219548,0.5060728744939271,True
41900161,2020-08-17,2020,playoff,PJ Dozier,DEN,20,3,0,0,3,6.925912921348315,0.5,0.5,-0.216353045254481,-1.49464724362821,-1.71100028888269,0.218228331648793,115.68333333333334,114.04848484848485,123,6.925912921348315,0.5,True
41900162,2020-08-19,2020,playoff,PJ Dozier,DEN,19,3,4,1,5,14.390406395736177,0.5252100840336135,0.3333333333333333,-0.216353045254481,-1.49464724362821,-1.71100028888269,0.218228331648793,115.68333333333334,114.04848484848485,123,14.390406395736177,0.5252100840336135,True
41900163,2020-08-21,2020,playoff,PJ Dozier,DEN,21,9,3,3,7,27.718239517219857,0.3391472868217054,0.2222222222222222,-0.216353045254481,-1.49464724362821,-1.71100028888269,0.218228331648793,115.68333333333334,114.04848484848485,123,27.718239517219857,0.3391472868217054,True
41900231,2020-09-03,2020,playoff,PJ Dozier,DEN,10,6,0,2,6,34.801601747360756,0.5,0.5,-0.216353045254481,-1.49464724362821,-1.71100028888269,0.218228331648793,115.68333333333334,114.04848484848485,123,34.801601747360756,0.5,True
41900311,2020-09-18,2020,playoff,PJ Dozier,DEN,12,5,0,2,6,25.04790992933285,0.6,0.6,-0.216353045254481,-1.49464724362821,-1.71100028888269,0.218228331648793,115.68333333333334,114.04848484848485,123,25.04790992933285,0.6,True
41900312,2020-09-20,2020,playoff,PJ Dozier,DEN,14,2,5,0,3,13.392857142857146,0.3571428571428571,0.5,-0.216353045254481,-1.49464724362821,-1.71100028888269,0.218228331648793,115.68333333333334,114.04848484848485,123,13.392857142857146,0.3571428571428571,True
41900315,2020-09-26,2020,playoff,PJ Dozier,DEN,7,3,0,0,5,18.295471870712003,0.8333333333333334,0.8333333333333334,-0.216353045254481,-1.49464724362821,-1.71100028888269,0.218228331648793,115.68333333333334,114.04848484848485,123,18.295471870712003,0.8333333333333334,True
41900161,2020-08-17,2020,playoff,Paul Millsap,DEN,29,10,2,0,8,17.322743122820615,0.3676470588235294,0.35,-2.21178870245672,0.528600779094797,-1.68318792336192,0.259088041342069,115.68333333333334,114.04848484848485,459,17.322743122820615,0.3676470588235294,True
41900162,2020-08-19,2020,playoff,Paul Millsap,DEN,18,5,1,2,5,19.62025316455696,0.4595588235294117,0.4,-2.21178870245672,0.528600779094797,-1.68318792336192,0.259088041342069,115.68333333333334,114.04848484848485,459,19.62025316455696,0.4595588235294117,True
41900163,2020-08-21,2020,playoff,Paul Millsap,DEN,17,5,0,1,8,15.423503705925196,0.8,0.8,-2.21178870245672,0.528600779094797,-1.68318792336192,0.259088041342069,115.68333333333334,114.04848484848485,459,15.423503705925196,0.8,True
41900164,2020-08-23,2020,playoff,Paul Millsap,DEN,35,13,2,1,16,18.266073346631888,0.5763688760806917,0.5384615384615384,-2.21178870245672,0.528600779094797,-1.68318792336192,0.259088041342069,115.68333333333334,114.04848484848485,459,18.266073346631888,0.5763688760806917,True
41900165,2020-08-25,2020,playoff,Paul Millsap,DEN,19,4,2,1,4,14.64058007250906,0.4098360655737705,0.25,-2.21178870245672,0.528600779094797,-1.68318792336192,0.259088041342069,115.68333333333334,114.04848484848485,459,14.64058007250906,0.4098360655737705,True
41900166,2020-08-30,2020,playoff,Paul Millsap,DEN,19,3,2,2,5,15.30852994555354,0.6443298969072165,0.5,-2.21178870245672,0.528600779094797,-1.68318792336192,0.259088041342069,115.68333333333334,114.04848484848485,459,15.30852994555354,0.6443298969072165,True
41900167,2020-09-01,2020,playoff,Paul Millsap,DEN,14,1,0,1,2,6.917110442231998,1.0,1.0,-2.21178870245672,0.528600779094797,-1.68318792336192,0.259088041342069,115.68333333333334,114.04848484848485,459,6.917110442231998,1.0,True
41900231,2020-09-03,2020,playoff,Paul Millsap,DEN,24,6,8,3,13,22.693544472758155,0.6827731092436975,0.5833333333333334,-2.21178870245672,0.528600779094797,-1.68318792336192,0.259088041342069,115.68333333333334,114.04848484848485,459,22.693544472758155,0.6827731092436975,True
41900232,2020-09-05,2020,playoff,Paul Millsap,DEN,32,11,1,1,13,16.889934829833454,0.5681818181818182,0.5454545454545454,-2.21178870245672,0.528600779094797,-1.68318792336192,0.259088041342069,115.68333333333334,114.04848484848485,459,16.889934829833454,0.5681818181818182,True
41900233,2020-09-07,2020,playoff,Paul Millsap,DEN,28,7,2,0,11,12.134057971014492,0.6979695431472082,0.7142857142857143,-2.21178870245672,0.528600779094797,-1.68318792336192,0.259088041342069,115.68333333333334,114.04848484848485,459,12.134057971014492,0.6979695431472082,True
41900234,2020-09-09,2020,playoff,Paul Millsap,DEN,14,1,4,1,3,13.796477495107634,0.5434782608695653,0.0,-2.21178870245672,0.528600779094797,-1.68318792336192,0.259088041342069,115.68333333333334,114.04848484848485,459,13.796477495107634,0.5434782608695653,True
41900235,2020-09-11,2020,playoff,Paul Millsap,DEN,29,11,8,1,17,24.940073652494146,0.5853994490358126,0.5,-2.21178870245672,0.528600779094797,-1.68318792336192,0.259088041342069,115.68333333333334,114.04848484848485,459,24.940073652494146,0.5853994490358126,True
41900236,2020-09-13,2020,playoff,Paul Millsap,DEN,21,5,4,1,6,17.758453000743753,0.4437869822485207,0.4,-2.21178870245672,0.528600779094797,-1.68318792336192,0.259088041342069,115.68333333333334,114.04848484848485,459,17.758453000743753,0.4437869822485207,True
41900237,2020-09-15,2020,playoff,Paul Millsap,DEN,32,6,0,1,6,10.092272202998846,0.5,0.5,-2.21178870245672,0.528600779094797,-1.68318792336192,0.259088041342069,115.68333333333334,114.04848484848485,459,10.092272202998846,0.5,True
41900311,2020-09-18,2020,playoff,Paul Millsap,DEN,21,5,0,1,5,12.268364047020173,0.5,0.5,-2.21178870245672,0.528600779094797,-1.68318792336192,0.259088041342069,115.68333333333334,114.04848484848485,459,12.268364047020173,0.5,True
41900312,2020-09-20,2020,playoff,Paul Millsap,DEN,28,6,3,3,6,16.45408163265306,0.4098360655737705,0.3333333333333333,-2.21178870245672,0.528600779094797,-1.68318792336192,0.259088041342069,115.68333333333334,114.04848484848485,459,16.45408163265306,0.4098360655737705,True
41900313,2020-09-22,2020,playoff,Paul Millsap,DEN,31,8,2,1,6,14.743701345536849,0.3378378378378378,0.25,-2.21178870245672,0.528600779094797,-1.68318792336192,0.259088041342069,115.68333333333334,114.04848484848485,459,14.743701345536849,0.3378378378378378,True
41900314,2020-09-24,2020,playoff,Paul Millsap,DEN,17,3,2,3,5,19.880578403395603,0.6443298969072165,0.5,-2.21178870245672,0.528600779094797,-1.68318792336192,0.259088041342069,115.68333333333334,114.04848484848485,459,19.880578403395603,0.6443298969072165,True
41900315,2020-09-26,2020,playoff,Paul Millsap,DEN,31,8,11,1,13,19.05876682617826,0.5062305295950156,0.1875,-2.21178870245672,0.528600779094797,-1.68318792336192,0.259088041342069,115.68333333333334,114.04848484848485,459,19.05876682617826,0.5062305295950156,True
41900161,2020-08-17,2020,playoff,Torrey Craig,DEN,21,7,0,1,11,17.589620117710005,0.7857142857142857,0.7857142857142857,-0.338530374555009,-0.992807615390401,-1.33133798994541,0.771017184252474,115.68333333333334,114.04848484848485,375,17.589620117710005,0.7857142857142857,True
41900163,2020-08-21,2020,playoff,Torrey Craig,DEN,28,5,0,3,8,12.485693476225158,0.8,0.8,-0.338530374555009,-0.992807615390401,-1.33133798994541,0.771017184252474,115.68333333333334,114.04848484848485,375,12.485693476225158,0.8,True
41900164,2020-08-23,2020,playoff,Torrey Craig,DEN,19,4,0,0,2,9.045169314263102,0.25,0.25,-0.338530374555009,-0.992807615390401,-1.33133798994541,0.771017184252474,115.68333333333334,114.04848484848485,375,9.045169314263102,0.25,True
41900165,2020-08-25,2020,playoff,Torrey Craig,DEN,19,6,0,0,5,14.939367420927612,0.4166666666666667,0.4166666666666667,-0.338530374555009,-0.992807615390401,-1.33133798994541,0.771017184252474,115.68333333333334,114.04848484848485,375,14.939367420927612,0.4166666666666667,True
41900166,2020-08-30,2020,playoff,Torrey Craig,DEN,22,3,4,0,8,10.70271682340648,0.8403361344537815,0.8333333333333334,-0.338530374555009,-0.992807615390401,-1.33133798994541,0.771017184252474,115.68333333333334,114.04848484848485,375,10.70271682340648,0.8403361344537815,True
41900167,2020-09-01,2020,playoff,Torrey Craig,DEN,34,9,0,0,7,12.81699876060635,0.3888888888888889,0.3888888888888889,-0.338530374555009,-0.992807615390401,-1.33133798994541,0.771017184252474,115.68333333333334,114.04848484848485,375,12.81699876060635,0.3888888888888889,True
41900231,2020-09-03,2020,playoff,Torrey Craig,DEN,22,3,2,1,6,9.64953502995003,0.7731958762886598,0.8333333333333334,-0.338530374555009,-0.992807615390401,-1.33133798994541,0.771017184252474,115.68333333333334,114.04848484848485,375,9.64953502995003,0.7731958762886598,True
41900232,2020-09-05,2020,playoff,Torrey Craig,DEN,17,4,2,1,3,15.027473697661542,0.3073770491803279,0.25,-0.338530374555009,-0.992807615390401,-1.33133798994541,0.771017184252474,115.68333333333334,114.04848484848485,375,15.027473697661542,0.3073770491803279,True
41900233,2020-09-07,2020,playoff,Torrey Craig,DEN,6,2,0,0,0,14.3719806763285,0.0,0.0,-0.338530374555009,-0.992807615390401,-1.33133798994541,0.771017184252474,115.68333333333334,114.04848484848485,375,14.3719806763285,0.0,True
41900234,2020-09-09,2020,playoff,Torrey Craig,DEN,25,3,2,1,1,10.027397260273974,0.1288659793814433,0.0,-0.338530374555009,-0.992807615390401,-1.33133798994541,0.771017184252474,115.68333333333334,114.04848484848485,375,10.027397260273974,0.1288659793814433,True
41900235,2020-09-11,2020,playoff,Torrey Craig,DEN,18,3,0,0,4,7.766990291262135,0.6666666666666666,0.6666666666666666,-0.338530374555009,-0.992807615390401,-1.33133798994541,0.771017184252474,115.68333333333334,114.04848484848485,375,7.766990291262135,0.6666666666666666,True
41900236,2020-09-13,2020,playoff,Torrey Craig,DEN,23,4,0,0,7,8.35785551357281,0.875,0.875,-0.338530374555009,-0.992807615390401,-1.33133798994541,0.771017184252474,115.68333333333334,114.04848484848485,375,8.35785551357281,0.875,True
41900237,2020-09-15,2020,playoff,Torrey Craig,DEN,19,6,0,1,6,16.9975110787349,0.5,0.5,-0.338530374555009,-0.992807615390401,-1.33133798994541,0.771017184252474,115.68333333333334,114.04848484848485,375,16.9975110787349,0.5,True
41900311,2020-09-18,2020,playoff,Torrey Craig,DEN,10,4,2,0,6,20.95436579231046,0.6147540983606558,0.5,-0.338530374555009,-0.992807615390401,-1.33133798994541,0.771017184252474,115.68333333333334,114.04848484848485,375,20.95436579231046,0.6147540983606558,True
41900313,2020-09-22,2020,playoff,Torrey Craig,DEN,15,4,0,1,2,15.420200462606012,0.25,0.25,-0.338530374555009,-0.992807615390401,-1.33133798994541,0.771017184252474,115.68333333333334,114.04848484848485,375,15.420200462606012,0.25,True
41900314,2020-09-24,2020,playoff,Torrey Craig,DEN,19,6,0,0,7,15.512691226639776,0.5833333333333334,0.5833333333333334,-0.338530374555009,-0.992807615390401,-1.33133798994541,0.771017184252474,115.68333333333334,114.04848484848485,375,15.512691226639776,0.5833333333333334,True
41900315,2020-09-26,2020,playoff,Torrey Craig,DEN,7,1,0,0,0,6.098490623570667,0.0,0.0,-0.338530374555009,-0.992807615390401,-1.33133798994541,0.771017184252474,115.68333333333334,114.04848484848485,375,6.098490623570667,0.0,True
41900171,2020-08-18,2020,playoff,Ben McLemore,HOU,24,8,0,0,14,15.26766321706912,0.875,0.875,3.04426713559039,0.45577099862094,3.50003813421133,0.426308779450353,111.00833333333333,109.5,120,15.26766321706912,0.875,False
41900172,2020-08-20,2020,playoff,Ben McLemore,HOU,14,7,0,0,6,22.65861027190332,0.4285714285714285,0.4285714285714285,3.04426713559039,0.45577099862094,3.50003813421133,0.426308779450353,111.00833333333333,109.5,120,22.65861027190332,0.4285714285714285,False
41900173,2020-08-22,2020,playoff,Ben McLemore,HOU,18,2,0,1,0,7.478270685178915,0.0,0.0,3.04426713559039,0.45577099862094,3.50003813421133,0.426308779450353,111.00833333333333,109.5,120,7.478270685178915,0.0,False
41900174,2020-08-24,2020,playoff,Ben McLemore,HOU,9,3,0,0,3,14.68616697135893,0.5,0.5,3.04426713559039,0.45577099862094,3.50003813421133,0.426308779450353,111.00833333333333,109.5,120,14.68616697135893,0.5,False
41900175,2020-08-29,2020,playoff,Ben McLemore,HOU,10,4,0,0,3,16.456128371457837,0.375,0.375,3.04426713559039,0.45577099862094,3.50003813421133,0.426308779450353,111.00833333333333,109.5,120,16.456128371457837,0.375,False
41900223,2020-09-08,2020,playoff,Ben McLemore,HOU,10,2,0,0,0,9.983361064891849,0.0,0.0,3.04426713559039,0.45577099862094,3.50003813421133,0.426308779450353,111.00833333333333,109.5,120,9.983361064891849,0.0,False
41900224,2020-09-10,2020,playoff,Ben McLemore,HOU,15,3,0,1,9,13.094267861994023,1.5,1.5,3.04426713559039,0.45577099862094,3.50003813421133,0.426308779450353,111.00833333333333,109.5,120,13.094267861994023,1.5,False
41900225,2020-09-12,2020,playoff,Ben McLemore,HOU,20,9,0,1,9,21.69236285406956,0.5,0.5,3.04426713559039,0.45577099862094,3.50003813421133,0.426308779450353,111.00833333333333,109.5,120,21.69236285406956,0.5,False
41900171,2020-08-18,2020,playoff,Jeff Green,HOU,32,12,4,1,22,21.12662897661939,0.7994186046511628,0.7916666666666666,0.945949167681867,-0.093261929981318,0.852687237700548,0.751828231588468,111.00833333333333,109.5,341,21.12662897661939,0.7994186046511628,False
41900172,2020-08-20,2020,playoff,Jeff Green,HOU,37,11,0,3,15,17.147056421980896,0.6818181818181818,0.6818181818181818,0.945949167681867,-0.093261929981318,0.852687237700548,0.751828231588468,111.00833333333333,109.5,341,17.147056421980896,0.6818181818181818,False
41900173,2020-08-22,2020,playoff,Jeff Green,HOU,38,13,2,0,22,16.389220596360524,0.7925072046109509,0.8076923076923077,0.945949167681867,-0.093261929981318,0.852687237700548,0.751828231588468,111.00833333333333,109.5,341,16.389220596360524,0.7925072046109509,False
41900174,2020-08-24,2020,playoff,Jeff Green,HOU,32,10,0,1,10,15.145109689213896,0.5,0.5,0.945949167681867,-0.093261929981318,0.852687237700548,0.751828231588468,111.00833333333333,109.5,341,15.145109689213896,0.5,False
41900175,2020-08-29,2020,playoff,Jeff Green,HOU,31,11,0,1,9,15.92528552076565,0.4090909090909091,0.4090909090909091,0.945949167681867,-0.093261929981318,0.852687237700548,0.751828231588468,111.00833333333333,109.5,341,15.92528552076565,0.4090909090909091,False
41900176,2020-08-31,2020,playoff,Jeff Green,HOU,18,5,0,3,3,19.250738876907104,0.3,0.3,0.945949167681867,-0.093261929981318,0.852687237700548,0.751828231588468,111.00833333333333,109.5,341,19.250738876907104,0.3,False
41900177,2020-09-02,2020,playoff,Jeff Green,HOU,21,7,0,1,13,16.874967041079998,0.9285714285714286,0.9285714285714286,0.945949167681867,-0.093261929981318,0.852687237700548,0.751828231588468,111.00833333333333,109.5,341,16.874967041079998,0.9285714285714286,False
41900221,2020-09-04,2020,playoff,Jeff Green,HOU,24,5,0,2,7,13.098802395209583,0.7,0.7,0.945949167681867,-0.093261929981318,0.852687237700548,0.751828231588468,111.00833333333333,109.5,341,13.098802395209583,0.7,False
41900222,2020-09-06,2020,playoff,Jeff Green,HOU,22,2,0,1,0,6.200705687007055,0.0,0.0,0.945949167681867,-0.093261929981318,0.852687237700548,0.751828231588468,111.00833333333333,109.5,341,6.200705687007055,0.0,False
41900223,2020-09-08,2020,playoff,Jeff Green,HOU,35,11,1,1,16,17.741858806750656,0.6993006993006994,0.6818181818181818,0.945949167681867,-0.093261929981318,0.852687237700548,0.751828231588468,111.00833333333333,109.5,341,17.741858806750656,0.6993006993006994,False
41900224,2020-09-10,2020,playoff,Jeff Green,HOU,26,7,4,1,9,18.43270014419159,0.5136986301369864,0.4285714285714285,0.945949167681867,-0.093261929981318,0.852687237700548,0.751828231588468,111.00833333333333,109.5,341,18.43270014419159,0.5136986301369864,False
41900225,2020-09-12,2020,playoff,Jeff Green,HOU,25,9,6,0,13,20.19992828970957,0.5584192439862543,0.3888888888888889,0.945949167681867,-0.093261929981318,0.852687237700548,0.751828231588468,111.00833333333333,109.5,341,20.19992828970957,0.5584192439862543,False
41900171,2020-08-18,2020,playoff,P.J. Tucker,HOU,34,9,0,0,11,12.12432079002548,0.6111111111111112,0.6111111111111112,-0.023754480716485,2.92363444427245,2.89987996355596,1.22054894645967,111.00833333333333,109.5,414,12.12432079002548,0.6111111111111112,False
41900172,2020-08-20,2020,playoff,P.J. Tucker,HOU,30,7,0,0,14,10.574018126888218,1.0,1.0,-0.023754480716485,2.92363444427245,2.89987996355596,1.22054894645967,111.00833333333333,109.5,414,10.574018126888218,1.0,False
41900173,2020-08-22,2020,playoff,P.J. Tucker,HOU,44,7,0,2,5,9.177877659083212,0.3571428571428571,0.3571428571428571,-0.023754480716485,2.92363444427245,2.89987996355596,1.22054894645967,111.00833333333333,109.5,414,9.177877659083212,0.3571428571428571,False
41900174,2020-08-24,2020,playoff,P.J. Tucker,HOU,38,10,0,3,11,15.072645049552586,0.55,0.55,-0.023754480716485,2.92363444427245,2.89987996355596,1.22054894645967,111.00833333333333,109.5,414,15.072645049552586,0.55,False
41900175,2020-08-29,2020,playoff,P.J. Tucker,HOU,21,5,0,2,5,13.713440309548195,0.5,0.5,-0.023754480716485,2.92363444427245,2.89987996355596,1.22054894645967,111.00833333333333,109.5,414,13.713440309548195,0.5,False
41900176,2020-08-31,2020,playoff,P.J. Tucker,HOU,38,8,0,2,9,11.398463808694991,0.5625,0.5625,-0.023754480716485,2.92363444427245,2.89987996355596,1.22054894645967,111.00833333333333,109.5,414,11.398463808694991,0.5625,False
41900177,2020-09-02,2020,playoff,P.J. Tucker,HOU,39,8,0,0,5,9.08652071442769,0.3125,0.3125,-0.023754480716485,2.92363444427245,2.89987996355596,1.22054894645967,111.00833333333333,109.5,414,9.08652071442769,0.3125,False
41900221,2020-09-04,2020,playoff,P.J. Tucker,HOU,36,7,0,2,6,11.227544910179642,0.4285714285714285,0.4285714285714285,-0.023754480716485,2.92363444427245,2.89987996355596,1.22054894645967,111.00833333333333,109.5,414,11.227544910179642,0.4285714285714285,False
41900222,2020-09-06,2020,playoff,P.J. Tucker,HOU,34,10,0,0,18,13.374071089623063,0.9,0.9,-0.023754480716485,2.92363444427245,2.89987996355596,1.22054894645967,111.00833333333333,109.5,414,13.374071089623063,0.9,False
41900224,2020-09-10,2020,playoff,P.J. Tucker,HOU,33,4,0,0,0,5.951939937270011,0.0,0.0,-0.023754480716485,2.92363444427245,2.89987996355596,1.22054894645967,111.00833333333333,109.5,414,5.951939937270011,0.0,False
41900225,2020-09-12,2020,playoff,P.J. Tucker,HOU,29,10,0,1,8,16.456275268604493,0.4,0.4,-0.023754480716485,2.92363444427245,2.89987996355596,1.22054894645967,111.00833333333333,109.5,414,16.456275268604493,0.4,False
41900171,2020-08-18,2020,playoff,Robert Covington,HOU,31,6,0,1,3,10.34261056640166,0.25,0.25,0.179000847512828,2.19542391894911,2.37442476646194,1.02981943887284,111.00833333333333,109.5,378,10.34261056640166,0.25,False
41900172,2020-08-20,2020,playoff,Robert Covington,HOU,27,7,0,3,10,16.784155756965426,0.7142857142857143,0.7142857142857143,0.179000847512828,2.19542391894911,2.37442476646194,1.02981943887284,111.00833333333333,109.5,378,16.784155756965426,0.7142857142857143,False
41900173,2020-08-22,2020,playoff,Robert Covington,HOU,19,2,2,0,5,6.801290391573243,0.8680555555555556,0.75,0.179000847512828,2.19542391894911,2.37442476646194,1.02981943887284,111.00833333333333,109.5,378,6.801290391573243,0.8680555555555556,False
41900174,2020-08-24,2020,playoff,Robert Covington,HOU,34,11,0,2,14,16.845897408323474,0.6363636363636364,0.6363636363636364,0.179000847512828,2.19542391894911,2.37442476646194,1.02981943887284,111.00833333333333,109.5,378,16.845897408323474,0.6363636363636364,False
41900175,2020-08-29,2020,playoff,Robert Covington,HOU,31,14,0,1,22,19.90660690095706,0.7857142857142857,0.7857142857142857,0.179000847512828,2.19542391894911,2.37442476646194,1.02981943887284,111.00833333333333,109.5,378,19.90660690095706,0.7857142857142857,False
41900176,2020-08-31,2020,playoff,Robert Covington,HOU,38,11,0,1,18,13.678156570433996,0.8181818181818182,0.8181818181818182,0.179000847512828,2.19542391894911,2.37442476646194,1.02981943887284,111.00833333333333,109.5,378,13.678156570433996,0.8181818181818182,False
41900177,2020-09-02,2020,playoff,Robert Covington,HOU,39,15,2,0,21,18.036743618138967,0.6612090680100755,0.6666666666666666,0.179000847512828,2.19542391894911,2.37442476646194,1.02981943887284,111.00833333333333,109.5,378,18.036743618138967,0.6612090680100755,False
41900222,2020-09-06,2020,playoff,Robert Covington,HOU,38,10,3,1,17,14.742449731635022,0.7508833922261484,0.7,0.179000847512828,2.19542391894911,2.37442476646194,1.02981943887284,111.00833333333333,109.5,378,14.742449731635022,0.7508833922261484,False
41900223,2020-09-08,2020,playoff,Robert Covington,HOU,36,7,0,2,10,12.47920133111481,0.7142857142857143,0.7142857142857143,0.179000847512828,2.19542391894911,2.37442476646194,1.02981943887284,111.00833333333333,109.5,378,12.47920133111481,0.7142857142857143,False
41900224,2020-09-10,2020,playoff,Robert Covington,HOU,24,2,0,1,3,6.1379380603097,0.75,0.75,0.179000847512828,2.19542391894911,2.37442476646194,1.02981943887284,111.00833333333333,109.5,378,6.1379380603097,0.75,False
41900225,2020-09-12,2020,playoff,Robert Covington,HOU,22,7,0,0,5,13.804230907135173,0.3571428571428571,0.3571428571428571,0.179000847512828,2.19542391894911,2.37442476646194,1.02981943887284,111.00833333333333,109.5,378,13.804230907135173,0.3571428571428571,False
41900131,2020-08-18,2020,playoff,Aaron Holiday,IND,16,5,2,0,9,17.95044588569112,0.7653061224489796,0.7,0.343269252151301,1.2686037550102,1.6118730071615,3.5889274538925,120.8095238095238,117.4952380952381,72,17.95044588569112,0.7653061224489796,True
41900132,2020-08-20,2020,playoff,Aaron Holiday,IND,21,9,0,2,12,23.764515257899006,0.6666666666666666,0.6666666666666666,0.343269252151301,1.2686037550102,1.6118730071615,3.5889274538925,120.8095238095238,117.4952380952381,72,23.764515257899006,0.6666666666666666,True
41900133,2020-08-22,2020,playoff,Aaron Holiday,IND,22,5,3,1,10,14.476893664710923,0.7911392405063291,0.9,0.343269252151301,1.2686037550102,1.6118730071615,3.5889274538925,120.8095238095238,117.4952380952381,72,14.476893664710923,0.7911392405063291,True
41900134,2020-08-24,2020,playoff,Aaron Holiday,IND,13,2,0,1,0,11.140902366863909,0.0,0.0,0.343269252151301,1.2686037550102,1.6118730071615,3.5889274538925,120.8095238095238,117.4952380952381,72,11.140902366863909,0.0,True
41900131,2020-08-18,2020,playoff,Malcolm Brogdon,IND,39,18,10,3,22,31.81170943635475,0.4910714285714286,0.3611111111111111,0.805270986493047,0.033116130087659,0.838387116580707,3.02723673496288,120.8095238095238,117.4952380952381,160,31.81170943635475,0.4910714285714286,True
41900132,2020-08-20,2020,playoff,Malcolm Brogdon,IND,38,14,9,0,17,21.442642523132022,0.4732739420935412,0.3571428571428571,0.805270986493047,0.033116130087659,0.838387116580707,3.02723673496288,120.8095238095238,117.4952380952381,160,21.442642523132022,0.4732739420935412,True
41900133,2020-08-22,2020,playoff,Malcolm Brogdon,IND,43,17,8,5,34,25.822554260755187,0.8284600389863548,0.7647058823529411,0.805270986493047,0.033116130087659,0.838387116580707,3.02723673496288,120.8095238095238,117.4952380952381,160,25.822554260755187,0.8284600389863548,True
41900134,2020-08-24,2020,playoff,Malcolm Brogdon,IND,40,16,1,2,13,22.255809294871796,0.3953771289537712,0.375,0.805270986493047,0.033116130087659,0.838387116580707,3.02723673496288,120.8095238095238,117.4952380952381,160,22.255809294871796,0.3953771289537712,True
41900131,2020-08-18,2020,playoff,Myles Turner,IND,33,11,2,2,9,20.544398177150512,0.3787878787878788,0.3636363636363636,-3.80562065750115,2.3524102246775,-1.45321043282365,0.100397486665832,120.8095238095238,117.4952380952381,146,20.544398177150512,0.3787878787878788,True
41900132,2020-08-20,2020,playoff,Myles Turner,IND,33,8,0,3,17,15.122873345935728,1.0625,1.0625,-3.80562065750115,2.3524102246775,-1.45321043282365,0.100397486665832,120.8095238095238,117.4952380952381,146,15.122873345935728,1.0625,True
41900133,2020-08-22,2020,playoff,Myles Turner,IND,38,9,8,2,15,16.625319644288385,0.5990415335463259,0.6111111111111112,-3.80562065750115,2.3524102246775,-1.45321043282365,0.100397486665832,120.8095238095238,117.4952380952381,146,16.625319644288385,0.5990415335463259,True
41900134,2020-08-24,2020,playoff,Myles Turner,IND,42,16,6,2,22,23.72481684981685,0.5901287553648068,0.625,-3.80562065750115,2.3524102246775,-1.45321043282365,0.100397486665832,120.8095238095238,117.4952380952381,146,23.72481684981685,0.5901287553648068,True
41900131,2020-08-18,2020,playoff,Victor Oladipo,IND,9,2,4,1,4,25.833445930730083,0.5319148936170213,0.0,-1.72768958238295,2.50460892880404,0.776919346421092,0.960636704376108,120.8095238095238,117.4952380952381,124,25.833445930730083,0.5319148936170213,True
41900132,2020-08-20,2020,playoff,Victor Oladipo,IND,37,14,8,6,22,28.83972819700608,0.6278538812785388,0.5,-1.72768958238295,2.50460892880404,0.776919346421092,0.960636704376108,120.8095238095238,117.4952380952381,124,28.83972819700608,0.6278538812785388,True
41900133,2020-08-22,2020,playoff,Victor Oladipo,IND,34,21,2,3,20,31.83892846478693,0.4570383912248629,0.4523809523809524,-1.72768958238295,2.50460892880404,0.776919346421092,0.960636704376108,120.8095238095238,117.4952380952381,124,31.83892846478693,0.4570383912248629,True
41900134,2020-08-24,2020,playoff,Victor Oladipo,IND,44,19,2,4,25,26.201376748251747,0.6287726358148894,0.6052631578947368,-1.72768958238295,2.50460892880404,0.776919346421092,0.960636704376108,120.8095238095238,117.4952380952381,124,26.201376748251747,0.6287726358148894,True
41900151,2020-08-17,2020,playoff,Ivica Zubac,LAC,22,9,0,0,10,16.891035793474817,0.5555555555555556,0.5555555555555556,1.04015836117484,3.66152516053097,4.70168352170582,5.02090261024195,114.88372093023256,113.4139534883721,320,16.891035793474817,0.5555555555555556,True
41900152,2020-08-19,2020,playoff,Ivica Zubac,LAC,18,2,2,0,3,6.6115702479338845,0.5208333333333334,0.5,1.04015836117484,3.66152516053097,4.70168352170582,5.02090261024195,114.88372093023256,113.4139534883721,320,6.6115702479338845,0.5208333333333334,True
41900153,2020-08-21,2020,playoff,Ivica Zubac,LAC,30,8,4,0,15,14.342395297575314,0.7684426229508197,0.75,1.04015836117484,3.66152516053097,4.70168352170582,5.02090261024195,114.88372093023256,113.4139534883721,320,14.342395297575314,0.7684426229508197,True
41900154,2020-08-23,2020,playoff,Ivica Zubac,LAC,22,9,5,0,15,22.46986857246684,0.6696428571428572,0.5555555555555556,1.04015836117484,3.66152516053097,4.70168352170582,5.02090261024195,114.88372093023256,113.4139534883721,320,22.46986857246684,0.6696428571428572,True
41900155,2020-08-25,2020,playoff,Ivica Zubac,LAC,24,2,6,1,9,9.8982098982099,0.9698275862068964,1.0,1.04015836117484,3.66152516053097,4.70168352170582,5.02090261024195,114.88372093023256,113.4139534883721,320,9.8982098982099,0.9698275862068964,True
41900156,2020-08-30,2020,playoff,Ivica Zubac,LAC,33,8,3,1,15,13.738110231001228,0.8047210300429184,0.75,1.04015836117484,3.66152516053097,4.70168352170582,5.02090261024195,114.88372093023256,113.4139534883721,320,13.738110231001228,0.8047210300429184,True
41900231,2020-09-03,2020,playoff,Ivica Zubac,LAC,24,3,0,2,4,9.401466312729111,0.6666666666666666,0.6666666666666666,1.04015836117484,3.66152516053097,4.70168352170582,5.02090261024195,114.88372093023256,113.4139534883721,320,9.401466312729111,0.6666666666666666,True
41900232,2020-09-05,2020,playoff,Ivica Zubac,LAC,20,8,4,1,15,21.837975543478255,0.7684426229508197,0.75,1.04015836117484,3.66152516053097,4.70168352170582,5.02090261024195,114.88372093023256,113.4139534883721,320,21.837975543478255,0.7684426229508197,True
41900233,2020-09-07,2020,playoff,Ivica Zubac,LAC,21,1,7,3,8,15.644680145840242,0.9803921568627452,1.0,1.04015836117484,3.66152516053097,4.70168352170582,5.02090261024195,114.88372093023256,113.4139534883721,320,15.644680145840242,0.9803921568627452,True
41900234,2020-09-09,2020,playoff,Ivica Zubac,LAC,30,9,4,1,11,18.74782608695652,0.5111524163568774,0.4444444444444444,1.04015836117484,3.66152516053097,4.70168352170582,5.02090261024195,114.88372093023256,113.4139534883721,320,18.74782608695652,0.5111524163568774,True
41900235,2020-09-11,2020,playoff,Ivica Zubac,LAC,32,8,2,2,5,15.62021439509954,0.2815315315315315,0.25,1.04015836117484,3.66152516053097,4.70168352170582,5.02090261024195,114.88372093023256,113.4139534883721,320,15.62021439509954,0.2815315315315315,True
41900236,2020-09-13,2020,playoff,Ivica Zubac,LAC,30,6,0,1,2,10.886469673405912,0.1666666666666666,0.1666666666666666,1.04015836117484,3.66152516053097,4.70168352170582,5.02090261024195,114.88372093023256,113.4139534883721,320,10.886469673405912,0.1666666666666666,True
41900237,2020-09-15,2020,playoff,Ivica Zubac,LAC,14,5,0,0,6,16.015374759769376,0.6,0.6,1.04015836117484,3.66152516053097,4.70168352170582,5.02090261024195,114.88372093023256,113.4139534883721,320,16.015374759769376,0.6,True
41900151,2020-08-17,2020,playoff,Patrick Beverley,LAC,20,6,2,1,8,16.267944250871082,0.5813953488372093,0.6666666666666666,-0.554439221521735,5.22201229348954,4.66757307196781,0.652478535350067,114.88372093023256,113.4139534883721,166,16.267944250871082,0.5813953488372093,True
41900231,2020-09-03,2020,playoff,Patrick Beverley,LAC,12,5,0,1,8,22.56351915054987,0.8,0.8,-0.554439221521735,5.22201229348954,4.66757307196781,0.652478535350067,114.88372093023256,113.4139534883721,166,22.56351915054987,0.8,True
41900232,2020-09-05,2020,playoff,Patrick Beverley,LAC,15,2,0,1,2,8.118206521739129,0.5,0.5,-0.554439221521735,5.22201229348954,4.66757307196781,0.652478535350067,114.88372093023256,113.4139534883721,166,8.118206521739129,0.5,True
41900233,2020-09-07,2020,playoff,Patrick Beverley,LAC,21,6,0,1,7,15.467904098994586,0.5833333333333334,0.5833333333333334,-0.554439221521735,5.22201229348954,4.66757307196781,0.652478535350067,114.88372093023256,113.4139534883721,166,15.467904098994586,0.5833333333333334,True
41900234,2020-09-09,2020,playoff,Patrick Beverley,LAC,23,3,0,1,2,8.31758034026465,0.3333333333333333,0.3333333333333333,-0.554439221521735,5.22201229348954,4.66757307196781,0.652478535350067,114.88372093023256,113.4139534883721,166,8.31758034026465,0.3333333333333333,True
41900235,2020-09-11,2020,playoff,Patrick Beverley,LAC,27,8,0,0,10,13.6123872724179,0.625,0.625,-0.554439221521735,5.22201229348954,4.66757307196781,0.652478535350067,114.88372093023256,113.4139534883721,166,13.6123872724179,0.625,True
41900236,2020-09-13,2020,playoff,Patrick Beverley,LAC,18,2,0,2,2,10.368066355624675,0.5,0.5,-0.554439221521735,5.22201229348954,4.66757307196781,0.652478535350067,114.88372093023256,113.4139534883721,166,10.368066355624675,0.5,True
41900237,2020-09-15,2020,playoff,Patrick Beverley,LAC,30,7,2,0,11,11.778774289985051,0.6979695431472082,0.6428571428571429,-0.554439221521735,5.22201229348954,4.66757307196781,0.652478535350067,114.88372093023256,113.4139534883721,166,11.778774289985051,0.6979695431472082,True
41900141,2020-08-18,2020,playoff,Alex Caruso,LAL,29,6,0,2,2,11.067685816068895,0.1666666666666666,0.1666666666666666,-2.69627589067693,2.50033690546233,-0.195938985214601,0.693187252911911,113.61666666666667,111.6375,511,11.067685816068895,0.1666666666666666,False
41900142,2020-08-20,2020,playoff,Alex Caruso,LAL,17,4,0,1,3,12.894288150042623,0.375,0.375,-2.69627589067693,2.50033690546233,-0.195938985214601,0.693187252911911,113.61666666666667,111.6375,511,12.894288150042623,0.375,False
41900143,2020-08-22,2020,playoff,Alex Caruso,LAL,27,5,4,2,10,13.670411985018728,0.7396449704142012,0.7,-2.69627589067693,2.50033690546233,-0.195938985214601,0.693187252911911,113.61666666666667,111.6375,511,13.670411985018728,0.7396449704142012,False
41900144,2020-08-24,2020,playoff,Alex Caruso,LAL,21,7,0,1,5,16.012009006755065,0.3571428571428571,0.3571428571428571,-2.69627589067693,2.50033690546233,-0.195938985214601,0.693187252911911,113.61666666666667,111.6375,511,16.012009006755065,0.3571428571428571,False
41900145,2020-08-29,2020,playoff,Alex Caruso,LAL,25,5,2,3,7,14.581380968739262,0.5952380952380952,0.6,-2.69627589067693,2.50033690546233,-0.195938985214601,0.693187252911911,113.61666666666667,111.6375,511,14.581380968739262,0.5952380952380952,False
41900221,2020-09-04,2020,playoff,Alex Caruso,LAL,16,7,4,2,14,30.3497555471982,0.7990867579908676,0.7142857142857143,-2.69627589067693,2.50033690546233,-0.195938985214601,0.693187252911911,113.61666666666667,111.6375,511,30.3497555471982,0.7990867579908676,False
41900222,2020-09-06,2020,playoff,Alex Caruso,LAL,26,5,0,2,2,12.251626772019522,0.2,0.2,-2.69627589067693,2.50033690546233,-0.195938985214601,0.693187252911911,113.61666666666667,111.6375,511,12.251626772019522,0.2,False
41900223,2020-09-08,2020,playoff,Alex Caruso,LAL,25,2,0,2,5,7.626582278481013,1.25,1.25,-2.69627589067693,2.50033690546233,-0.195938985214601,0.693187252911911,113.61666666666667,111.6375,511,7.626582278481013,1.25,False
41900224,2020-09-10,2020,playoff,Alex Caruso,LAL,30,9,4,1,16,17.01585014409222,0.7434944237918216,0.6666666666666666,-2.69627589067693,2.50033690546233,-0.195938985214601,0.693187252911911,113.61666666666667,111.6375,511,17.01585014409222,0.7434944237918216,False
41900225,2020-09-12,2020,playoff,Alex Caruso,LAL,24,6,0,1,5,13.347831568330813,0.4166666666666667,0.4166666666666667,-2.69627589067693,2.50033690546233,-0.195938985214601,0.693187252911911,113.61666666666667,111.6375,511,13.347831568330813,0.4166666666666667,False
41900311,2020-09-18,2020,playoff,Alex Caruso,LAL,22,3,5,0,5,10.244996207999472,0.4807692307692307,0.3333333333333333,-2.69627589067693,2.50033690546233,-0.195938985214601,0.693187252911911,113.61666666666667,111.6375,511,10.244996207999472,0.4807692307692307,False
41900312,2020-09-20,2020,playoff,Alex Caruso,LAL,29,6,2,1,9,11.357479707155866,0.6540697674418605,0.5833333333333334,-2.69627589067693,2.50033690546233,-0.195938985214601,0.693187252911911,113.61666666666667,111.6375,511,11.357479707155866,0.6540697674418605,False
41900313,2020-09-22,2020,playoff,Alex Caruso,LAL,25,7,0,1,2,14.192123665807877,0.1428571428571428,0.1428571428571428,-2.69627589067693,2.50033690546233,-0.195938985214601,0.693187252911911,113.61666666666667,111.6375,511,14.192123665807877,0.1428571428571428,False
41900314,2020-09-24,2020,playoff,Alex Caruso,LAL,20,4,0,1,3,11.494252873563218,0.375,0.375,-2.69627589067693,2.50033690546233,-0.195938985214601,0.693187252911911,113.61666666666667,111.6375,511,11.494252873563218,0.375,False
41900315,2020-09-26,2020,playoff,Alex Caruso,LAL,26,7,1,3,11,18.756175704404587,0.739247311827957,0.7142857142857143,-2.69627589067693,2.50033690546233,-0.195938985214601,0.693187252911911,113.61666666666667,111.6375,511,18.756175704404587,0.739247311827957,False
41900401,2020-09-30,2020,playoff,Alex Caruso,LAL,22,6,2,1,10,15.870495837125429,0.7267441860465116,0.75,-2.69627589067693,2.50033690546233,-0.195938985214601,0.693187252911911,113.61666666666667,111.6375,511,15.870495837125429,0.7267441860465116,False
41900402,2020-10-02,2020,playoff,Alex Caruso,LAL,23,5,0,2,6,12.87336592542643,0.6,0.6,-2.69627589067693,2.50033690546233,-0.195938985214601,0.693187252911911,113.61666666666667,111.6375,511,12.87336592542643,0.6,False
41900403,2020-10-04,2020,playoff,Alex Caruso,LAL,26,4,6,0,8,11.067588965747143,0.6024096385542168,0.375,-2.69627589067693,2.50033690546233,-0.195938985214601,0.693187252911911,113.61666666666667,111.6375,511,11.067588965747143,0.6024096385542168,False
41900404,2020-10-06,2020,playoff,Alex Caruso,LAL,22,5,0,1,7,12.732908316015642,0.7,0.7,-2.69627589067693,2.50033690546233,-0.195938985214601,0.693187252911911,113.61666666666667,111.6375,511,12.732908316015642,0.7,False
41900405,2020-10-09,2020,playoff,Alex Caruso,LAL,23,3,0,3,3,11.78627553693033,0.5,0.5,-2.69627589067693,2.50033690546233,-0.195938985214601,0.693187252911911,113.61666666666667,111.6375,511,11.78627553693033,0.5,False
41900406,2020-10-11,2020,playoff,Alex Caruso,LAL,33,7,0,1,4,10.813623355616638,0.2857142857142857,0.2857142857142857,-2.69627589067693,2.50033690546233,-0.195938985214601,0.693187252911911,113.61666666666667,111.6375,511,10.813623355616638,0.2857142857142857,False
41900141,2020-08-18,2020,playoff,Danny Green,LAL,24,12,0,0,10,20.060180541624874,0.4166666666666667,0.4166666666666667,0.389443686576186,2.31626712697085,2.70571081354703,4.717740828638,113.61666666666667,111.6375,526,20.060180541624874,0.4166666666666667,False
41900142,2020-08-20,2020,playoff,Danny Green,LAL,22,6,0,1,3,13.949275362318838,0.25,0.25,0.389443686576186,2.31626712697085,2.70571081354703,4.717740828638,113.61666666666667,111.6375,526,13.949275362318838,0.25,False
41900143,2020-08-22,2020,playoff,Danny Green,LAL,32,8,0,0,8,10.53370786516854,0.5,0.5,0.389443686576186,2.31626712697085,2.70571081354703,4.717740828638,113.61666666666667,111.6375,526,10.53370786516854,0.5,False
41900144,2020-08-24,2020,playoff,Danny Green,LAL,25,8,3,2,14,19.031873905429073,0.7510729613733905,0.8125,0.389443686576186,2.31626712697085,2.70571081354703,4.717740828638,113.61666666666667,111.6375,526,19.031873905429073,0.7510729613733905,False
41900145,2020-08-29,2020,playoff,Danny Green,LAL,32,8,0,2,5,12.828495362418412,0.3125,0.3125,0.389443686576186,2.31626712697085,2.70571081354703,4.717740828638,113.61666666666667,111.6375,526,12.828495362418412,0.3125,False
41900221,2020-09-04,2020,playoff,Danny Green,LAL,28,12,0,0,10,19.341320582388654,0.4166666666666667,0.4166666666666667,0.389443686576186,2.31626712697085,2.70571081354703,4.717740828638,113.61666666666667,111.6375,526,19.341320582388654,0.4166666666666667,False
41900222,2020-09-06,2020,playoff,Danny Green,LAL,31,6,0,0,9,8.80762108956242,0.75,0.75,0.389443686576186,2.31626712697085,2.70571081354703,4.717740828638,113.61666666666667,111.6375,526,8.80762108956242,0.75,False
41900223,2020-09-08,2020,playoff,Danny Green,LAL,22,5,0,0,2,10.833213463751438,0.2,0.2,0.389443686576186,2.31626712697085,2.70571081354703,4.717740828638,113.61666666666667,111.6375,526,10.833213463751438,0.2,False
41900224,2020-09-10,2020,playoff,Danny Green,LAL,26,9,0,0,10,15.025770339170917,0.5555555555555556,0.5555555555555556,0.389443686576186,2.31626712697085,2.70571081354703,4.717740828638,113.61666666666667,111.6375,526,15.025770339170917,0.5555555555555556,False
41900225,2020-09-12,2020,playoff,Danny Green,LAL,25,6,3,1,14,15.230257186081694,0.9562841530054644,1.0,0.389443686576186,2.31626712697085,2.70571081354703,4.717740828638,113.61666666666667,111.6375,526,15.230257186081694,0.9562841530054644,False
41900311,2020-09-18,2020,playoff,Danny Green,LAL,23,10,1,0,8,19.67450442352273,0.3831417624521073,0.35,0.389443686576186,2.31626712697085,2.70571081354703,4.717740828638,113.61666666666667,111.6375,526,19.67450442352273,0.3831417624521073,False
41900312,2020-09-20,2020,playoff,Danny Green,LAL,28,14,0,1,11,22.391695397991302,0.3928571428571428,0.3928571428571428,0.389443686576186,2.31626712697085,2.70571081354703,4.717740828638,113.61666666666667,111.6375,526,22.391695397991302,0.3928571428571428,False
41900313,2020-09-22,2020,playoff,Danny Green,LAL,20,4,2,0,4,10.821494295178503,0.4098360655737705,0.375,0.389443686576186,2.31626712697085,2.70571081354703,4.717740828638,113.61666666666667,111.6375,526,10.821494295178503,0.4098360655737705,False
41900314,2020-09-24,2020,playoff,Danny Green,LAL,21,6,0,0,3,13.136288998357964,0.25,0.25,0.389443686576186,2.31626712697085,2.70571081354703,4.717740828638,113.61666666666667,111.6375,526,13.136288998357964,0.25,False
41900315,2020-09-26,2020,playoff,Danny Green,LAL,28,7,4,0,11,14.613801924039372,0.6278538812785388,0.5714285714285714,0.389443686576186,2.31626712697085,2.70571081354703,4.717740828638,113.61666666666667,111.6375,526,14.613801924039372,0.6278538812785388,False
41900401,2020-09-30,2020,playoff,Danny Green,LAL,30,9,0,2,11,16.24644666913855,0.6111111111111112,0.6111111111111112,0.389443686576186,2.31626712697085,2.70571081354703,4.717740828638,113.61666666666667,111.6375,526,16.24644666913855,0.6111111111111112,False
41900402,2020-10-02,2020,playoff,Danny Green,LAL,22,8,0,0,3,15.381164482327684,0.1875,0.1875,0.389443686576186,2.31626712697085,2.70571081354703,4.717740828638,113.61666666666667,111.6375,526,15.381164482327684,0.1875,False
41900403,2020-10-04,2020,playoff,Danny Green,LAL,17,6,2,1,2,20.087948505512713,0.1453488372093023,0.0,0.389443686576186,2.31626712697085,2.70571081354703,4.717740828638,113.61666666666667,111.6375,526,20.087948505512713,0.1453488372093023,False
41900404,2020-10-06,2020,playoff,Danny Green,LAL,21,8,0,1,10,20.00885592516743,0.625,0.625,0.389443686576186,2.31626712697085,2.70571081354703,4.717740828638,113.61666666666667,111.6375,526,20.00885592516743,0.625,False
41900405,2020-10-09,2020,playoff,Danny Green,LAL,24,8,0,1,8,16.942771084337352,0.5,0.5,0.389443686576186,2.31626712697085,2.70571081354703,4.717740828638,113.61666666666667,111.6375,526,16.942771084337352,0.5,False
41900406,2020-10-11,2020,playoff,Danny Green,LAL,25,10,0,0,11,17.84247853676745,0.55,0.55,0.389443686576186,2.31626712697085,2.70571081354703,4.717740828638,113.61666666666667,111.6375,526,17.84247853676745,0.55,False
41900141,2020-08-18,2020,playoff,Dwight Howard,LAL,15,5,0,1,4,16.048144433299903,0.4,0.4,0.474049918919296,0.71636303930977,1.19041295822907,2.61842683433082,113.61666666666667,111.6375,262,16.048144433299903,0.4,False
41900142,2020-08-20,2020,playoff,Dwight Howard,LAL,19,5,2,0,9,13.5675057208238,0.7653061224489796,0.8,0.474049918919296,0.71636303930977,1.19041295822907,2.61842683433082,113.61666666666667,111.6375,262,13.5675057208238,0.7653061224489796,False
41900143,2020-08-22,2020,playoff,Dwight Howard,LAL,17,3,2,2,5,14.573694646397882,0.6443298969072165,0.6666666666666666,0.474049918919296,0.71636303930977,1.19041295822907,2.61842683433082,113.61666666666667,111.6375,262,14.573694646397882,0.6443298969072165,False
41900144,2020-08-24,2020,playoff,Dwight Howard,LAL,24,7,6,1,13,18.63397548161121,0.6742738589211618,0.7142857142857143,0.474049918919296,0.71636303930977,1.19041295822907,2.61842683433082,113.61666666666667,111.6375,262,18.63397548161121,0.6742738589211618,False
41900145,2020-08-29,2020,playoff,Dwight Howard,LAL,20,9,1,1,11,21.42871865338371,0.5826271186440678,0.5555555555555556,0.474049918919296,0.71636303930977,1.19041295822907,2.61842683433082,113.61666666666667,111.6375,262,21.42871865338371,0.5826271186440678,False
41900221,2020-09-04,2020,playoff,Dwight Howard,LAL,11,1,2,0,1,7.7130842080071105,0.2659574468085106,0.0,0.474049918919296,0.71636303930977,1.19041295822907,2.61842683433082,113.61666666666667,111.6375,262,7.7130842080071105,0.2659574468085106,False
41900311,2020-09-18,2020,playoff,Dwight Howard,LAL,16,5,8,2,13,28.498821182444683,0.7629107981220657,0.8,0.474049918919296,0.71636303930977,1.19041295822907,2.61842683433082,113.61666666666667,111.6375,262,28.498821182444683,0.7629107981220657,False
41900313,2020-09-22,2020,playoff,Dwight Howard,LAL,14,3,1,1,4,14.06540827593459,0.5813953488372093,0.6666666666666666,0.474049918919296,0.71636303930977,1.19041295822907,2.61842683433082,113.61666666666667,111.6375,262,14.06540827593459,0.5813953488372093,False
41900314,2020-09-24,2020,playoff,Dwight Howard,LAL,23,6,3,0,12,14.632683658170912,0.819672131147541,0.8333333333333334,0.474049918919296,0.71636303930977,1.19041295822907,2.61842683433082,113.61666666666667,111.6375,262,14.632683658170912,0.819672131147541,False
41900315,2020-09-26,2020,playoff,Dwight Howard,LAL,35,4,6,2,9,11.530890285269422,0.677710843373494,0.75,0.474049918919296,0.71636303930977,1.19041295822907,2.61842683433082,113.61666666666667,111.6375,262,11.530890285269422,0.677710843373494,False
41900402,2020-10-02,2020,playoff,Dwight Howard,LAL,17,3,3,0,6,10.74871965000311,0.6944444444444444,1.0,0.474049918919296,0.71636303930977,1.19041295822907,2.61842683433082,113.61666666666667,111.6375,262,10.74871965000311,0.6944444444444444,False
41900403,2020-10-04,2020,playoff,Dwight Howard,LAL,15,2,0,1,4,8.66738894907909,1.0,1.0,0.474049918919296,0.71636303930977,1.19041295822907,2.61842683433082,113.61666666666667,111.6375,262,8.66738894907909,1.0,False
41900404,2020-10-06,2020,playoff,Dwight Howard,LAL,8,1,0,2,0,17.50774893452151,0.0,0.0,0.474049918919296,0.71636303930977,1.19041295822907,2.61842683433082,113.61666666666667,111.6375,262,17.50774893452151,0.0,False
41900405,2020-10-09,2020,playoff,Dwight Howard,LAL,15,1,2,1,2,8.674698795180724,0.5319148936170213,0.0,0.474049918919296,0.71636303930977,1.19041295822907,2.61842683433082,113.61666666666667,111.6375,262,8.674698795180724,0.5319148936170213,False
41900141,2020-08-18,2020,playoff,Kyle Kuzma,LAL,30,14,4,0,14,21.076563022400535,0.4441624365482233,0.3928571428571428,-2.64872590152309,-0.389307421480723,-3.03803332300382,-0.073600812204632,113.61666666666667,111.6375,484,21.076563022400535,0.4441624365482233,False
41900142,2020-08-20,2020,playoff,Kyle Kuzma,LAL,21,6,2,0,7,14.36300897170462,0.5087209302325582,0.4166666666666667,-2.64872590152309,-0.389307421480723,-3.03803332300382,-0.073600812204632,113.61666666666667,111.6375,484,14.36300897170462,0.5087209302325582,False
41900143,2020-08-22,2020,playoff,Kyle Kuzma,LAL,23,6,4,2,7,17.879824132877385,0.4510309278350515,0.3333333333333333,-2.64872590152309,-0.389307421480723,-3.03803332300382,-0.073600812204632,113.61666666666667,111.6375,484,17.879824132877385,0.4510309278350515,False
41900144,2020-08-24,2020,playoff,Kyle Kuzma,LAL,22,12,1,1,18,25.6774398981054,0.7234726688102894,0.7083333333333334,-2.64872590152309,-0.389307421480723,-3.03803332300382,-0.073600812204632,113.61666666666667,111.6375,484,25.6774398981054,0.7234726688102894,False
41900145,2020-08-29,2020,playoff,Kyle Kuzma,LAL,25,12,4,0,8,22.5945723119203,0.2906976744186046,0.25,-2.64872590152309,-0.389307421480723,-3.03803332300382,-0.073600812204632,113.61666666666667,111.6375,484,22.5945723119203,0.2906976744186046,False
41900221,2020-09-04,2020,playoff,Kyle Kuzma,LAL,28,9,2,0,8,15.924353946166658,0.4048582995951417,0.3888888888888889,-2.64872590152309,-0.389307421480723,-3.03803332300382,-0.073600812204632,113.61666666666667,111.6375,484,15.924353946166658,0.4048582995951417,False
41900222,2020-09-06,2020,playoff,Kyle Kuzma,LAL,21,7,0,2,13,19.502589555459647,0.9285714285714286,0.9285714285714286,-2.64872590152309,-0.389307421480723,-3.03803332300382,-0.073600812204632,113.61666666666667,111.6375,484,19.502589555459647,0.9285714285714286,False
41900223,2020-09-08,2020,playoff,Kyle Kuzma,LAL,24,10,0,0,14,19.86089135021097,0.7,0.7,-2.64872590152309,-0.389307421480723,-3.03803332300382,-0.073600812204632,113.61666666666667,111.6375,484,19.86089135021097,0.7,False
41900224,2020-09-10,2020,playoff,Kyle Kuzma,LAL,22,6,0,1,4,13.811566675399527,0.3333333333333333,0.3333333333333333,-2.64872590152309,-0.389307421480723,-3.03803332300382,-0.073600812204632,113.61666666666667,111.6375,484,13.811566675399527,0.3333333333333333,False
41900225,2020-09-12,2020,playoff,Kyle Kuzma,LAL,27,9,4,1,17,19.932761808707344,0.7899628252788105,0.7222222222222222,-2.64872590152309,-0.389307421480723,-3.03803332300382,-0.073600812204632,113.61666666666667,111.6375,484,19.932761808707344,0.7899628252788105,False
41900311,2020-09-18,2020,playoff,Kyle Kuzma,LAL,24,8,0,1,11,16.254080522306854,0.6875,0.6875,-2.64872590152309,-0.389307421480723,-3.03803332300382,-0.073600812204632,113.61666666666667,111.6375,484,16.254080522306854,0.6875,False
41900312,2020-09-20,2020,playoff,Kyle Kuzma,LAL,21,7,2,4,8,23.645630340278817,0.5076142131979695,0.4285714285714285,-2.64872590152309,-0.389307421480723,-3.03803332300382,-0.073600812204632,113.61666666666667,111.6375,484,23.645630340278817,0.5076142131979695,False
41900313,2020-09-22,2020,playoff,Kyle Kuzma,LAL,26,7,3,1,11,15.897907760255938,0.6610576923076923,0.6428571428571429,-2.64872590152309,-0.389307421480723,-3.03803332300382,-0.073600812204632,113.61666666666667,111.6375,484,15.897907760255938,0.6610576923076923,False
41900314,2020-09-24,2020,playoff,Kyle Kuzma,LAL,19,11,0,1,10,29.03811252268602,0.4545454545454545,0.4545454545454545,-2.64872590152309,-0.389307421480723,-3.03803332300382,-0.073600812204632,113.61666666666667,111.6375,484,29.03811252268602,0.4545454545454545,False
41900315,2020-09-26,2020,playoff,Kyle Kuzma,LAL,21,7,1,0,8,16.548962909414445,0.5376344086021505,0.5,-2.64872590152309,-0.389307421480723,-3.03803332300382,-0.073600812204632,113.61666666666667,111.6375,484,16.548962909414445,0.5376344086021505,False
41900401,2020-09-30,2020,playoff,Kyle Kuzma,LAL,22,7,0,1,3,16.11217851484815,0.2142857142857142,0.2142857142857142,-2.64872590152309,-0.389307421480723,-3.03803332300382,-0.073600812204632,113.61666666666667,111.6375,484,16.11217851484815,0.2142857142857142,False
41900402,2020-10-02,2020,playoff,Kyle Kuzma,LAL,22,8,3,3,11,23.686993302784632,0.5901287553648068,0.5,-2.64872590152309,-0.389307421480723,-3.03803332300382,-0.073600812204632,113.61666666666667,111.6375,484,23.686993302784632,0.5901287553648068,False
41900403,2020-10-04,2020,playoff,Kyle Kuzma,LAL,23,13,3,1,19,28.86617363041123,0.6634078212290503,0.6153846153846154,-2.64872590152309,-0.389307421480723,-3.03803332300382,-0.073600812204632,113.61666666666667,111.6375,484,28.86617363041123,0.6634078212290503,False
41900404,2020-10-06,2020,playoff,Kyle Kuzma,LAL,19,6,2,1,9,19.362956014600627,0.6540697674418605,0.6666666666666666,-2.64872590152309,-0.389307421480723,-3.03803332300382,-0.073600812204632,113.61666666666667,111.6375,484,19.362956014600627,0.6540697674418605,False
41900405,2020-10-09,2020,playoff,Kyle Kuzma,LAL,22,10,2,0,7,22.343921139101862,0.3216911764705882,0.3,-2.64872590152309,-0.389307421480723,-3.03803332300382,-0.073600812204632,113.61666666666667,111.6375,484,22.343921139101862,0.3216911764705882,False
41900406,2020-10-11,2020,playoff,Kyle Kuzma,LAL,22,4,0,1,2,10.137771895890598,0.25,0.25,-2.64872590152309,-0.389307421480723,-3.03803332300382,-0.073600812204632,113.61666666666667,111.6375,484,10.137771895890598,0.25,False
41900131,2020-08-18,2020,playoff,Andre Iguodala,MIA,25,3,0,0,4,5.726732673267327,0.6666666666666666,0.6666666666666666,-3.04045334554885,1.83745500591383,-1.20299833963502,0.330539157026865,111.66338028169017,109.52957746478874,403,5.726732673267327,0.6666666666666666,False
41900132,2020-08-20,2020,playoff,Andre Iguodala,MIA,28,4,0,1,7,8.182241454864155,0.875,0.875,-3.04045334554885,1.83745500591383,-1.20299833963502,0.330539157026865,111.66338028169017,109.52957746478874,403,8.182241454864155,0.875,False
41900134,2020-08-24,2020,playoff,Andre Iguodala,MIA,26,2,2,1,5,6.502430031841796,0.8680555555555556,0.75,-3.04045334554885,1.83745500591383,-1.20299833963502,0.330539157026865,111.66338028169017,109.52957746478874,403,6.502430031841796,0.8680555555555556,False
41900201,2020-08-31,2020,playoff,Andre Iguodala,MIA,19,4,0,2,2,13.604802137628663,0.25,0.25,-3.04045334554885,1.83745500591383,-1.20299833963502,0.330539157026865,111.66338028169017,109.52957746478874,403,13.604802137628663,0.25,False
41900202,2020-09-02,2020,playoff,Andre Iguodala,MIA,11,2,3,0,4,13.844343703498636,0.6024096385542168,0.5,-3.04045334554885,1.83745500591383,-1.20299833963502,0.330539157026865,111.66338028169017,109.52957746478874,403,13.844343703498636,0.6024096385542168,False
41900203,2020-09-04,2020,playoff,Andre Iguodala,MIA,11,2,0,0,6,8.394837175137289,1.5,1.5,-3.04045334554885,1.83745500591383,-1.20299833963502,0.330539157026865,111.66338028169017,109.52957746478874,403,8.394837175137289,1.5,False
41900204,2020-09-06,2020,playoff,Andre Iguodala,MIA,22,2,0,2,0,8.499760345103052,0.0,0.0,-3.04045334554885,1.83745500591383,-1.20299833963502,0.330539157026865,111.66338028169017,109.52957746478874,403,8.499760345103052,0.0,False
41900205,2020-09-08,2020,playoff,Andre Iguodala,MIA,18,7,0,1,6,20.487970755759587,0.4285714285714285,0.4285714285714285,-3.04045334554885,1.83745500591383,-1.20299833963502,0.330539157026865,111.66338028169017,109.52957746478874,403,20.487970755759587,0.4285714285714285,False
41900301,2020-09-15,2020,playoff,Andre Iguodala,MIA,15,3,0,2,3,16.16050737894865,0.5,0.5,-3.04045334554885,1.83745500591383,-1.20299833963502,0.330539157026865,111.66338028169017,109.52957746478874,403,16.16050737894865,0.5,False
41900303,2020-09-19,2020,playoff,Andre Iguodala,MIA,7,1,0,0,0,6.0451234318089835,0.0,0.0,-3.04045334554885,1.83745500591383,-1.20299833963502,0.330539157026865,111.66338028169017,109.52957746478874,403,6.0451234318089835,0.0,False
41900304,2020-09-23,2020,playoff,Andre Iguodala,MIA,27,4,0,1,3,8.01667468334135,0.375,0.375,-3.04045334554885,1.83745500591383,-1.20299833963502,0.330539157026865,111.66338028169017,109.52957746478874,403,8.01667468334135,0.375,False
41900305,2020-09-25,2020,playoff,Andre Iguodala,MIA,19,5,0,1,2,13.628328676512512,0.2,0.2,-3.04045334554885,1.83745500591383,-1.20299833963502,0.330539157026865,111.66338028169017,109.52957746478874,403,13.628328676512512,0.2,False
41900306,2020-09-27,2020,playoff,Andre Iguodala,MIA,28,5,2,0,15,9.74477958236659,1.2755102040816326,1.4,-3.04045334554885,1.83745500591383,-1.20299833963502,0.330539157026865,111.66338028169017,109.52957746478874,403,9.74477958236659,1.2755102040816326,False
41900401,2020-09-30,2020,playoff,Andre Iguodala,MIA,25,7,0,1,7,14.827452500969368,0.5,0.5,-3.04045334554885,1.83745500591383,-1.20299833963502,0.330539157026865,111.66338028169017,109.52957746478874,403,14.827452500969368,0.5,False
41900402,2020-10-02,2020,playoff,Andre Iguodala,MIA,26,3,0,0,7,5.832415267967079,1.1666666666666667,1.1666666666666667,-3.04045334554885,1.83745500591383,-1.20299833963502,0.330539157026865,111.66338028169017,109.52957746478874,403,5.832415267967079,1.1666666666666667,False
41900403,2020-10-04,2020,playoff,Andre Iguodala,MIA,17,2,0,1,2,8.294739752540265,0.5,0.5,-3.04045334554885,1.83745500591383,-1.20299833963502,0.330539157026865,111.66338028169017,109.52957746478874,403,8.294739752540265,0.5,False
41900404,2020-10-06,2020,playoff,Andre Iguodala,MIA,20,3,0,0,3,7.358374384236452,0.5,0.5,-3.04045334554885,1.83745500591383,-1.20299833963502,0.330539157026865,111.66338028169017,109.52957746478874,403,7.358374384236452,0.5,False
41900405,2020-10-09,2020,playoff,Andre Iguodala,MIA,20,2,0,1,0,6.841408024224073,0.0,0.0,-3.04045334554885,1.83745500591383,-1.20299833963502,0.330539157026865,111.66338028169017,109.52957746478874,403,6.841408024224073,0.0,False
41900406,2020-10-11,2020,playoff,Andre Iguodala,MIA,11,2,0,0,0,8.583077033116373,0.0,0.0,-3.04045334554885,1.83745500591383,-1.20299833963502,0.330539157026865,111.66338028169017,109.52957746478874,403,8.583077033116373,0.0,False
41900131,2020-08-18,2020,playoff,Bam Adebayo,MIA,35,14,4,0,17,21.48888260254597,0.5393401015228426,0.5,1.53300355849633,2.50512223269153,4.03812579118786,2.44472074324084,111.66338028169017,109.52957746478874,687,21.48888260254597,0.5393401015228426,False
41900132,2020-08-20,2020,playoff,Bam Adebayo,MIA,32,7,2,0,7,11.28331096625767,0.4441624365482233,0.4285714285714285,1.53300355849633,2.50512223269153,4.03812579118786,2.44472074324084,111.66338028169017,109.52957746478874,687,11.28331096625767,0.4441624365482233,False
41900133,2020-08-22,2020,playoff,Bam Adebayo,MIA,33,11,9,6,22,26.88294962267565,0.7352941176470588,0.6363636363636364,1.53300355849633,2.50512223269153,4.03812579118786,2.44472074324084,111.66338028169017,109.52957746478874,687,26.88294962267565,0.7352941176470588,False
41900134,2020-08-24,2020,playoff,Bam Adebayo,MIA,37,16,2,6,14,26.944591650474003,0.4146919431279621,0.375,1.53300355849633,2.50512223269153,4.03812579118786,2.44472074324084,111.66338028169017,109.52957746478874,687,26.944591650474003,0.4146919431279621,False
41900201,2020-08-31,2020,playoff,Bam Adebayo,MIA,38,12,2,2,12,16.869954650659547,0.4658385093167702,0.4166666666666667,1.53300355849633,2.50512223269153,4.03812579118786,2.44472074324084,111.66338028169017,109.52957746478874,687,16.869954650659547,0.4658385093167702,False
41900202,2020-09-02,2020,playoff,Bam Adebayo,MIA,33,8,8,2,15,18.792723581455977,0.6510416666666667,0.5,1.53300355849633,2.50512223269153,4.03812579118786,2.44472074324084,111.66338028169017,109.52957746478874,687,18.792723581455977,0.6510416666666667,False
41900203,2020-09-04,2020,playoff,Bam Adebayo,MIA,36,8,7,2,20,16.775682954982685,0.9025270758122744,0.875,1.53300355849633,2.50512223269153,4.03812579118786,2.44472074324084,111.66338028169017,109.52957746478874,687,16.775682954982685,0.9025270758122744,False
41900204,2020-09-06,2020,playoff,Bam Adebayo,MIA,44,13,6,1,26,17.67950151781435,0.8312020460358056,0.7692307692307693,1.53300355849633,2.50512223269153,4.03812579118786,2.44472074324084,111.66338028169017,109.52957746478874,687,17.67950151781435,0.8312020460358056,False
41900205,2020-09-08,2020,playoff,Bam Adebayo,MIA,31,9,6,5,13,24.74418145469803,0.5584192439862543,0.4444444444444444,1.53300355849633,2.50512223269153,4.03812579118786,2.44472074324084,111.66338028169017,109.52957746478874,687,24.74418145469803,0.5584192439862543,False
41900301,2020-09-15,2020,playoff,Bam Adebayo,MIA,43,12,11,3,18,22.36914881848893,0.5344418052256532,0.4166666666666667,1.53300355849633,2.50512223269153,4.03812579118786,2.44472074324084,111.66338028169017,109.52957746478874,687,22.36914881848893,0.5344418052256532,False
41900302,2020-09-17,2020,playoff,Bam Adebayo,MIA,35,16,2,2,21,24.416888550779763,0.6220379146919431,0.625,1.53300355849633,2.50512223269153,4.03812579118786,2.44472074324084,111.66338028169017,109.52957746478874,687,24.416888550779763,0.6220379146919431,False
41900303,2020-09-19,2020,playoff,Bam Adebayo,MIA,38,14,9,3,27,23.340539734605635,0.7516703786191536,0.7142857142857143,1.53300355849633,2.50512223269153,4.03812579118786,2.44472074324084,111.66338028169017,109.52957746478874,687,23.340539734605635,0.7516703786191536,False
41900304,2020-09-23,2020,playoff,Bam Adebayo,MIA,41,11,8,3,20,18.498574596135573,0.6887052341597797,0.6363636363636364,1.53300355849633,2.50512223269153,4.03812579118786,2.44472074324084,111.66338028169017,109.52957746478874,687,18.498574596135573,0.6887052341597797,False
41900305,2020-09-25,2020,playoff,Bam Adebayo,MIA,38,11,4,2,13,16.762844272110392,0.5094043887147336,0.4545454545454545,1.53300355849633,2.50512223269153,4.03812579118786,2.44472074324084,111.66338028169017,109.52957746478874,687,16.762844272110392,0.5094043887147336,False
41900306,2020-09-27,2020,playoff,Bam Adebayo,MIA,39,15,11,2,32,25.986078886310903,0.8064516129032259,0.7333333333333333,1.53300355849633,2.50512223269153,4.03812579118786,2.44472074324084,111.66338028169017,109.52957746478874,687,25.986078886310903,0.8064516129032259,False
41900401,2020-09-30,2020,playoff,Bam Adebayo,MIA,21,8,6,0,8,23.476799793201497,0.3759398496240601,0.25,1.53300355849633,2.50512223269153,4.03812579118786,2.44472074324084,111.66338028169017,109.52957746478874,687,23.476799793201497,0.3759398496240601,False
41900404,2020-10-06,2020,playoff,Bam Adebayo,MIA,33,8,5,3,15,19.622331691297205,0.7352941176470589,0.75,1.53300355849633,2.50512223269153,4.03812579118786,2.44472074324084,111.66338028169017,109.52957746478874,687,19.622331691297205,0.7352941176470589,False
41900405,2020-10-09,2020,playoff,Bam Adebayo,MIA,38,12,4,3,13,20.11614008526236,0.4723837209302325,0.4166666666666667,1.53300355849633,2.50512223269153,4.03812579118786,2.44472074324084,111.66338028169017,109.52957746478874,687,20.11614008526236,0.4723837209302325,False
41900406,2020-10-11,2020,playoff,Bam Adebayo,MIA,42,15,9,2,25,23.55850286613465,0.6592827004219409,0.6666666666666666,1.53300355849633,2.50512223269153,4.03812579118786,2.44472074324084,111.66338028169017,109.52957746478874,687,23.55850286613465,0.6592827004219409,False
41900131,2020-08-18,2020,playoff,Derrick Jones Jr.,MIA,13,3,2,0,6,14.243412033511044,0.7731958762886598,0.8333333333333334,-2.09053207191748,5.66511774340024,3.57458567148277,0.324409712413701,111.66338028169017,109.52957746478874,75,14.243412033511044,0.7731958762886598,False
41900132,2020-08-20,2020,playoff,Derrick Jones Jr.,MIA,13,1,2,1,1,10.151014629542235,0.2659574468085106,0.0,-2.09053207191748,5.66511774340024,3.57458567148277,0.324409712413701,111.66338028169017,109.52957746478874,75,10.151014629542235,0.2659574468085106,False
41900134,2020-08-24,2020,playoff,Derrick Jones Jr.,MIA,7,2,0,0,2,12.449424214130095,0.5,0.5,-2.09053207191748,5.66511774340024,3.57458567148277,0.324409712413701,111.66338028169017,109.52957746478874,75,12.449424214130095,0.5,False
41900202,2020-09-02,2020,playoff,Derrick Jones Jr.,MIA,7,2,0,0,2,13.10566099298494,0.5,0.5,-2.09053207191748,5.66511774340024,3.57458567148277,0.324409712413701,111.66338028169017,109.52957746478874,75,13.10566099298494,0.5,False
41900203,2020-09-04,2020,playoff,Derrick Jones Jr.,MIA,6,2,0,0,6,15.390534821085032,1.5,1.5,-2.09053207191748,5.66511774340024,3.57458567148277,0.324409712413701,111.66338028169017,109.52957746478874,75,15.390534821085032,1.5,False
41900301,2020-09-15,2020,playoff,Derrick Jones Jr.,MIA,6,1,0,0,0,8.080253689474326,0.0,0.0,-2.09053207191748,5.66511774340024,3.57458567148277,0.324409712413701,111.66338028169017,109.52957746478874,75,8.080253689474326,0.0,False
41900303,2020-09-19,2020,playoff,Derrick Jones Jr.,MIA,16,4,0,0,3,10.578966005665722,0.375,0.375,-2.09053207191748,5.66511774340024,3.57458567148277,0.324409712413701,111.66338028169017,109.52957746478874,75,10.578966005665722,0.375,False
41900401,2020-09-30,2020,playoff,Derrick Jones Jr.,MIA,7,2,0,1,2,19.85819531379826,0.5,0.5,-2.09053207191748,5.66511774340024,3.57458567148277,0.324409712413701,111.66338028169017,109.52957746478874,75,19.85819531379826,0.5,False
41900131,2020-08-18,2020,playoff,Duncan Robinson,MIA,24,8,1,1,6,18.77095709570957,0.3554502369668246,0.375,3.7889482362727,-1.92752726638952,1.86142096988318,1.45998749614793,111.66338028169017,109.52957746478874,599,18.77095709570957,0.3554502369668246,False
41900132,2020-08-20,2020,playoff,Duncan Robinson,MIA,25,8,3,2,24,20.74754601226994,1.2875536480686696,1.3125,3.7889482362727,-1.92752726638952,1.86142096988318,1.45998749614793,111.66338028169017,109.52957746478874,599,20.74754601226994,1.2875536480686696,False
41900133,2020-08-22,2020,playoff,Duncan Robinson,MIA,27,7,6,1,15,16.67928553773303,0.7780082987551866,0.7142857142857143,3.7889482362727,-1.92752726638952,1.86142096988318,1.45998749614793,111.66338028169017,109.52957746478874,599,16.67928553773303,0.7780082987551866,False
41900134,2020-08-24,2020,playoff,Duncan Robinson,MIA,24,9,0,1,5,18.155410312273055,0.2777777777777778,0.2777777777777778,3.7889482362727,-1.92752726638952,1.86142096988318,1.45998749614793,111.66338028169017,109.52957746478874,599,18.155410312273055,0.2777777777777778,False
41900201,2020-08-31,2020,playoff,Duncan Robinson,MIA,26,4,1,0,4,7.35705838673304,0.4504504504504504,0.375,3.7889482362727,-1.92752726638952,1.86142096988318,1.45998749614793,111.66338028169017,109.52957746478874,599,7.35705838673304,0.4504504504504504,False
41900202,2020-09-02,2020,playoff,Duncan Robinson,MIA,27,9,3,2,13,20.93022600064854,0.6298449612403101,0.6111111111111112,3.7889482362727,-1.92752726638952,1.86142096988318,1.45998749614793,111.66338028169017,109.52957746478874,599,20.93022600064854,0.6298449612403101,False
41900203,2020-09-04,2020,playoff,Duncan Robinson,MIA,30,8,0,2,6,15.39053482108503,0.375,0.375,3.7889482362727,-1.92752726638952,1.86142096988318,1.45998749614793,111.66338028169017,109.52957746478874,599,15.39053482108503,0.375,False
41900204,2020-09-06,2020,playoff,Duncan Robinson,MIA,39,13,0,1,20,16.781578117254746,0.7692307692307693,0.7692307692307693,3.7889482362727,-1.92752726638952,1.86142096988318,1.45998749614793,111.66338028169017,109.52957746478874,599,16.781578117254746,0.7692307692307693,False
41900205,2020-09-08,2020,playoff,Duncan Robinson,MIA,14,3,0,1,2,13.170838342988302,0.3333333333333333,0.3333333333333333,3.7889482362727,-1.92752726638952,1.86142096988318,1.45998749614793,111.66338028169017,109.52957746478874,599,13.170838342988302,0.3333333333333333,False
41900301,2020-09-15,2020,playoff,Duncan Robinson,MIA,17,7,0,0,6,19.96297970340716,0.4285714285714285,0.4285714285714285,3.7889482362727,-1.92752726638952,1.86142096988318,1.45998749614793,111.66338028169017,109.52957746478874,599,19.96297970340716,0.4285714285714285,False
41900302,2020-09-17,2020,playoff,Duncan Robinson,MIA,32,12,0,0,18,16.974134651958924,0.75,0.75,3.7889482362727,-1.92752726638952,1.86142096988318,1.45998749614793,111.66338028169017,109.52957746478874,599,16.974134651958924,0.75,False
41900303,2020-09-19,2020,playoff,Duncan Robinson,MIA,28,8,2,0,13,13.420174018615944,0.7319819819819819,0.75,3.7889482362727,-1.92752726638952,1.86142096988318,1.45998749614793,111.66338028169017,109.52957746478874,599,13.420174018615944,0.7319819819819819,False
41900304,2020-09-23,2020,playoff,Duncan Robinson,MIA,23,5,3,0,3,11.895351025785809,0.2373417721518987,0.0,3.7889482362727,-1.92752726638952,1.86142096988318,1.45998749614793,111.66338028169017,109.52957746478874,599,11.895351025785809,0.2373417721518987,False
41900305,2020-09-25,2020,playoff,Duncan Robinson,MIA,37,15,4,0,20,19.54867109796687,0.5966587112171837,0.5666666666666667,3.7889482362727,-1.92752726638952,1.86142096988318,1.45998749614793,111.66338028169017,109.52957746478874,599,19.54867109796687,0.5966587112171837,False
41900306,2020-09-27,2020,playoff,Duncan Robinson,MIA,34,8,0,1,15,12.283335608025112,0.9375,0.9375,3.7889482362727,-1.92752726638952,1.86142096988318,1.45998749614793,111.66338028169017,109.52957746478874,599,12.283335608025112,0.9375,False
41900401,2020-09-30,2020,playoff,Duncan Robinson,MIA,27,3,0,0,0,5.14842100728103,0.0,0.0,3.7889482362727,-1.92752726638952,1.86142096988318,1.45998749614793,111.66338028169017,109.52957746478874,599,5.14842100728103,0.0,False
41900402,2020-10-02,2020,playoff,Duncan Robinson,MIA,22,7,3,0,9,19.116182890403618,0.5408653846153846,0.4285714285714285,3.7889482362727,-1.92752726638952,1.86142096988318,1.45998749614793,111.66338028169017,109.52957746478874,599,19.116182890403618,0.5408653846153846,False
41900403,2020-10-04,2020,playoff,Duncan Robinson,MIA,39,12,2,0,13,15.523215523215525,0.5046583850931676,0.4583333333333333,3.7889482362727,-1.92752726638952,1.86142096988318,1.45998749614793,111.66338028169017,109.52957746478874,599,15.523215523215525,0.5046583850931676,False
41900404,2020-10-06,2020,playoff,Duncan Robinson,MIA,33,7,6,1,17,15.816788575409266,0.8817427385892116,0.7857142857142857,3.7889482362727,-1.92752726638952,1.86142096988318,1.45998749614793,111.66338028169017,109.52957746478874,599,15.816788575409266,0.8817427385892116,False
41900405,2020-10-09,2020,playoff,Duncan Robinson,MIA,37,15,3,1,26,21.35012378010107,0.7965686274509803,0.7666666666666667,3.7889482362727,-1.92752726638952,1.86142096988318,1.45998749614793,111.66338028169017,109.52957746478874,599,21.35012378010107,0.7965686274509803,False
41900406,2020-10-11,2020,playoff,Duncan Robinson,MIA,34,8,1,2,10,14.495302448280649,0.5924170616113744,0.5625,3.7889482362727,-1.92752726638952,1.86142096988318,1.45998749614793,111.66338028169017,109.52957746478874,599,14.495302448280649,0.5924170616113744,False
41900131,2020-08-18,2020,playoff,Kelly Olynyk,MIA,14,4,0,0,5,13.635077793493636,0.625,0.625,1.86436590678081,3.056770733237,4.92113664001781,1.05110857790925,111.66338028169017,109.52957746478874,256,13.635077793493636,0.625,False
41900132,2020-08-20,2020,playoff,Kelly Olynyk,MIA,12,4,2,2,7,26.27044989775051,0.7172131147540983,0.625,1.86436590678081,3.056770733237,4.92113664001781,1.05110857790925,111.66338028169017,109.52957746478874,256,26.27044989775051,0.7172131147540983,False
41900133,2020-08-22,2020,playoff,Kelly Olynyk,MIA,14,2,0,1,2,9.069697425861811,0.5,0.5,1.86436590678081,3.056770733237,4.92113664001781,1.05110857790925,111.66338028169017,109.52957746478874,256,9.069697425861811,0.5,False
41900134,2020-08-24,2020,playoff,Kelly Olynyk,MIA,16,9,0,1,11,27.233115468409583,0.6111111111111112,0.6111111111111112,1.86436590678081,3.056770733237,4.92113664001781,1.05110857790925,111.66338028169017,109.52957746478874,256,27.233115468409583,0.6111111111111112,False
41900201,2020-08-31,2020,playoff,Kelly Olynyk,MIA,8,1,2,0,4,10.124240257418665,1.0638297872340423,1.5,1.86436590678081,3.056770733237,4.92113664001781,1.05110857790925,111.66338028169017,109.52957746478874,256,10.124240257418665,1.0638297872340423,False
41900202,2020-09-02,2020,playoff,Kelly Olynyk,MIA,16,6,0,1,11,20.068043395508187,0.9166666666666666,0.9166666666666666,1.86436590678081,3.056770733237,4.92113664001781,1.05110857790925,111.66338028169017,109.52957746478874,256,20.068043395508187,0.9166666666666666,False
41900204,2020-09-06,2020,playoff,Kelly Olynyk,MIA,10,3,1,1,3,20.756414762741652,0.436046511627907,0.3333333333333333,1.86436590678081,3.056770733237,4.92113664001781,1.05110857790925,111.66338028169017,109.52957746478874,256,20.756414762741652,0.436046511627907,False
41900205,2020-09-08,2020,playoff,Kelly Olynyk,MIA,17,7,3,3,12,30.695800891129217,0.7211538461538461,0.6428571428571429,1.86436590678081,3.056770733237,4.92113664001781,1.05110857790925,111.66338028169017,109.52957746478874,256,30.695800891129217,0.7211538461538461,False
41900301,2020-09-15,2020,playoff,Kelly Olynyk,MIA,10,3,2,0,4,18.81083058909623,0.5154639175257733,0.3333333333333333,1.86436590678081,3.056770733237,4.92113664001781,1.05110857790925,111.66338028169017,109.52957746478874,256,18.81083058909623,0.5154639175257733,False
41900302,2020-09-17,2020,playoff,Kelly Olynyk,MIA,13,6,1,0,5,22.423267109459584,0.3881987577639751,0.4166666666666667,1.86436590678081,3.056770733237,4.92113664001781,1.05110857790925,111.66338028169017,109.52957746478874,256,22.423267109459584,0.3881987577639751,False
41900303,2020-09-19,2020,playoff,Kelly Olynyk,MIA,13,6,4,0,3,25.25931575506646,0.1932989690721649,0.0,1.86436590678081,3.056770733237,4.92113664001781,1.05110857790925,111.66338028169017,109.52957746478874,256,25.25931575506646,0.1932989690721649,False
41900401,2020-09-30,2020,playoff,Kelly Olynyk,MIA,18,5,2,1,4,17.710568265046746,0.3401360544217687,0.2,1.86436590678081,3.056770733237,4.92113664001781,1.05110857790925,111.66338028169017,109.52957746478874,256,17.710568265046746,0.3401360544217687,False
41900402,2020-10-02,2020,playoff,Kelly Olynyk,MIA,37,16,5,2,24,27.596256745372155,0.6593406593406593,0.65625,1.86436590678081,3.056770733237,4.92113664001781,1.05110857790925,111.66338028169017,109.52957746478874,256,27.596256745372155,0.6593406593406593,False
41900403,2020-10-04,2020,playoff,Kelly Olynyk,MIA,31,9,4,0,17,16.3147719949964,0.7899628252788105,0.7222222222222222,1.86436590678081,3.056770733237,4.92113664001781,1.05110857790925,111.66338028169017,109.52957746478874,256,16.3147719949964,0.7899628252788105,False
41900404,2020-10-06,2020,playoff,Kelly Olynyk,MIA,12,4,2,1,4,24.03735632183908,0.4098360655737705,0.25,1.86436590678081,3.056770733237,4.92113664001781,1.05110857790925,111.66338028169017,109.52957746478874,256,24.03735632183908,0.4098360655737705,False
41900406,2020-10-11,2020,playoff,Kelly Olynyk,MIA,15,7,0,0,9,22.029897718332023,0.6428571428571429,0.6428571428571429,1.86436590678081,3.056770733237,4.92113664001781,1.05110857790925,111.66338028169017,109.52957746478874,256,22.029897718332023,0.6428571428571429,False
41900101,2020-08-18,2020,playoff,Brook Lopez,MIL,30,9,2,1,5,14.651340996168582,0.2530364372469635,0.2222222222222222,-0.780756336019825,-0.261286767444575,-1.0420431034644,0.293123095411672,111.47678571428573,109.51428571428572,328,14.651340996168582,0.2530364372469635,False
41900102,2020-08-20,2020,playoff,Brook Lopez,MIL,33,12,0,1,20,16.36321853488348,0.8333333333333334,0.8333333333333334,-0.780756336019825,-0.261286767444575,-1.0420431034644,0.293123095411672,111.47678571428573,109.51428571428572,328,16.36321853488348,0.8333333333333334,False
41900103,2020-08-22,2020,playoff,Brook Lopez,MIL,30,10,0,2,16,18.01265351693338,0.8,0.8,-0.780756336019825,-0.261286767444575,-1.0420431034644,0.293123095411672,111.47678571428573,109.51428571428572,328,18.01265351693338,0.8,False
41900104,2020-08-24,2020,playoff,Brook Lopez,MIL,31,9,0,1,10,13.795323385372358,0.5555555555555556,0.5555555555555556,-0.780756336019825,-0.261286767444575,-1.0420431034644,0.293123095411672,111.47678571428573,109.51428571428572,328,13.795323385372358,0.5555555555555556,False
41900105,2020-08-29,2020,playoff,Brook Lopez,MIL,28,12,1,2,16,21.82773847157409,0.6430868167202572,0.625,-0.780756336019825,-0.261286767444575,-1.0420431034644,0.293123095411672,111.47678571428573,109.51428571428572,328,21.82773847157409,0.6430868167202572,False
41900201,2020-08-31,2020,playoff,Brook Lopez,MIL,27,10,4,1,24,21.424436576181645,1.020408163265306,1.0,-0.780756336019825,-0.261286767444575,-1.0420431034644,0.293123095411672,111.47678571428573,109.51428571428572,328,21.424436576181645,1.020408163265306,False
41900202,2020-09-02,2020,playoff,Brook Lopez,MIL,32,8,4,1,16,13.894628099173554,0.819672131147541,0.8125,-0.780756336019825,-0.261286767444575,-1.0420431034644,0.293123095411672,111.47678571428573,109.51428571428572,328,13.894628099173554,0.819672131147541,False
41900203,2020-09-04,2020,playoff,Brook Lopez,MIL,38,17,3,3,22,25.112389328412416,0.6004366812227074,0.5588235294117647,-0.780756336019825,-0.261286767444575,-1.0420431034644,0.293123095411672,111.47678571428573,109.51428571428572,328,25.112389328412416,0.6004366812227074,False
41900204,2020-09-06,2020,playoff,Brook Lopez,MIL,42,11,3,0,14,13.675815153647669,0.5681818181818181,0.5454545454545454,-0.780756336019825,-0.261286767444575,-1.0420431034644,0.293123095411672,111.47678571428573,109.51428571428572,328,13.675815153647669,0.5681818181818181,False
41900205,2020-09-08,2020,playoff,Brook Lopez,MIL,37,16,3,0,15,19.88964281630008,0.4330254041570439,0.4375,-0.780756336019825,-0.261286767444575,-1.0420431034644,0.293123095411672,111.47678571428573,109.51428571428572,328,19.88964281630008,0.4330254041570439,False
41900101,2020-08-18,2020,playoff,Donte DiVincenzo,MIL,13,6,0,0,2,18.645654548291464,0.1666666666666666,0.1666666666666666,-3.54689108361007,0.791619717945678,-2.75527136566439,-0.000462319961258,111.47678571428573,109.51428571428572,165,18.645654548291464,0.1666666666666666,False
41900102,2020-08-20,2020,playoff,Donte DiVincenzo,MIL,11,9,4,2,11,48.1833850396415,0.5111524163568774,0.5,-3.54689108361007,0.791619717945678,-2.75527136566439,-0.000462319961258,111.47678571428573,109.51428571428572,165,48.1833850396415,0.5111524163568774,False
41900103,2020-08-22,2020,playoff,Donte DiVincenzo,MIL,19,6,0,2,6,18.960687912561458,0.5,0.5,-3.54689108361007,0.791619717945678,-2.75527136566439,-0.000462319961258,111.47678571428573,109.51428571428572,165,18.960687912561458,0.5,False
41900104,2020-08-24,2020,playoff,Donte DiVincenzo,MIL,12,2,4,0,5,13.399857448325015,0.6648936170212766,0.5,-3.54689108361007,0.791619717945678,-2.75527136566439,-0.000462319961258,111.47678571428573,109.51428571428572,165,13.399857448325015,0.6648936170212766,False
41900105,2020-08-29,2020,playoff,Donte DiVincenzo,MIL,12,2,2,1,4,13.685165671467042,0.6944444444444444,0.75,-3.54689108361007,0.791619717945678,-2.75527136566439,-0.000462319961258,111.47678571428573,109.51428571428572,165,13.685165671467042,0.6944444444444444,False
41900201,2020-08-31,2020,playoff,Donte DiVincenzo,MIL,14,1,2,1,1,9.325818339475395,0.2659574468085106,0.0,-3.54689108361007,0.791619717945678,-2.75527136566439,-0.000462319961258,111.47678571428573,109.51428571428572,165,9.325818339475395,0.2659574468085106,False
41900202,2020-09-02,2020,playoff,Donte DiVincenzo,MIL,8,1,0,0,0,5.1652892561983474,0.0,0.0,-3.54689108361007,0.791619717945678,-2.75527136566439,-0.000462319961258,111.47678571428573,109.51428571428572,165,5.1652892561983474,0.0,False
41900203,2020-09-04,2020,playoff,Donte DiVincenzo,MIL,21,8,0,1,10,19.182607768956142,0.625,0.625,-3.54689108361007,0.791619717945678,-2.75527136566439,-0.000462319961258,111.47678571428573,109.51428571428572,165,19.182607768956142,0.625,False
41900204,2020-09-06,2020,playoff,Donte DiVincenzo,MIL,27,7,3,1,10,16.093257226262153,0.6009615384615384,0.5714285714285714,-3.54689108361007,0.791619717945678,-2.75527136566439,-0.000462319961258,111.47678571428573,109.51428571428572,165,16.093257226262153,0.6009615384615384,False
41900205,2020-09-08,2020,playoff,Donte DiVincenzo,MIL,28,9,5,2,17,20.030727382631476,0.7589285714285715,0.7222222222222222,-3.54689108361007,0.791619717945678,-2.75527136566439,-0.000462319961258,111.47678571428573,109.51428571428572,165,20.030727382631476,0.7589285714285715,False
41900101,2020-08-18,2020,playoff,George Hill,MIL,27,9,5,1,16,18.25432599604337,0.7142857142857143,0.6666666666666666,2.95623611264793,0.85985372153888,3.8160898341868,4.20900148270806,111.47678571428573,109.51428571428572,269,18.25432599604337,0.7142857142857143,False
41900102,2020-08-20,2020,playoff,George Hill,MIL,19,2,0,1,2,6.558536983617265,0.5,0.5,2.95623611264793,0.85985372153888,3.8160898341868,4.20900148270806,111.47678571428573,109.51428571428572,269,6.558536983617265,0.5,False
41900103,2020-08-22,2020,playoff,George Hill,MIL,19,6,2,2,8,21.04636358294321,0.5813953488372093,0.5833333333333334,2.95623611264793,0.85985372153888,3.8160898341868,4.20900148270806,111.47678571428573,109.51428571428572,269,21.04636358294321,0.5813953488372093,False
41900104,2020-08-24,2020,playoff,George Hill,MIL,23,5,4,2,9,16.28807834144225,0.6656804733727811,0.5,2.95623611264793,0.85985372153888,3.8160898341868,4.20900148270806,111.47678571428573,109.51428571428572,269,16.28807834144225,0.6656804733727811,False
41900105,2020-08-29,2020,playoff,George Hill,MIL,23,3,8,1,11,13.838518043401905,0.843558282208589,0.6666666666666666,2.95623611264793,0.85985372153888,3.8160898341868,4.20900148270806,111.47678571428573,109.51428571428572,269,13.838518043401905,0.843558282208589,False
41900201,2020-08-31,2020,playoff,George Hill,MIL,36,5,5,4,8,14.1038610689597,0.5555555555555556,0.5,2.95623611264793,0.85985372153888,3.8160898341868,4.20900148270806,111.47678571428573,109.51428571428572,269,14.1038610689597,0.5555555555555556,False
41900202,2020-09-02,2020,playoff,George Hill,MIL,26,9,2,1,14,17.29179910998093,0.7085020242914979,0.6666666666666666,2.95623611264793,0.85985372153888,3.8160898341868,4.20900148270806,111.47678571428573,109.51428571428572,269,17.29179910998093,0.7085020242914979,False
41900203,2020-09-04,2020,playoff,George Hill,MIL,31,9,0,1,13,14.43852197663366,0.7222222222222222,0.7222222222222222,2.95623611264793,0.85985372153888,3.8160898341868,4.20900148270806,111.47678571428573,109.51428571428572,269,14.43852197663366,0.7222222222222222,False
41900204,2020-09-06,2020,playoff,George Hill,MIL,37,11,0,3,12,17.64079350286247,0.5454545454545454,0.5454545454545454,2.95623611264793,0.85985372153888,3.8160898341868,4.20900148270806,111.47678571428573,109.51428571428572,269,17.64079350286247,0.5454545454545454,False
41900205,2020-09-08,2020,playoff,George Hill,MIL,28,8,0,0,2,12.139834777352409,0.125,0.125,2.95623611264793,0.85985372153888,3.8160898341868,4.20900148270806,111.47678571428573,109.51428571428572,269,12.139834777352409,0.125,False
41900101,2020-08-18,2020,playoff,Khris Middleton,MIL,31,12,6,4,14,24.291478549150476,0.4781420765027322,0.4166666666666667,3.29597172083578,1.7683259611512,5.06429768198697,1.45571015838189,111.47678571428573,109.51428571428572,355,24.291478549150476,0.4781420765027322,False
41900102,2020-08-20,2020,playoff,Khris Middleton,MIL,31,8,0,4,2,16.078993895319744,0.125,0.125,3.29597172083578,1.7683259611512,5.06429768198697,1.45571015838189,111.47678571428573,109.51428571428572,355,16.078993895319744,0.125,False
41900103,2020-08-22,2020,playoff,Khris Middleton,MIL,31,17,1,3,17,29.69182563597729,0.4873853211009173,0.5,3.29597172083578,1.7683259611512,5.06429768198697,1.45571015838189,111.47678571428573,109.51428571428572,355,29.69182563597729,0.4873853211009173,False
41900104,2020-08-24,2020,playoff,Khris Middleton,MIL,32,19,5,4,21,33.67783321454027,0.4952830188679245,0.4736842105263157,3.29597172083578,1.7683259611512,5.06429768198697,1.45571015838189,111.47678571428573,109.51428571428572,355,33.67783321454027,0.4952830188679245,False
41900105,2020-08-29,2020,playoff,Khris Middleton,MIL,34,16,5,2,21,25.146180706212935,0.576923076923077,0.53125,3.29597172083578,1.7683259611512,5.06429768198697,1.45571015838189,111.47678571428573,109.51428571428572,355,25.146180706212935,0.576923076923077,False
41900201,2020-08-31,2020,playoff,Khris Middleton,MIL,37,24,0,4,28,34.306689086658736,0.5833333333333334,0.5833333333333334,3.29597172083578,1.7683259611512,5.06429768198697,1.45571015838189,111.47678571428573,109.51428571428572,355,34.306689086658736,0.5833333333333334,False
41900202,2020-09-02,2020,playoff,Khris Middleton,MIL,33,15,12,3,23,29.151014274981215,0.5670611439842209,0.4,3.29597172083578,1.7683259611512,5.06429768198697,1.45571015838189,111.47678571428573,109.51428571428572,355,29.151014274981215,0.5670611439842209,False
41900203,2020-09-04,2020,playoff,Khris Middleton,MIL,36,16,2,0,18,20.987193833146836,0.533175355450237,0.5,3.29597172083578,1.7683259611512,5.06429768198697,1.45571015838189,111.47678571428573,109.51428571428572,355,20.987193833146836,0.533175355450237,False
41900204,2020-09-06,2020,playoff,Khris Middleton,MIL,48,28,9,4,36,34.927721088435376,0.5632040050062578,0.4821428571428571,3.29597172083578,1.7683259611512,5.06429768198697,1.45571015838189,111.47678571428573,109.51428571428572,355,34.927721088435376,0.5632040050062578,False
41900205,2020-09-08,2020,playoff,Khris Middleton,MIL,42,25,6,6,23,34.03200349251125,0.4160636758321273,0.36,3.29597172083578,1.7683259611512,5.06429768198697,1.45571015838189,111.47678571428573,109.51428571428572,355,34.03200349251125,0.4160636758321273,False
41900171,2020-08-18,2020,playoff,Danilo Gallinari,OKC,33,17,9,1,29,29.852166525063716,0.6917938931297709,0.5882352941176471,4.29541310096916,-1.0545437808928,3.24086932007636,5.56933255409398,109.54117647058824,107.53529411764706,211,29.852166525063716,0.6917938931297709,False
41900172,2020-08-20,2020,playoff,Danilo Gallinari,OKC,33,12,6,2,17,24.0163290940493,0.5806010928961748,0.4583333333333333,4.29541310096916,-1.0545437808928,3.24086932007636,5.56933255409398,109.54117647058824,107.53529411764706,211,24.0163290940493,0.5806010928961748,False
41900173,2020-08-22,2020,playoff,Danilo Gallinari,OKC,39,12,8,2,20,19.448495092968688,0.6443298969072165,0.5,4.29541310096916,-1.0545437808928,3.24086932007636,5.56933255409398,109.54117647058824,107.53529411764706,211,19.448495092968688,0.6443298969072165,False
41900174,2020-08-24,2020,playoff,Danilo Gallinari,OKC,29,10,2,2,9,18.901169073582867,0.4136029411764705,0.35,4.29541310096916,-1.0545437808928,3.24086932007636,5.56933255409398,109.54117647058824,107.53529411764706,211,18.901169073582867,0.4136029411764705,False
41900175,2020-08-29,2020,playoff,Danilo Gallinari,OKC,22,5,1,4,1,17.075046165955257,0.0919117647058823,0.0,4.29541310096916,-1.0545437808928,3.24086932007636,5.56933255409398,109.54117647058824,107.53529411764706,211,17.075046165955257,0.0919117647058823,False
41900176,2020-08-31,2020,playoff,Danilo Gallinari,OKC,28,17,3,0,25,26.97969042689539,0.6823144104803494,0.6470588235294118,4.29541310096916,-1.0545437808928,3.24086932007636,5.56933255409398,109.54117647058824,107.53529411764706,211,26.97969042689539,0.6823144104803494,False
41900177,2020-09-02,2020,playoff,Danilo Gallinari,OKC,27,6,1,4,4,17.542670682730925,0.3105590062111801,0.3333333333333333,4.29541310096916,-1.0545437808928,3.24086932007636,5.56933255409398,109.54117647058824,107.53529411764706,211,17.542670682730925,0.3105590062111801,False
41900171,2020-08-18,2020,playoff,Dennis Schroder,OKC,32,12,0,2,6,19.626168224299064,0.25,0.25,0.948231920281588,3.6966290689615,4.64486098924308,0.881326046243498,109.54117647058824,107.53529411764706,227,19.626168224299064,0.25,False
41900172,2020-08-20,2020,playoff,Dennis Schroder,OKC,32,12,2,4,13,25.12405340773217,0.5046583850931676,0.5,0.948231920281588,3.6966290689615,4.64486098924308,0.881326046243498,109.54117647058824,107.53529411764706,227,25.12405340773217,0.5046583850931676,False
41900173,2020-08-22,2020,playoff,Dennis Schroder,OKC,39,23,9,3,29,33.25781466811312,0.537833827893175,0.4782608695652174,0.948231920281588,3.6966290689615,4.64486098924308,0.881326046243498,109.54117647058824,107.53529411764706,227,33.25781466811312,0.537833827893175,False
41900174,2020-08-24,2020,playoff,Dennis Schroder,OKC,31,16,7,2,30,28.93874643874644,0.7861635220125787,0.75,0.948231920281588,3.6966290689615,4.64486098924308,0.881326046243498,109.54117647058824,107.53529411764706,227,28.93874643874644,0.7861635220125787,False
41900175,2020-08-29,2020,playoff,Dennis Schroder,OKC,21,13,5,2,19,32.59280402137545,0.625,0.5769230769230769,0.948231920281588,3.6966290689615,4.64486098924308,0.881326046243498,109.54117647058824,107.53529411764706,227,32.59280402137545,0.625,False
41900176,2020-08-31,2020,playoff,Dennis Schroder,OKC,37,16,2,3,12,22.155633894764325,0.3554502369668246,0.3125,0.948231920281588,3.6966290689615,4.64486098924308,0.881326046243498,109.54117647058824,107.53529411764706,227,22.155633894764325,0.3554502369668246,False
41900177,2020-09-02,2020,playoff,Dennis Schroder,OKC,35,17,0,1,12,23.332616179001725,0.3529411764705882,0.3529411764705882,0.948231920281588,3.6966290689615,4.64486098924308,0.881326046243498,109.54117647058824,107.53529411764706,227,23.332616179001725,0.3529411764705882,False
41900172,2020-08-20,2020,playoff,Luguentz Dort,OKC,25,10,0,0,8,19.051414906337182,0.4,0.4,-5.49785750155279,6.75508037190328,1.25722287035049,0.375370292592106,109.54117647058824,107.53529411764706,174,19.051414906337182,0.4,False
41900173,2020-08-22,2020,playoff,Luguentz Dort,OKC,36,10,5,2,9,17.07663714879195,0.3688524590163934,0.3,-5.49785750155279,6.75508037190328,1.25722287035049,0.375370292592106,109.54117647058824,107.53529411764706,174,17.07663714879195,0.3688524590163934,False
41900174,2020-08-24,2020,playoff,Luguentz Dort,OKC,35,10,2,2,9,15.66096866096866,0.4136029411764705,0.45,-5.49785750155279,6.75508037190328,1.25722287035049,0.375370292592106,109.54117647058824,107.53529411764706,174,15.66096866096866,0.4136029411764705,False
41900175,2020-08-29,2020,playoff,Luguentz Dort,OKC,23,16,0,2,6,31.142770273205052,0.1875,0.1875,-5.49785750155279,6.75508037190328,1.25722287035049,0.375370292592106,109.54117647058824,107.53529411764706,174,31.142770273205052,0.1875,False
41900176,2020-08-31,2020,playoff,Luguentz Dort,OKC,20,9,2,5,13,30.67908902691511,0.6578947368421052,0.6666666666666666,-5.49785750155279,6.75508037190328,1.25722287035049,0.375370292592106,109.54117647058824,107.53529411764706,174,30.67908902691511,0.6578947368421052,False
41900177,2020-09-02,2020,playoff,Luguentz Dort,OKC,35,21,6,4,30,35.82852839931154,0.6345177664974619,0.6190476190476191,-5.49785750155279,6.75508037190328,1.25722287035049,0.375370292592106,109.54117647058824,107.53529411764706,174,35.82852839931154,0.6345177664974619,False
41900171,2020-08-18,2020,playoff,Nerlens Noel,OKC,8,3,0,0,2,16.822429906542055,0.3333333333333333,0.3333333333333333,-3.03539579342887,1.39852158137702,-1.63687421205185,0.05648568543877,109.54117647058824,107.53529411764706,85,16.822429906542055,0.3333333333333333,False
41900172,2020-08-20,2020,playoff,Nerlens Noel,OKC,18,4,0,0,4,10.584119392409546,0.5,0.5,-3.03539579342887,1.39852158137702,-1.63687421205185,0.05648568543877,109.54117647058824,107.53529411764706,85,10.584119392409546,0.5,False
41900174,2020-08-24,2020,playoff,Nerlens Noel,OKC,15,3,3,0,6,12.256410256410255,0.6944444444444444,0.6666666666666666,-3.03539579342887,1.39852158137702,-1.63687421205185,0.05648568543877,109.54117647058824,107.53529411764706,85,12.256410256410255,0.6944444444444444,False
41900175,2020-08-29,2020,playoff,Nerlens Noel,OKC,13,4,0,0,2,12.244166090319936,0.25,0.25,-3.03539579342887,1.39852158137702,-1.63687421205185,0.05648568543877,109.54117647058824,107.53529411764706,85,12.244166090319936,0.25,False
41900176,2020-08-31,2020,playoff,Nerlens Noel,OKC,17,2,0,1,2,7.276823772987455,0.5,0.5,-3.03539579342887,1.39852158137702,-1.63687421205185,0.05648568543877,109.54117647058824,107.53529411764706,85,7.276823772987455,0.5,False
41900177,2020-09-02,2020,playoff,Nerlens Noel,OKC,14,1,1,1,2,7.907164371772807,0.6944444444444444,1.0,-3.03539579342887,1.39852158137702,-1.63687421205185,0.05648568543877,109.54117647058824,107.53529411764706,85,7.907164371772807,0.6944444444444444,False
41900101,2020-08-18,2020,playoff,James Ennis III,ORL,31,5,3,0,11,8.636755130398836,0.870253164556962,0.8,0.096227780584427,-1.07666549503784,-0.980437714453413,0.700583293810859,108.74166666666667,106.96666666666664,118,8.636755130398836,0.870253164556962,False
41900102,2020-08-20,2020,playoff,James Ennis III,ORL,25,9,2,1,8,18.382259767687433,0.4048582995951417,0.3333333333333333,0.096227780584427,-1.07666549503784,-0.980437714453413,0.700583293810859,108.74166666666667,106.96666666666664,118,18.382259767687433,0.4048582995951417,False
41900103,2020-08-22,2020,playoff,James Ennis III,ORL,9,2,2,0,1,14.319526627218934,0.1736111111111111,0.0,0.096227780584427,-1.07666549503784,-0.980437714453413,0.700583293810859,108.74166666666667,106.96666666666664,118,14.319526627218934,0.1736111111111111,False
41900104,2020-08-24,2020,playoff,James Ennis III,ORL,23,8,2,1,6,18.442871587462083,0.3378378378378378,0.3125,0.096227780584427,-1.07666549503784,-0.980437714453413,0.700583293810859,108.74166666666667,106.96666666666664,118,18.442871587462083,0.3378378378378378,False
41900105,2020-08-29,2020,playoff,James Ennis III,ORL,30,11,0,4,9,21.008403361344534,0.4090909090909091,0.4090909090909091,0.096227780584427,-1.07666549503784,-0.980437714453413,0.700583293810859,108.74166666666667,106.96666666666664,118,21.008403361344534,0.4090909090909091,False
41900101,2020-08-18,2020,playoff,Khem Birch,ORL,14,2,2,0,4,8.714845140619436,0.6944444444444444,0.5,0.16307113996902,3.20555606982398,3.368627209793,0.287868877200188,108.74166666666667,106.96666666666664,89,8.714845140619436,0.6944444444444444,False
41900102,2020-08-20,2020,playoff,Khem Birch,ORL,18,3,2,0,5,9.104775313856624,0.6443298969072165,0.6666666666666666,0.16307113996902,3.20555606982398,3.368627209793,0.287868877200188,108.74166666666667,106.96666666666664,89,9.104775313856624,0.6443298969072165,False
41900103,2020-08-22,2020,playoff,Khem Birch,ORL,20,5,2,1,6,15.393491124260356,0.5102040816326531,0.4,0.16307113996902,3.20555606982398,3.368627209793,0.287868877200188,108.74166666666667,106.96666666666664,89,15.393491124260356,0.5102040816326531,False
41900104,2020-08-24,2020,playoff,Khem Birch,ORL,18,3,3,3,5,17.45974955277281,0.5787037037037037,0.3333333333333333,0.16307113996902,3.20555606982398,3.368627209793,0.287868877200188,108.74166666666667,106.96666666666664,89,17.45974955277281,0.5787037037037037,False
41900105,2020-08-29,2020,playoff,Khem Birch,ORL,19,1,2,1,4,6.368863334807608,1.0638297872340423,1.0,0.16307113996902,3.20555606982398,3.368627209793,0.287868877200188,108.74166666666667,106.96666666666664,89,6.368863334807608,1.0638297872340423,False
41900101,2020-08-18,2020,playoff,Nikola Vucevic,ORL,37,24,0,5,35,33.20408339988262,0.7291666666666666,0.7291666666666666,0.86395088019792,1.63572887932296,2.49967975952088,5.35329438388037,108.74166666666667,106.96666666666664,186,33.20408339988262,0.7291666666666666,False
41900102,2020-08-20,2020,playoff,Nikola Vucevic,ORL,35,23,4,3,32,33.50128224468246,0.6462035541195477,0.6086956521739131,0.86395088019792,1.63572887932296,2.49967975952088,5.35329438388037,108.74166666666667,106.96666666666664,186,33.50128224468246,0.6462035541195477,False
41900103,2020-08-22,2020,playoff,Nikola Vucevic,ORL,36,19,2,3,20,28.44017094017094,0.5030181086519115,0.4736842105263157,0.86395088019792,1.63572887932296,2.49967975952088,5.35329438388037,108.74166666666667,106.96666666666664,186,28.44017094017094,0.5030181086519115,False
41900104,2020-08-24,2020,playoff,Nikola Vucevic,ORL,38,20,3,1,31,25.21796441013088,0.7270168855534709,0.7,0.86395088019792,1.63572887932296,2.49967975952088,5.35329438388037,108.74166666666667,106.96666666666664,186,25.21796441013088,0.7270168855534709,False
41900105,2020-08-29,2020,playoff,Nikola Vucevic,ORL,40,25,2,1,22,28.235294117647065,0.4250386398763524,0.42,0.86395088019792,1.63572887932296,2.49967975952088,5.35329438388037,108.74166666666667,106.96666666666664,186,28.235294117647065,0.4250386398763524,False
41900101,2020-08-18,2020,playoff,Terrence Ross,ORL,28,13,4,1,18,23.84478462086152,0.6097560975609756,0.5384615384615384,2.25711087314421,4.67458256766209,6.9316934408063,0.695144708645207,108.74166666666667,106.96666666666664,134,23.84478462086152,0.6097560975609756,False
41900102,2020-08-20,2020,playoff,Terrence Ross,ORL,29,14,3,1,12,23.770163492699268,0.391644908616188,0.3571428571428571,2.25711087314421,4.67458256766209,6.9316934408063,0.695144708645207,108.74166666666667,106.96666666666664,134,23.770163492699268,0.391644908616188,False
41900103,2020-08-22,2020,playoff,Terrence Ross,ORL,23,13,1,2,20,30.039876511448416,0.7440476190476191,0.7692307692307693,2.25711087314421,4.67458256766209,6.9316934408063,0.695144708645207,108.74166666666667,106.96666666666664,134,30.039876511448416,0.7440476190476191,False
41900104,2020-08-24,2020,playoff,Terrence Ross,ORL,31,13,6,2,19,24.43072306538173,0.6074168797953964,0.5,2.25711087314421,4.67458256766209,6.9316934408063,0.695144708645207,108.74166666666667,106.96666666666664,134,24.43072306538173,0.6074168797953964,False
41900105,2020-08-29,2020,playoff,Terrence Ross,ORL,23,11,0,2,13,23.748629886737305,0.5909090909090909,0.5909090909090909,2.25711087314421,4.67458256766209,6.9316934408063,0.695144708645207,108.74166666666667,106.96666666666664,134,23.748629886737305,0.5909090909090909,False
41900101,2020-08-18,2020,playoff,Wes Iwundu,ORL,12,3,1,1,4,15.674617301530796,0.5813953488372093,0.6666666666666666,-4.77951910863122,6.89345104038918,2.11393193175796,0.193003472397209,108.74166666666667,106.96666666666664,65,15.674617301530796,0.5813953488372093,False
41900102,2020-08-20,2020,playoff,Wes Iwundu,ORL,14,6,4,1,3,26.429325690149348,0.1932989690721649,0.0,-4.77951910863122,6.89345104038918,2.11393193175796,0.193003472397209,108.74166666666667,106.96666666666664,65,26.429325690149348,0.1932989690721649,False
41900103,2020-08-22,2020,playoff,Wes Iwundu,ORL,24,7,0,0,6,13.05165187376726,0.4285714285714285,0.4285714285714285,-4.77951910863122,6.89345104038918,2.11393193175796,0.193003472397209,108.74166666666667,106.96666666666664,65,13.05165187376726,0.4285714285714285,False
41900105,2020-08-29,2020,playoff,Wes Iwundu,ORL,15,4,3,0,8,14.901960784313728,0.7518796992481203,0.75,-4.77951910863122,6.89345104038918,2.11393193175796,0.193003472397209,108.74166666666667,106.96666666666664,65,14.901960784313728,0.7518796992481203,False
41900121,2020-08-17,2020,playoff,Al Horford,PHI,31,7,0,3,6,14.26133447901376,0.4285714285714285,0.4285714285714285,0.324784184870387,0.847799264906731,1.17258344977712,4.04262507931516,114.14888888888888,111.76,128,14.26133447901376,0.4285714285714285,True
41900122,2020-08-19,2020,playoff,Al Horford,PHI,23,3,0,0,4,6.028918797218193,0.6666666666666666,0.6666666666666666,0.324784184870387,0.847799264906731,1.17258344977712,4.04262507931516,114.14888888888888,111.76,128,6.028918797218193,0.6666666666666666,True
41900123,2020-08-21,2020,playoff,Al Horford,PHI,38,5,6,0,6,7.945832110614353,0.3926701570680628,0.2,0.324784184870387,0.847799264906731,1.17258344977712,4.04262507931516,114.14888888888888,111.76,128,7.945832110614353,0.3926701570680628,True
41900124,2020-08-23,2020,playoff,Al Horford,PHI,36,10,1,0,12,13.151676829268292,0.574712643678161,0.6,0.324784184870387,0.847799264906731,1.17258344977712,4.04262507931516,114.14888888888888,111.76,128,13.151676829268292,0.574712643678161,True
41900122,2020-08-19,2020,playoff,Matisse Thybulle,PHI,25,2,0,1,2,5.546605293440737,0.5,0.5,-4.90842368118043,-0.16142442290692,-5.06984810408735,-0.089774641679706,114.14888888888888,111.76,76,5.546605293440737,0.5,True
41900123,2020-08-21,2020,playoff,Matisse Thybulle,PHI,9,1,0,1,0,8.78247877263948,0.0,0.0,-4.90842368118043,-0.16142442290692,-5.06984810408735,-0.089774641679706,114.14888888888888,111.76,76,8.78247877263948,0.0,True
41900124,2020-08-23,2020,playoff,Matisse Thybulle,PHI,9,1,0,0,0,5.038956639566395,0.0,0.0,-4.90842368118043,-0.16142442290692,-5.06984810408735,-0.089774641679706,114.14888888888888,111.76,76,5.038956639566395,0.0,True
41900121,2020-08-17,2020,playoff,Shake Milton,PHI,26,7,0,3,13,17.00389880190102,0.9285714285714286,0.9285714285714286,3.23943093351625,-4.07887777519411,-0.839446841677855,0.126269581217943,114.14888888888888,111.76,126,17.00389880190102,0.9285714285714286,True
41900122,2020-08-19,2020,playoff,Shake Milton,PHI,29,8,3,1,14,16.448553628824257,0.7510729613733905,0.75,3.23943093351625,-4.07887777519411,-0.839446841677855,0.126269581217943,114.14888888888888,111.76,126,16.448553628824257,0.7510729613733905,True
41900123,2020-08-21,2020,playoff,Shake Milton,PHI,38,18,2,2,17,21.715834354663304,0.4502118644067797,0.4166666666666667,3.23943093351625,-4.07887777519411,-0.839446841677855,0.126269581217943,114.14888888888888,111.76,126,21.715834354663304,0.4502118644067797,True
41900124,2020-08-23,2020,playoff,Shake Milton,PHI,33,11,2,0,14,16.326219512195124,0.5892255892255892,0.5454545454545454,3.23943093351625,-4.07887777519411,-0.839446841677855,0.126269581217943,114.14888888888888,111.76,126,16.326219512195124,0.5892255892255892,True
41900142,2020-08-20,2020,playoff,Anfernee Simons,POR,15,7,3,1,11,27.46539496209342,0.6610576923076923,0.5714285714285714,-2.68411191463716,-3.34542555346148,-6.02953746809863,-2.41195908203701,116.9090909090909,114.2909090909091,82,27.46539496209342,0.6610576923076923,True
41900143,2020-08-22,2020,playoff,Anfernee Simons,POR,14,4,0,0,0,11.99220506670664,0.0,0.0,-2.68411191463716,-3.34542555346148,-6.02953746809863,-2.41195908203701,116.9090909090909,114.2909090909091,82,11.99220506670664,0.0,True
41900144,2020-08-24,2020,playoff,Anfernee Simons,POR,25,8,0,1,3,14.503510531594785,0.1875,0.1875,-2.68411191463716,-3.34542555346148,-6.02953746809863,-2.41195908203701,116.9090909090909,114.2909090909091,82,14.503510531594785,0.1875,True
41900145,2020-08-29,2020,playoff,Anfernee Simons,POR,28,7,3,2,13,14.272289602814556,0.78125,0.7857142857142857,-2.68411191463716,-3.34542555346148,-6.02953746809863,-2.41195908203701,116.9090909090909,114.2909090909091,82,14.272289602814556,0.78125,True
41900141,2020-08-18,2020,playoff,Damian Lillard,POR,43,21,10,3,34,29.06721932491889,0.6692913385826772,0.5714285714285714,8.60826502664076,-2.01397292410223,6.59429210253853,11.926011096774,116.9090909090909,114.2909090909091,143,29.06721932491889,0.6692913385826772,True
41900142,2020-08-20,2020,playoff,Damian Lillard,POR,30,14,5,4,18,29.76400097823429,0.5555555555555556,0.4642857142857143,8.60826502664076,-2.01397292410223,6.59429210253853,11.926011096774,116.9090909090909,114.2909090909091,143,29.76400097823429,0.5555555555555556,True
41900143,2020-08-22,2020,playoff,Damian Lillard,POR,43,20,14,4,34,29.43946899631519,0.6498470948012233,0.525,8.60826502664076,-2.01397292410223,6.59429210253853,11.926011096774,116.9090909090909,114.2909090909091,143,29.43946899631519,0.6498470948012233,True
41900144,2020-08-24,2020,playoff,Damian Lillard,POR,27,9,4,3,11,20.53171861262801,0.5111524163568774,0.3888888888888889,8.60826502664076,-2.01397292410223,6.59429210253853,11.926011096774,116.9090909090909,114.2909090909091,143,20.53171861262801,0.5111524163568774,True
41900141,2020-08-18,2020,playoff,Gary Trent Jr.,POR,31,8,0,1,5,12.77716251561064,0.3125,0.3125,0.963398195227987,-0.706432068413116,0.256966126814871,2.03278917651933,116.9090909090909,114.2909090909091,153,12.77716251561064,0.3125,True
41900142,2020-08-20,2020,playoff,Gary Trent Jr.,POR,21,7,0,2,8,18.944555078084058,0.5714285714285714,0.5714285714285714,0.963398195227987,-0.706432068413116,0.256966126814871,2.03278917651933,116.9090909090909,114.2909090909091,153,18.944555078084058,0.5714285714285714,True
41900143,2020-08-22,2020,playoff,Gary Trent Jr.,POR,27,6,1,0,6,10.01127045198399,0.4658385093167702,0.4166666666666667,0.963398195227987,-0.706432068413116,0.256966126814871,2.03278917651933,116.9090909090909,114.2909090909091,153,10.01127045198399,0.4658385093167702,True
41900144,2020-08-24,2020,playoff,Gary Trent Jr.,POR,34,11,2,0,13,14.076936692430234,0.5471380471380471,0.5,0.963398195227987,-0.706432068413116,0.256966126814871,2.03278917651933,116.9090909090909,114.2909090909091,153,14.076936692430234,0.5471380471380471,True
41900145,2020-08-29,2020,playoff,Gary Trent Jr.,POR,40,13,4,2,16,16.225048606610496,0.5420054200542006,0.5,0.963398195227987,-0.706432068413116,0.256966126814871,2.03278917651933,116.9090909090909,114.2909090909091,153,16.225048606610496,0.5420054200542006,True
41900141,2020-08-18,2020,playoff,Hassan Whiteside,POR,26,4,4,2,7,13.13535989211665,0.607638888888889,0.75,0.861545604504879,2.40568143049925,3.26722703500413,6.12603328398946,116.9090909090909,114.2909090909091,107,13.13535989211665,0.607638888888889,True
41900142,2020-08-20,2020,playoff,Hassan Whiteside,POR,22,3,6,2,6,15.350830387514176,0.5319148936170213,0.3333333333333333,0.861545604504879,2.40568143049925,3.26722703500413,6.12603328398946,116.9090909090909,114.2909090909091,107,15.350830387514176,0.5319148936170213,True
41900143,2020-08-22,2020,playoff,Hassan Whiteside,POR,26,5,2,0,8,9.492291548954718,0.6802721088435374,0.6,0.861545604504879,2.40568143049925,3.26722703500413,6.12603328398946,116.9090909090909,114.2909090909091,107,9.492291548954718,0.6802721088435374,True
41900144,2020-08-24,2020,playoff,Hassan Whiteside,POR,17,7,2,1,11,21.044309398784584,0.6979695431472082,0.7857142857142857,0.861545604504879,2.40568143049925,3.26722703500413,6.12603328398946,116.9090909090909,114.2909090909091,107,21.044309398784584,0.6979695431472082,True
41900145,2020-08-29,2020,playoff,Hassan Whiteside,POR,16,5,0,1,2,14.521224886584577,0.2,0.2,0.861545604504879,2.40568143049925,3.26722703500413,6.12603328398946,116.9090909090909,114.2909090909091,107,14.521224886584577,0.2,True
41900141,2020-08-18,2020,playoff,Jusuf Nurkic,POR,33,11,9,3,16,23.952232330610716,0.53475935828877,0.4090909090909091,1.94436528547795,1.81461403178763,3.75897931726558,0.849492264670998,116.9090909090909,114.2909090909091,161,23.952232330610716,0.53475935828877,True
41900142,2020-08-20,2020,playoff,Jusuf Nurkic,POR,29,10,0,1,9,16.767020011637616,0.45,0.45,1.94436528547795,1.81461403178763,3.75897931726558,0.849492264670998,116.9090909090909,114.2909090909091,161,16.767020011637616,0.45,True
41900143,2020-08-22,2020,playoff,Jusuf Nurkic,POR,35,10,2,3,10,16.64518063258882,0.4595588235294117,0.4,1.94436528547795,1.81461403178763,3.75897931726558,0.849492264670998,116.9090909090909,114.2909090909091,161,16.64518063258882,0.4595588235294117,True
41900144,2020-08-24,2020,playoff,Jusuf Nurkic,POR,27,10,8,4,20,26.14213009398566,0.7396449704142012,0.7,1.94436528547795,1.81461403178763,3.75897931726558,0.849492264670998,116.9090909090909,114.2909090909091,161,26.14213009398566,0.7396449704142012,True
41900145,2020-08-29,2020,playoff,Jusuf Nurkic,POR,37,16,4,2,16,20.68031738802964,0.4504504504504504,0.40625,1.94436528547795,1.81461403178763,3.75897931726558,0.849492264670998,116.9090909090909,114.2909090909091,161,20.68031738802964,0.4504504504504504,True
41900111,2020-08-17,2020,playoff,Fred VanVleet,TOR,39,15,1,1,30,18.231576602912103,0.9715025906735753,1.0,1.77480557316299,1.03431237897046,2.80911795213344,5.42037882120849,106.90588235294118,104.91764705882352,430,18.231576602912103,0.9715025906735753,False
41900112,2020-08-19,2020,playoff,Fred VanVleet,TOR,43,22,5,2,24,27.024590661269492,0.4958677685950413,0.4318181818181818,1.77480557316299,1.03431237897046,2.80911795213344,5.42037882120849,106.90588235294118,104.91764705882352,430,27.024590661269492,0.4958677685950413,False
41900113,2020-08-21,2020,playoff,Fred VanVleet,TOR,32,13,0,1,22,19.039056809905315,0.8461538461538461,0.8461538461538461,1.77480557316299,1.03431237897046,2.80911795213344,5.42037882120849,106.90588235294118,104.91764705882352,430,19.039056809905315,0.8461538461538461,False
41900114,2020-08-23,2020,playoff,Fred VanVleet,TOR,19,5,4,1,9,16.312474922805855,0.6656804733727811,0.6,1.77480557316299,1.03431237897046,2.80911795213344,5.42037882120849,106.90588235294118,104.91764705882352,430,16.312474922805855,0.6656804733727811,False
41900211,2020-08-30,2020,playoff,Fred VanVleet,TOR,38,16,4,1,11,21.48391020889168,0.3096846846846846,0.25,1.77480557316299,1.03431237897046,2.80911795213344,5.42037882120849,106.90588235294118,104.91764705882352,430,21.48391020889168,0.3096846846846846,False
41900212,2020-09-01,2020,playoff,Fred VanVleet,TOR,43,22,0,3,19,25.28722068157489,0.4318181818181818,0.4318181818181818,1.77480557316299,1.03431237897046,2.80911795213344,5.42037882120849,106.90588235294118,104.91764705882352,430,25.28722068157489,0.4318181818181818,False
41900213,2020-09-03,2020,playoff,Fred VanVleet,TOR,41,22,2,5,25,30.085153646797476,0.5463286713286714,0.5227272727272727,1.77480557316299,1.03431237897046,2.80911795213344,5.42037882120849,106.90588235294118,104.91764705882352,430,30.085153646797476,0.5463286713286714,False
41900214,2020-09-05,2020,playoff,Fred VanVleet,TOR,45,19,1,1,17,20.498934436504953,0.4372427983539094,0.4473684210526316,1.77480557316299,1.03431237897046,2.80911795213344,5.42037882120849,106.90588235294118,104.91764705882352,430,20.498934436504953,0.4372427983539094,False
41900215,2020-09-07,2020,playoff,Fred VanVleet,TOR,34,14,4,2,18,24.274403938204667,0.5710659898477157,0.5,1.77480557316299,1.03431237897046,2.80911795213344,5.42037882120849,106.90588235294118,104.91764705882352,430,24.274403938204667,0.5710659898477157,False
41900216,2020-09-09,2020,playoff,Fred VanVleet,TOR,51,22,4,2,21,23.54408602150538,0.4419191919191919,0.3863636363636363,1.77480557316299,1.03431237897046,2.80911795213344,5.42037882120849,106.90588235294118,104.91764705882352,430,23.54408602150538,0.4419191919191919,False
41900217,2020-09-11,2020,playoff,Fred VanVleet,TOR,45,20,0,3,20,24.204156800841883,0.5,0.5,1.77480557316299,1.03431237897046,2.80911795213344,5.42037882120849,106.90588235294118,104.91764705882352,430,24.204156800841883,0.5,False
41900111,2020-08-17,2020,playoff,Kyle Lowry,TOR,38,14,7,0,16,19.43977751109587,0.468384074941452,0.3214285714285714,2.89057320875397,1.11367602431518,4.00424923306916,7.31933222087597,106.90588235294118,104.91764705882352,412,19.43977751109587,0.468384074941452,False
41900112,2020-08-19,2020,playoff,Kyle Lowry,TOR,37,14,6,2,21,22.344491341882325,0.6310096153846153,0.6071428571428571,2.89057320875397,1.11367602431518,4.00424923306916,7.31933222087597,106.90588235294118,104.91764705882352,412,22.344491341882325,0.6310096153846153,False
41900113,2020-08-21,2020,playoff,Kyle Lowry,TOR,35,7,4,4,11,15.865362605348038,0.6278538812785388,0.5714285714285714,2.89057320875397,1.11367602431518,4.00424923306916,7.31933222087597,106.90588235294118,104.91764705882352,412,15.865362605348038,0.6278538812785388,False
41900114,2020-08-23,2020,playoff,Kyle Lowry,TOR,9,3,0,0,2,13.313446028063195,0.3333333333333333,0.3333333333333333,2.89057320875397,1.11367602431518,4.00424923306916,7.31933222087597,106.90588235294118,104.91764705882352,412,13.313446028063195,0.3333333333333333,False
41900211,2020-08-30,2020,playoff,Kyle Lowry,TOR,35,12,9,5,17,26.060774905845328,0.5325814536340852,0.4583333333333333,2.89057320875397,1.11367602431518,4.00424923306916,7.31933222087597,106.90588235294118,104.91764705882352,412,26.060774905845328,0.5325814536340852,False
41900212,2020-09-01,2020,playoff,Kyle Lowry,TOR,40,16,8,2,16,23.39978252990214,0.4098360655737705,0.3125,2.89057320875397,1.11367602431518,4.00424923306916,7.31933222087597,106.90588235294118,104.91764705882352,412,23.39978252990214,0.4098360655737705,False
41900213,2020-09-03,2020,playoff,Kyle Lowry,TOR,46,23,4,3,31,26.699612059945583,0.6260096930533118,0.6086956521739131,2.89057320875397,1.11367602431518,4.00424923306916,7.31933222087597,106.90588235294118,104.91764705882352,412,26.699612059945583,0.6260096930533118,False
41900214,2020-09-05,2020,playoff,Kyle Lowry,TOR,44,16,8,5,22,25.149577763342336,0.5635245901639344,0.4375,2.89057320875397,1.11367602431518,4.00424923306916,7.31933222087597,106.90588235294118,104.91764705882352,412,25.149577763342336,0.5635245901639344,False
41900215,2020-09-07,2020,playoff,Kyle Lowry,TOR,34,8,4,3,10,17.440393820466866,0.5122950819672131,0.4375,2.89057320875397,1.11367602431518,4.00424923306916,7.31933222087597,106.90588235294118,104.91764705882352,412,17.440393820466866,0.5122950819672131,False
41900216,2020-09-09,2020,playoff,Kyle Lowry,TOR,53,20,4,1,33,20.01716372489349,0.7582720588235293,0.75,2.89057320875397,1.11367602431518,4.00424923306916,7.31933222087597,106.90588235294118,104.91764705882352,412,20.01716372489349,0.7582720588235293,False
41900217,2020-09-11,2020,playoff,Kyle Lowry,TOR,41,15,6,3,16,23.83968275357576,0.4535147392290249,0.3666666666666666,2.89057320875397,1.11367602431518,4.00424923306916,7.31933222087597,106.90588235294118,104.91764705882352,412,23.83968275357576,0.4535147392290249,False
41900111,2020-08-17,2020,playoff,OG Anunoby,TOR,34,8,1,1,12,12.008260416001365,0.7109004739336493,0.6875,-0.82997105161303,1.78413722511525,0.954166173502223,3.90378545345019,106.90588235294118,104.91764705882352,391,12.008260416001365,0.7109004739336493,False
41900112,2020-08-19,2020,playoff,OG Anunoby,TOR,36,8,4,0,6,12.024682155133144,0.3073770491803279,0.25,-0.82997105161303,1.78413722511525,0.954166173502223,3.90378545345019,106.90588235294118,104.91764705882352,391,12.024682155133144,0.3073770491803279,False
41900113,2020-08-21,2020,playoff,OG Anunoby,TOR,33,7,0,0,8,9.231057847226818,0.5714285714285714,0.5714285714285714,-0.82997105161303,1.78413722511525,0.954166173502223,3.90378545345019,106.90588235294118,104.91764705882352,391,9.231057847226818,0.5714285714285714,False
41900114,2020-08-23,2020,playoff,OG Anunoby,TOR,26,7,4,3,10,18.06532214884883,0.5707762557077626,0.5,-0.82997105161303,1.78413722511525,0.954166173502223,3.90378545345019,106.90588235294118,104.91764705882352,391,18.06532214884883,0.5707762557077626,False
41900211,2020-08-30,2020,playoff,OG Anunoby,TOR,33,6,4,1,12,11.551922256147607,0.7731958762886598,0.75,-0.82997105161303,1.78413722511525,0.954166173502223,3.90378545345019,106.90588235294118,104.91764705882352,391,11.551922256147607,0.7731958762886598,False
41900212,2020-09-01,2020,playoff,OG Anunoby,TOR,38,12,3,1,20,16.390377901985843,0.7507507507507507,0.75,-0.82997105161303,1.78413722511525,0.954166173502223,3.90378545345019,106.90588235294118,104.91764705882352,391,16.390377901985843,0.7507507507507507,False
41900213,2020-09-03,2020,playoff,OG Anunoby,TOR,45,8,2,1,12,9.713768563083631,0.6756756756756757,0.6875,-0.82997105161303,1.78413722511525,0.954166173502223,3.90378545345019,106.90588235294118,104.91764705882352,391,9.713768563083631,0.6756756756756757,False
41900214,2020-09-05,2020,playoff,OG Anunoby,TOR,35,7,4,3,11,15.163595336592708,0.6278538812785388,0.5714285714285714,-0.82997105161303,1.78413722511525,0.954166173502223,3.90378545345019,106.90588235294118,104.91764705882352,391,15.163595336592708,0.6278538812785388,False
41900215,2020-09-07,2020,playoff,OG Anunoby,TOR,26,11,0,1,7,21.448277907977104,0.3181818181818182,0.3181818181818182,-0.82997105161303,1.78413722511525,0.954166173502223,3.90378545345019,106.90588235294118,104.91764705882352,391,21.448277907977104,0.3181818181818182,False
41900216,2020-09-09,2020,playoff,OG Anunoby,TOR,50,11,4,4,13,15.62464516129032,0.5094043887147336,0.5454545454545454,-0.82997105161303,1.78413722511525,0.954166173502223,3.90378545345019,106.90588235294118,104.91764705882352,391,15.62464516129032,0.5094043887147336,False
41900217,2020-09-11,2020,playoff,OG Anunoby,TOR,35,3,2,1,4,6.60277370616755,0.5154639175257733,0.3333333333333333,-0.82997105161303,1.78413722511525,0.954166173502223,3.90378545345019,106.90588235294118,104.91764705882352,391,6.60277370616755,0.5154639175257733,False
41900111,2020-08-17,2020,playoff,Pascal Siakam,TOR,31,13,9,2,18,26.45231340408392,0.5306603773584906,0.3461538461538461,-2.98058281466906,0.6914306962269,-2.28915211844216,0.100023871992886,106.90588235294118,104.91764705882352,419,26.45231340408392,0.5306603773584906,False
41900112,2020-08-19,2020,playoff,Pascal Siakam,TOR,36,14,9,1,19,23.359423530873404,0.5289532293986636,0.5,-2.98058281466906,0.6914306962269,-2.28915211844216,0.100023871992886,106.90588235294118,104.91764705882352,419,23.359423530873404,0.5289532293986636,False
41900113,2020-08-21,2020,playoff,Pascal Siakam,TOR,33,23,4,2,26,35.289015427398525,0.5250403877221325,0.5217391304347826,-2.98058281466906,0.6914306962269,-2.28915211844216,0.100023871992886,106.90588235294118,104.91764705882352,419,35.289015427398525,0.5250403877221325,False
41900114,2020-08-23,2020,playoff,Pascal Siakam,TOR,33,22,2,2,20,30.112594288928396,0.4370629370629371,0.4318181818181818,-2.98058281466906,0.6914306962269,-2.28915211844216,0.100023871992886,106.90588235294118,104.91764705882352,419,30.112594288928396,0.4370629370629371,False
41900211,2020-08-30,2020,playoff,Pascal Siakam,TOR,34,16,4,2,13,25.291355979011325,0.3659909909909909,0.3125,-2.98058281466906,0.6914306962269,-2.28915211844216,0.100023871992886,106.90588235294118,104.91764705882352,419,25.291355979011325,0.3659909909909909,False
41900212,2020-09-01,2020,playoff,Pascal Siakam,TOR,43,16,4,1,17,18.9755303994538,0.4786036036036035,0.40625,-2.98058281466906,0.6914306962269,-2.28915211844216,0.100023871992886,106.90588235294118,104.91764705882352,419,18.9755303994538,0.4786036036036035,False
41900213,2020-09-03,2020,playoff,Pascal Siakam,TOR,38,15,4,2,16,21.842007833356067,0.477326968973747,0.4333333333333333,-2.98058281466906,0.6914306962269,-2.28915211844216,0.100023871992886,106.90588235294118,104.91764705882352,419,21.842007833356067,0.477326968973747,False
41900214,2020-09-05,2020,playoff,Pascal Siakam,TOR,46,23,2,0,23,23.42822571414556,0.4815745393634841,0.4782608695652174,-2.98058281466906,0.6914306962269,-2.28915211844216,0.100023871992886,106.90588235294118,104.91764705882352,419,23.42822571414556,0.4815745393634841,False
41900215,2020-09-07,2020,playoff,Pascal Siakam,TOR,29,9,0,2,10,17.6270329933375,0.5555555555555556,0.5555555555555556,-2.98058281466906,0.6914306962269,-2.28915211844216,0.100023871992886,106.90588235294118,104.91764705882352,419,17.6270329933375,0.5555555555555556,False
41900216,2020-09-09,2020,playoff,Pascal Siakam,TOR,54,19,4,3,12,20.509677419354837,0.2890173410404624,0.2631578947368421,-2.98058281466906,0.6914306962269,-2.28915211844216,0.100023871992886,106.90588235294118,104.91764705882352,419,20.509677419354837,0.2890173410404624,False
41900217,2020-09-11,2020,playoff,Pascal Siakam,TOR,42,12,4,5,13,21.152328334648775,0.4723837209302325,0.4166666666666667,-2.98058281466906,0.6914306962269,-2.28915211844216,0.100023871992886,106.90588235294118,104.91764705882352,419,21.152328334648775,0.4723837209302325,False
41900111,2020-08-17,2020,playoff,Terence Davis,TOR,12,4,3,0,11,19.174206780069973,1.033834586466165,1.0,1.57081016081213,0.078394383892096,1.64920454470423,2.71579324221151,106.90588235294118,104.91764705882352,84,19.174206780069973,1.033834586466165,False
41900113,2020-08-21,2020,playoff,Terence Davis,TOR,17,5,0,3,9,20.478985476200677,0.9,0.9,1.57081016081213,0.078394383892096,1.64920454470423,2.71579324221151,106.90588235294118,104.91764705882352,84,20.478985476200677,0.9,False
41900114,2020-08-23,2020,playoff,Terence Davis,TOR,24,10,0,0,14,16.641807535078996,0.7,0.7,1.57081016081213,0.078394383892096,1.64920454470423,2.71579324221151,106.90588235294118,104.91764705882352,84,16.641807535078996,0.7,False
41900211,2020-08-30,2020,playoff,Terence Davis,TOR,13,4,2,2,7,23.03080812289913,0.7172131147540983,0.625,1.57081016081213,0.078394383892096,1.64920454470423,2.71579324221151,106.90588235294118,104.91764705882352,84,23.03080812289913,0.7172131147540983,False
41900212,2020-09-01,2020,playoff,Terence Davis,TOR,6,2,0,0,0,14.498006524102935,0.0,0.0,1.57081016081213,0.078394383892096,1.64920454470423,2.71579324221151,106.90588235294118,104.91764705882352,84,14.498006524102935,0.0,False
41900215,2020-09-07,2020,playoff,Terence Davis,TOR,12,4,2,1,2,22.770921712302357,0.2049180327868852,0.0,1.57081016081213,0.078394383892096,1.64920454470423,2.71579324221151,106.90588235294118,104.91764705882352,84,22.770921712302357,0.2049180327868852,False
41900161,2020-08-17,2020,playoff,Georges Niang,UTA,20,6,0,0,7,13.019980347199477,0.5833333333333334,0.5833333333333334,3.86196343230347,-1.89154752611604,1.97041590618743,0.280745374346478,120.2375,118.5,114,13.019980347199477,0.5833333333333334,True
41900162,2020-08-19,2020,playoff,Georges Niang,UTA,21,10,0,1,7,24.81422505307856,0.35,0.35,3.86196343230347,-1.89154752611604,1.97041590618743,0.280745374346478,120.2375,118.5,114,24.81422505307856,0.35,True
41900163,2020-08-21,2020,playoff,Georges Niang,UTA,16,9,0,1,16,28.80785280728376,0.8888888888888888,0.8888888888888888,3.86196343230347,-1.89154752611604,1.97041590618743,0.280745374346478,120.2375,118.5,114,28.80785280728376,0.8888888888888888,True
41900164,2020-08-23,2020,playoff,Georges Niang,UTA,12,4,0,0,5,16.187778227438283,0.625,0.625,3.86196343230347,-1.89154752611604,1.97041590618743,0.280745374346478,120.2375,118.5,114,16.187778227438283,0.625,True
41900165,2020-08-25,2020,playoff,Georges Niang,UTA,18,5,0,0,7,13.32800213248034,0.7,0.7,3.86196343230347,-1.89154752611604,1.97041590618743,0.280745374346478,120.2375,118.5,114,13.32800213248034,0.7,True
41900166,2020-08-30,2020,playoff,Georges Niang,UTA,20,6,2,0,10,16.8847250509165,0.7267441860465116,0.6666666666666666,3.86196343230347,-1.89154752611604,1.97041590618743,0.280745374346478,120.2375,118.5,114,16.8847250509165,0.7267441860465116,True
41900167,2020-09-01,2020,playoff,Georges Niang,UTA,7,4,0,0,6,28.33723653395785,0.75,0.75,3.86196343230347,-1.89154752611604,1.97041590618743,0.280745374346478,120.2375,118.5,114,28.33723653395785,0.75,True
41900161,2020-08-17,2020,playoff,Juwan Morgan,UTA,25,5,0,1,3,10.41598427775958,0.3,0.3,-1.28507264000236,0.974592779179185,-0.310479860823175,0.110293256914496,120.2375,118.5,68,10.41598427775958,0.3,True
41900162,2020-08-19,2020,playoff,Juwan Morgan,UTA,14,4,0,0,5,13.535031847133755,0.625,0.625,-1.28507264000236,0.974592779179185,-0.310479860823175,0.110293256914496,120.2375,118.5,68,13.535031847133755,0.625,True
41900167,2020-09-01,2020,playoff,Juwan Morgan,UTA,7,2,4,0,1,26.637002341920375,0.1329787234042553,0.0,-1.28507264000236,0.974592779179185,-0.310479860823175,0.110293256914496,120.2375,118.5,68,26.637002341920375,0.1329787234042553,True
42000131,2021-05-23,2021,playoff,Bogdan Bogdanovic,ATL,34,15,0,1,18,22.395688133073136,0.6,0.6,3.227149617936604,0.4314269440284159,3.65857656196502,4.251352547627469,112.31379310344828,110.00689655172413,596,22.395688133073136,0.6,False
42000132,2021-05-26,2021,playoff,Bogdan Bogdanovic,ATL,35,21,0,0,18,27.10911136107986,0.4285714285714285,0.4285714285714285,3.227149617936604,0.4314269440284159,3.65857656196502,4.251352547627469,112.31379310344828,110.00689655172413,596,27.10911136107986,0.4285714285714285,False
42000133,2021-05-28,2021,playoff,Bogdan Bogdanovic,ATL,39,12,0,1,15,16.82021217197097,0.625,0.625,3.227149617936604,0.4314269440284159,3.65857656196502,4.251352547627469,112.31379310344828,110.00689655172413,596,16.82021217197097,0.625,False
42000134,2021-05-30,2021,playoff,Bogdan Bogdanovic,ATL,35,11,0,2,12,17.161481156879933,0.5454545454545454,0.5454545454545454,3.227149617936604,0.4314269440284159,3.65857656196502,4.251352547627469,112.31379310344828,110.00689655172413,596,17.161481156879933,0.5454545454545454,False
42000135,2021-06-02,2021,playoff,Bogdan Bogdanovic,ATL,35,11,0,0,9,13.841896407685883,0.4090909090909091,0.4090909090909091,3.227149617936604,0.4314269440284159,3.65857656196502,4.251352547627469,112.31379310344828,110.00689655172413,596,13.841896407685883,0.4090909090909091,False
42000201,2021-06-06,2021,playoff,Bogdan Bogdanovic,ATL,36,17,2,3,21,25.25399129172714,0.587248322147651,0.5588235294117647,3.227149617936604,0.4314269440284159,3.65857656196502,4.251352547627469,112.31379310344828,110.00689655172413,596,25.25399129172714,0.587248322147651,False
42000202,2021-06-08,2021,playoff,Bogdan Bogdanovic,ATL,41,16,0,2,14,19.689381474985986,0.4375,0.4375,3.227149617936604,0.4314269440284159,3.65857656196502,4.251352547627469,112.31379310344828,110.00689655172413,596,19.689381474985986,0.4375,False
42000203,2021-06-11,2021,playoff,Bogdan Bogdanovic,ATL,39,13,4,4,19,21.562598775897243,0.6436314363143631,0.6153846153846154,3.227149617936604,0.4314269440284159,3.65857656196502,4.251352547627469,112.31379310344828,110.00689655172413,596,21.562598775897243,0.6436314363143631,False
42000204,2021-06-14,2021,playoff,Bogdan Bogdanovic,ATL,42,24,1,1,22,25.450180072028814,0.4500818330605564,0.4583333333333333,3.227149617936604,0.4314269440284159,3.65857656196502,4.251352547627469,112.31379310344828,110.00689655172413,596,25.450180072028814,0.4500818330605564,False
42000205,2021-06-16,2021,playoff,Bogdan Bogdanovic,ATL,21,9,0,2,6,23.114932826897377,0.3333333333333333,0.3333333333333333,3.227149617936604,0.4314269440284159,3.65857656196502,4.251352547627469,112.31379310344828,110.00689655172413,596,23.114932826897377,0.3333333333333333,False
42000206,2021-06-18,2021,playoff,Bogdan Bogdanovic,ATL,29,11,2,3,7,21.498747832787515,0.2946127946127946,0.3181818181818182,3.227149617936604,0.4314269440284159,3.65857656196502,4.251352547627469,112.31379310344828,110.00689655172413,596,21.498747832787515,0.2946127946127946,False
42000207,2021-06-20,2021,playoff,Bogdan Bogdanovic,ATL,21,8,0,0,4,17.329200427791978,0.25,0.25,3.227149617936604,0.4314269440284159,3.65857656196502,4.251352547627469,112.31379310344828,110.00689655172413,596,17.329200427791978,0.25,False
42000301,2021-06-23,2021,playoff,Bogdan Bogdanovic,ATL,27,6,2,2,4,13.90736808995832,0.2906976744186046,0.1666666666666666,3.227149617936604,0.4314269440284159,3.65857656196502,4.251352547627469,112.31379310344828,110.00689655172413,596,13.90736808995832,0.2906976744186046,False
42000302,2021-06-25,2021,playoff,Bogdan Bogdanovic,ATL,18,6,0,0,8,14.749262536873156,0.6666666666666666,0.6666666666666666,3.227149617936604,0.4314269440284159,3.65857656196502,4.251352547627469,112.31379310344828,110.00689655172413,596,14.749262536873156,0.6666666666666666,False
42000303,2021-06-27,2021,playoff,Bogdan Bogdanovic,ATL,35,16,0,1,8,22.626441881100263,0.25,0.25,3.227149617936604,0.4314269440284159,3.65857656196502,4.251352547627469,112.31379310344828,110.00689655172413,596,22.626441881100263,0.25,False
42000304,2021-06-29,2021,playoff,Bogdan Bogdanovic,ATL,33,19,0,2,20,29.903835841704502,0.5263157894736842,0.5263157894736842,3.227149617936604,0.4314269440284159,3.65857656196502,4.251352547627469,112.31379310344828,110.00689655172413,596,29.903835841704502,0.5263157894736842,False
42000305,2021-07-01,2021,playoff,Bogdan Bogdanovic,ATL,39,22,1,0,28,24.68275049976724,0.6238859180035651,0.6136363636363636,3.227149617936604,0.4314269440284159,3.65857656196502,4.251352547627469,112.31379310344828,110.00689655172413,596,24.68275049976724,0.6238859180035651,False
42000306,2021-07-03,2021,playoff,Bogdan Bogdanovic,ATL,37,12,5,3,20,18.969257099971625,0.7042253521126761,0.6666666666666666,3.227149617936604,0.4314269440284159,3.65857656196502,4.251352547627469,112.31379310344828,110.00689655172413,596,18.969257099971625,0.7042253521126761,False
42000302,2021-06-25,2021,playoff,Cam Reddish,ATL,17,10,2,0,11,28.31858407079646,0.5055147058823529,0.45,1.468793204548643,0.9429034512913046,2.411696655839947,0.2516987379189788,112.31379310344828,110.00689655172413,92,28.31858407079646,0.5055147058823529,False
42000304,2021-06-29,2021,playoff,Cam Reddish,ATL,23,9,0,2,12,22.474311408982885,0.6666666666666666,0.6666666666666666,1.468793204548643,0.9429034512913046,2.411696655839947,0.2516987379189788,112.31379310344828,110.00689655172413,92,22.474311408982885,0.6666666666666666,False
42000305,2021-07-01,2021,playoff,Cam Reddish,ATL,23,5,1,2,7,13.876514928722894,0.6433823529411764,0.6,1.468793204548643,0.9429034512913046,2.411696655839947,0.2516987379189788,112.31379310344828,110.00689655172413,92,13.876514928722894,0.6433823529411764,False
42000306,2021-07-03,2021,playoff,Cam Reddish,ATL,29,12,2,1,21,19.53057673669092,0.8152173913043478,0.8333333333333334,1.468793204548643,0.9429034512913046,2.411696655839947,0.2516987379189788,112.31379310344828,110.00689655172413,92,19.53057673669092,0.8152173913043478,False
42000131,2021-05-23,2021,playoff,Danilo Gallinari,ATL,24,11,0,1,7,23.795418641390206,0.3181818181818182,0.3181818181818182,0.6879693776152589,-0.4380864492754546,0.2498829283398043,0.6956288706078025,112.31379310344828,110.00689655172413,443,23.795418641390206,0.3181818181818182,False
42000132,2021-05-26,2021,playoff,Danilo Gallinari,ATL,30,10,0,1,6,16.56667916510436,0.3,0.3,0.6879693776152589,-0.4380864492754546,0.2498829283398043,0.6956288706078025,112.31379310344828,110.00689655172413,443,16.56667916510436,0.3,False
42000133,2021-05-28,2021,playoff,Danilo Gallinari,ATL,24,8,0,1,12,18.922738693467338,0.75,0.75,0.6879693776152589,-0.4380864492754546,0.2498829283398043,0.6956288706078025,112.31379310344828,110.00689655172413,443,18.922738693467338,0.75,False
42000134,2021-05-30,2021,playoff,Danilo Gallinari,ATL,25,9,8,0,21,23.138957055214725,0.8386581469648563,0.7222222222222222,0.6879693776152589,-0.4380864492754546,0.2498829283398043,0.6956288706078025,112.31379310344828,110.00689655172413,443,23.138957055214725,0.8386581469648563,False
42000135,2021-06-02,2021,playoff,Danilo Gallinari,ATL,18,7,2,1,1,21.727582846003894,0.0634517766497461,0.0,0.6879693776152589,-0.4380864492754546,0.2498829283398043,0.6956288706078025,112.31379310344828,110.00689655172413,443,21.727582846003894,0.0634517766497461,False
42000201,2021-06-06,2021,playoff,Danilo Gallinari,ATL,18,4,4,1,9,16.352201257861637,0.78125,0.625,0.6879693776152589,-0.4380864492754546,0.2498829283398043,0.6956288706078025,112.31379310344828,110.00689655172413,443,16.352201257861637,0.78125,False
42000202,2021-06-08,2021,playoff,Danilo Gallinari,ATL,26,15,2,0,21,27.3918001938758,0.6612090680100755,0.6333333333333333,0.6879693776152589,-0.4380864492754546,0.2498829283398043,0.6956288706078025,112.31379310344828,110.00689655172413,443,27.3918001938758,0.6612090680100755,False
42000203,2021-06-11,2021,playoff,Danilo Gallinari,ATL,30,9,9,0,17,19.364960776989168,0.6558641975308641,0.4444444444444444,0.6879693776152589,-0.4380864492754546,0.2498829283398043,0.6956288706078025,112.31379310344828,110.00689655172413,443,19.364960776989168,0.6558641975308641,False
42000204,2021-06-14,2021,playoff,Danilo Gallinari,ATL,23,6,4,0,7,14.176105224698576,0.4510309278350515,0.25,0.6879693776152589,-0.4380864492754546,0.2498829283398043,0.6956288706078025,112.31379310344828,110.00689655172413,443,14.176105224698576,0.4510309278350515,False
42000205,2021-06-16,2021,playoff,Danilo Gallinari,ATL,30,10,2,1,16,17.474889217134418,0.7352941176470588,0.75,0.6879693776152589,-0.4380864492754546,0.2498829283398043,0.6956288706078025,112.31379310344828,110.00689655172413,443,17.474889217134418,0.7352941176470588,False
42000206,2021-06-18,2021,playoff,Danilo Gallinari,ATL,23,10,4,0,16,21.42336652902599,0.6802721088435374,0.6,0.6879693776152589,-0.4380864492754546,0.2498829283398043,0.6956288706078025,112.31379310344828,110.00689655172413,443,21.42336652902599,0.6802721088435374,False
42000207,2021-06-20,2021,playoff,Danilo Gallinari,ATL,30,13,2,1,17,22.562618956985155,0.6123919308357348,0.5769230769230769,0.6879693776152589,-0.4380864492754546,0.2498829283398043,0.6956288706078025,112.31379310344828,110.00689655172413,443,22.562618956985155,0.6123919308357348,False
42000301,2021-06-23,2021,playoff,Danilo Gallinari,ATL,25,9,0,1,9,16.91436659589526,0.5,0.5,0.6879693776152589,-0.4380864492754546,0.2498829283398043,0.6956288706078025,112.31379310344828,110.00689655172413,443,16.91436659589526,0.5,False
42000302,2021-06-25,2021,playoff,Danilo Gallinari,ATL,16,7,4,1,12,26.99115044247787,0.684931506849315,0.6428571428571429,0.6879693776152589,-0.4380864492754546,0.2498829283398043,0.6956288706078025,112.31379310344828,110.00689655172413,443,26.99115044247787,0.684931506849315,False
42000303,2021-06-27,2021,playoff,Danilo Gallinari,ATL,36,14,2,3,18,23.13664596273292,0.6048387096774194,0.5714285714285714,0.6879693776152589,-0.4380864492754546,0.2498829283398043,0.6956288706078025,112.31379310344828,110.00689655172413,443,23.13664596273292,0.6048387096774194,False
42000304,2021-06-29,2021,playoff,Danilo Gallinari,ATL,19,8,2,2,10,26.90895544011424,0.563063063063063,0.5,0.6879693776152589,-0.4380864492754546,0.2498829283398043,0.6956288706078025,112.31379310344828,110.00689655172413,443,26.90895544011424,0.563063063063063,False
42000305,2021-07-01,2021,playoff,Danilo Gallinari,ATL,23,11,7,1,19,28.12605445230393,0.6747159090909091,0.5454545454545454,0.6879693776152589,-0.4380864492754546,0.2498829283398043,0.6956288706078025,112.31379310344828,110.00689655172413,443,28.12605445230393,0.6747159090909091,False
42000306,2021-07-03,2021,playoff,Danilo Gallinari,ATL,23,13,0,0,13,23.0642382838381,0.5,0.5,0.6879693776152589,-0.4380864492754546,0.2498829283398043,0.6956288706078025,112.31379310344828,110.00689655172413,443,23.0642382838381,0.5,False
42000131,2021-05-23,2021,playoff,De'Andre Hunter,ATL,22,6,0,1,5,15.142539135430134,0.4166666666666667,0.4166666666666667,-0.6494945420940997,4.338597346208409,3.689102804114309,2.228871532513514,112.31379310344828,110.00689655172413,152,15.142539135430134,0.4166666666666667,False
42000132,2021-05-26,2021,playoff,De'Andre Hunter,ATL,32,10,11,1,18,22.365016872890887,0.6064690026954178,0.45,-0.6494945420940997,4.338597346208409,3.689102804114309,2.228871532513514,112.31379310344828,110.00689655172413,152,22.365016872890887,0.6064690026954178,False
42000133,2021-05-28,2021,playoff,De'Andre Hunter,ATL,35,11,0,1,11,17.30078966259871,0.5,0.5,-0.6494945420940997,4.338597346208409,3.689102804114309,2.228871532513514,112.31379310344828,110.00689655172413,152,17.30078966259871,0.5,False
42000134,2021-05-30,2021,playoff,De'Andre Hunter,ATL,28,7,1,2,5,15.5773444347064,0.336021505376344,0.2857142857142857,-0.6494945420940997,4.338597346208409,3.689102804114309,2.228871532513514,112.31379310344828,110.00689655172413,152,15.5773444347064,0.336021505376344,False
42000135,2021-06-02,2021,playoff,De'Andre Hunter,ATL,35,11,4,2,15,18.57330827067669,0.5877742946708464,0.5909090909090909,-0.6494945420940997,4.338597346208409,3.689102804114309,2.228871532513514,112.31379310344828,110.00689655172413,152,18.57330827067669,0.5877742946708464,False
42000131,2021-05-23,2021,playoff,John Collins,ATL,35,9,0,1,12,13.597382080794402,0.6666666666666666,0.6666666666666666,1.666979559256677,0.9098682952266642,2.576847854483341,5.022456992812239,112.31379310344828,110.00689655172413,577,13.597382080794402,0.6666666666666666,False
42000132,2021-05-26,2021,playoff,John Collins,ATL,15,2,0,1,0,9.036370453693287,0.0,0.0,1.666979559256677,0.9098682952266642,2.576847854483341,5.022456992812239,112.31379310344828,110.00689655172413,577,9.036370453693287,0.0,False
42000133,2021-05-28,2021,playoff,John Collins,ATL,31,11,0,0,14,17.905387150807805,0.6363636363636364,0.6363636363636364,1.666979559256677,0.9098682952266642,2.576847854483341,5.022456992812239,112.31379310344828,110.00689655172413,577,17.905387150807805,0.6363636363636364,False
42000134,2021-05-30,2021,playoff,John Collins,ATL,29,10,8,0,22,21.540617727945843,0.8136094674556213,0.7,1.666979559256677,0.9098682952266642,2.576847854483341,5.022456992812239,112.31379310344828,110.00689655172413,577,21.540617727945843,0.8136094674556213,False
42000135,2021-06-02,2021,playoff,John Collins,ATL,35,9,3,0,13,12.986215538847118,0.6298449612403101,0.6111111111111112,1.666979559256677,0.9098682952266642,2.576847854483341,5.022456992812239,112.31379310344828,110.00689655172413,577,12.986215538847118,0.6298449612403101,False
42000201,2021-06-06,2021,playoff,John Collins,ATL,34,9,4,3,21,17.621446256296423,0.9758364312267658,0.9444444444444444,1.666979559256677,0.9098682952266642,2.576847854483341,5.022456992812239,112.31379310344828,110.00689655172413,577,17.621446256296423,0.9758364312267658,False
42000202,2021-06-08,2021,playoff,John Collins,ATL,35,11,0,1,8,15.376469342370008,0.3636363636363636,0.3636363636363636,1.666979559256677,0.9098682952266642,2.576847854483341,5.022456992812239,112.31379310344828,110.00689655172413,577,15.376469342370008,0.3636363636363636,False
42000203,2021-06-11,2021,playoff,John Collins,ATL,33,14,3,3,23,24.8853873060074,0.7506527415143603,0.7142857142857143,1.666979559256677,0.9098682952266642,2.576847854483341,5.022456992812239,112.31379310344828,110.00689655172413,577,24.8853873060074,0.7506527415143603,False
42000204,2021-06-14,2021,playoff,John Collins,ATL,37,15,2,1,14,19.168748580513288,0.4408060453400503,0.4333333333333333,1.666979559256677,0.9098682952266642,2.576847854483341,5.022456992812239,112.31379310344828,110.00689655172413,577,19.168748580513288,0.4408060453400503,False
42000205,2021-06-16,2021,playoff,John Collins,ATL,36,12,4,1,19,18.092688330871493,0.690406976744186,0.7083333333333334,1.666979559256677,0.9098682952266642,2.576847854483341,5.022456992812239,112.31379310344828,110.00689655172413,577,18.092688330871493,0.690406976744186,False
42000206,2021-06-18,2021,playoff,John Collins,ATL,37,8,3,2,7,12.818964215612262,0.3755364806866952,0.25,1.666979559256677,0.9098682952266642,2.576847854483341,5.022456992812239,112.31379310344828,110.00689655172413,577,12.818964215612262,0.3755364806866952,False
42000207,2021-06-20,2021,playoff,John Collins,ATL,41,6,4,2,14,10.828636950244643,0.9020618556701032,0.8333333333333334,1.666979559256677,0.9098682952266642,2.576847854483341,5.022456992812239,112.31379310344828,110.00689655172413,577,10.828636950244643,0.9020618556701032,False
42000301,2021-06-23,2021,playoff,John Collins,ATL,37,16,0,2,23,20.571526940953692,0.71875,0.71875,1.666979559256677,0.9098682952266642,2.576847854483341,5.022456992812239,112.31379310344828,110.00689655172413,577,20.571526940953692,0.71875,False
42000302,2021-06-25,2021,playoff,John Collins,ATL,24,9,0,1,11,18.436578171091444,0.6111111111111112,0.6111111111111112,1.666979559256677,0.9098682952266642,2.576847854483341,5.022456992812239,112.31379310344828,110.00689655172413,577,18.436578171091444,0.6111111111111112,False
42000303,2021-06-27,2021,playoff,John Collins,ATL,23,8,2,2,13,22.036186875506345,0.7319819819819819,0.8125,1.666979559256677,0.9098682952266642,2.576847854483341,5.022456992812239,112.31379310344828,110.00689655172413,577,22.036186875506345,0.7319819819819819,False
42000304,2021-06-29,2021,playoff,John Collins,ATL,30,8,0,0,4,12.531131209857124,0.25,0.25,1.666979559256677,0.9098682952266642,2.576847854483341,5.022456992812239,112.31379310344828,110.00689655172413,577,12.531131209857124,0.25,False
42000305,2021-07-01,2021,playoff,John Collins,ATL,34,16,2,0,19,21.29751010407723,0.5627962085308057,0.53125,1.666979559256677,0.9098682952266642,2.576847854483341,5.022456992812239,112.31379310344828,110.00689655172413,577,21.29751010407723,0.5627962085308057,False
42000306,2021-07-03,2021,playoff,John Collins,ATL,31,9,1,3,13,16.375036867919995,0.6885593220338984,0.6666666666666666,1.666979559256677,0.9098682952266642,2.576847854483341,5.022456992812239,112.31379310344828,110.00689655172413,577,16.375036867919995,0.6885593220338984,False
42000131,2021-05-23,2021,playoff,Kevin Huerter,ATL,27,7,1,0,8,13.113919606810605,0.5376344086021505,0.5,-0.1591707703085201,-0.1391998291357366,-0.2983705994442566,2.65545051988884,112.31379310344828,110.00689655172413,557,13.113919606810605,0.5376344086021505,False
42000132,2021-05-26,2021,playoff,Kevin Huerter,ATL,26,8,2,1,10,17.16910386201725,0.563063063063063,0.5625,-0.1591707703085201,-0.1391998291357366,-0.2983705994442566,2.65545051988884,112.31379310344828,110.00689655172413,557,17.16910386201725,0.563063063063063,False
42000133,2021-05-28,2021,playoff,Kevin Huerter,ATL,19,5,2,1,10,18.272062064709516,0.8503401360544218,0.9,-0.1591707703085201,-0.1391998291357366,-0.2983705994442566,2.65545051988884,112.31379310344828,110.00689655172413,557,18.272062064709516,0.8503401360544218,False
42000134,2021-05-30,2021,playoff,Kevin Huerter,ATL,25,7,0,0,11,12.937116564417176,0.7857142857142857,0.7857142857142857,-0.1591707703085201,-0.1391998291357366,-0.2983705994442566,2.65545051988884,112.31379310344828,110.00689655172413,557,12.937116564417176,0.7857142857142857,False
42000135,2021-06-02,2021,playoff,Kevin Huerter,ATL,20,8,0,4,8,26.42543859649123,0.5,0.5,-0.1591707703085201,-0.1391998291357366,-0.2983705994442566,2.65545051988884,112.31379310344828,110.00689655172413,557,26.42543859649123,0.5,False
42000201,2021-06-06,2021,playoff,Kevin Huerter,ATL,29,9,0,1,15,15.014263550372853,0.8333333333333334,0.8333333333333334,-0.1591707703085201,-0.1391998291357366,-0.2983705994442566,2.65545051988884,112.31379310344828,110.00689655172413,557,15.014263550372853,0.8333333333333334,False
42000202,2021-06-08,2021,playoff,Kevin Huerter,ATL,36,10,1,4,20,17.989045383411582,0.9578544061302684,0.95,-0.1591707703085201,-0.1391998291357366,-0.2983705994442566,2.65545051988884,112.31379310344828,110.00689655172413,557,17.989045383411582,0.9578544061302684,False
42000203,2021-06-11,2021,playoff,Kevin Huerter,ATL,23,6,0,0,3,11.693816894317129,0.25,0.25,-0.1591707703085201,-0.1391998291357366,-0.2983705994442566,2.65545051988884,112.31379310344828,110.00689655172413,557,11.693816894317129,0.25,False
42000204,2021-06-14,2021,playoff,Kevin Huerter,ATL,35,10,0,0,10,12.004801920768308,0.5,0.5,-0.1591707703085201,-0.1391998291357366,-0.2983705994442566,2.65545051988884,112.31379310344828,110.00689655172413,557,12.004801920768308,0.5,False
42000205,2021-06-16,2021,playoff,Kevin Huerter,ATL,27,7,0,1,0,13.07511351824498,0.0,0.0,-0.1591707703085201,-0.1391998291357366,-0.2983705994442566,2.65545051988884,112.31379310344828,110.00689655172413,557,13.07511351824498,0.0,False
42000206,2021-06-18,2021,playoff,Kevin Huerter,ATL,44,15,2,0,17,15.121889283900456,0.535264483627204,0.5333333333333333,-0.1591707703085201,-0.1391998291357366,-0.2983705994442566,2.65545051988884,112.31379310344828,110.00689655172413,557,15.121889283900456,0.535264483627204,False
42000207,2021-06-20,2021,playoff,Kevin Huerter,ATL,40,18,7,1,27,25.11001141987057,0.6404174573055029,0.6111111111111112,-0.1591707703085201,-0.1391998291357366,-0.2983705994442566,2.65545051988884,112.31379310344828,110.00689655172413,557,25.11001141987057,0.6404174573055029,False
42000301,2021-06-23,2021,playoff,Kevin Huerter,ATL,36,12,2,0,13,15.128961232995202,0.5046583850931676,0.4583333333333333,-0.1591707703085201,-0.1391998291357366,-0.2983705994442566,2.65545051988884,112.31379310344828,110.00689655172413,557,15.128961232995202,0.5046583850931676,False
42000302,2021-06-25,2021,playoff,Kevin Huerter,ATL,30,10,0,3,8,19.1740412979351,0.4,0.4,-0.1591707703085201,-0.1391998291357366,-0.2983705994442566,2.65545051988884,112.31379310344828,110.00689655172413,557,19.1740412979351,0.4,False
42000303,2021-06-27,2021,playoff,Kevin Huerter,ATL,37,11,0,0,11,13.849252979687762,0.5,0.5,-0.1591707703085201,-0.1391998291357366,-0.2983705994442566,2.65545051988884,112.31379310344828,110.00689655172413,557,13.849252979687762,0.5,False
42000304,2021-06-29,2021,playoff,Kevin Huerter,ATL,36,15,0,0,15,19.579892515401756,0.5,0.5,-0.1591707703085201,-0.1391998291357366,-0.2983705994442566,2.65545051988884,112.31379310344828,110.00689655172413,557,19.579892515401756,0.5,False
42000305,2021-07-01,2021,playoff,Kevin Huerter,ATL,38,12,0,2,8,15.804463097937084,0.3333333333333333,0.3333333333333333,-0.1591707703085201,-0.1391998291357366,-0.2983705994442566,2.65545051988884,112.31379310344828,110.00689655172413,557,15.804463097937084,0.3333333333333333,False
42000306,2021-07-03,2021,playoff,Kevin Huerter,ATL,29,10,0,1,5,15.478122774034588,0.25,0.25,-0.1591707703085201,-0.1391998291357366,-0.2983705994442566,2.65545051988884,112.31379310344828,110.00689655172413,557,15.478122774034588,0.25,False
42000134,2021-05-30,2021,playoff,Onyeka Okongwu,ATL,11,2,2,1,2,16.297406581148916,0.3472222222222222,0.0,-1.586188701569281,2.026177424803038,0.4399887232337574,0.2780723774397296,112.31379310344828,110.00689655172413,149,16.297406581148916,0.3472222222222222,False
42000135,2021-06-02,2021,playoff,Onyeka Okongwu,ATL,6,1,0,0,2,7.340399610136453,1.0,1.0,-1.586188701569281,2.026177424803038,0.4399887232337574,0.2780723774397296,112.31379310344828,110.00689655172413,149,7.340399610136453,1.0,False
42000201,2021-06-06,2021,playoff,Onyeka Okongwu,ATL,12,1,0,1,2,7.25689404934688,1.0,1.0,-1.586188701569281,2.026177424803038,0.4399887232337574,0.2780723774397296,112.31379310344828,110.00689655172413,149,7.25689404934688,1.0,False
42000202,2021-06-08,2021,playoff,Onyeka Okongwu,ATL,6,1,0,0,0,7.474672596985421,0.0,0.0,-1.586188701569281,2.026177424803038,0.4399887232337574,0.2780723774397296,112.31379310344828,110.00689655172413,149,7.474672596985421,0.0,False
42000203,2021-06-11,2021,playoff,Onyeka Okongwu,ATL,9,4,0,0,2,19.922799153281034,0.25,0.25,-1.586188701569281,2.026177424803038,0.4399887232337574,0.2780723774397296,112.31379310344828,110.00689655172413,149,19.922799153281034,0.25,False
42000204,2021-06-14,2021,playoff,Onyeka Okongwu,ATL,6,3,2,0,4,27.17086834733894,0.5154639175257733,0.3333333333333333,-1.586188701569281,2.026177424803038,0.4399887232337574,0.2780723774397296,112.31379310344828,110.00689655172413,149,27.17086834733894,0.5154639175257733,False
42000205,2021-06-16,2021,playoff,Onyeka Okongwu,ATL,8,2,2,0,6,15.886262924667651,1.0416666666666667,1.0,-1.586188701569281,2.026177424803038,0.4399887232337574,0.2780723774397296,112.31379310344828,110.00689655172413,149,15.886262924667651,1.0416666666666667,False
42000206,2021-06-18,2021,playoff,Onyeka Okongwu,ATL,10,3,2,0,4,16.256983240223466,0.5154639175257733,0.6666666666666666,-1.586188701569281,2.026177424803038,0.4399887232337574,0.2780723774397296,112.31379310344828,110.00689655172413,149,16.256983240223466,0.5154639175257733,False
42000207,2021-06-20,2021,playoff,Onyeka Okongwu,ATL,16,1,2,0,1,5.344975256947087,0.2659574468085106,0.0,-1.586188701569281,2.026177424803038,0.4399887232337574,0.2780723774397296,112.31379310344828,110.00689655172413,149,5.344975256947087,0.2659574468085106,False
42000302,2021-06-25,2021,playoff,Onyeka Okongwu,ATL,13,4,0,1,4,17.018379850238258,0.5,0.5,-1.586188701569281,2.026177424803038,0.4399887232337574,0.2780723774397296,112.31379310344828,110.00689655172413,149,17.018379850238258,0.5,False
42000303,2021-06-27,2021,playoff,Onyeka Okongwu,ATL,9,2,0,0,4,10.351966873706004,1.0,1.0,-1.586188701569281,2.026177424803038,0.4399887232337574,0.2780723774397296,112.31379310344828,110.00689655172413,149,10.351966873706004,1.0,False
42000304,2021-06-29,2021,playoff,Onyeka Okongwu,ATL,15,3,1,0,7,10.776772840477127,1.0174418604651163,1.0,-1.586188701569281,2.026177424803038,0.4399887232337574,0.2780723774397296,112.31379310344828,110.00689655172413,149,10.776772840477127,1.0174418604651163,False
42000305,2021-07-01,2021,playoff,Onyeka Okongwu,ATL,16,3,4,0,6,12.762103951584194,0.6302521008403361,0.6666666666666666,-1.586188701569281,2.026177424803038,0.4399887232337574,0.2780723774397296,112.31379310344828,110.00689655172413,149,12.762103951584194,0.6302521008403361,False
42000306,2021-07-03,2021,playoff,Onyeka Okongwu,ATL,12,1,4,0,3,9.385370809346426,0.5434782608695653,0.0,-1.586188701569281,2.026177424803038,0.4399887232337574,0.2780723774397296,112.31379310344828,110.00689655172413,149,9.385370809346426,0.5434782608695653,False
42000131,2021-05-23,2021,playoff,Tony Snell,ATL,13,3,0,0,3,10.982500911410863,0.5,0.5,-0.4354355800752868,-1.437890372591235,-1.873325952666522,0.4383228602161616,112.31379310344828,110.00689655172413,55,10.982500911410863,0.5,False
42000132,2021-05-26,2021,playoff,Tony Snell,ATL,13,2,0,1,0,10.426581292723023,0.0,0.0,-0.4354355800752868,-1.437890372591235,-1.873325952666522,0.4383228602161616,112.31379310344828,110.00689655172413,55,10.426581292723023,0.0,False
42000204,2021-06-14,2021,playoff,Tony Snell,ATL,8,3,0,0,0,15.756302521008402,0.0,0.0,-0.4354355800752868,-1.437890372591235,-1.873325952666522,0.4383228602161616,112.31379310344828,110.00689655172413,55,15.756302521008402,0.0,False
42000302,2021-06-25,2021,playoff,Tony Snell,ATL,9,3,0,2,2,24.582104228121928,0.3333333333333333,0.3333333333333333,-0.4354355800752868,-1.437890372591235,-1.873325952666522,0.4383228602161616,112.31379310344828,110.00689655172413,55,24.582104228121928,0.3333333333333333,False
42000131,2021-05-23,2021,playoff,Trae Young,ATL,35,23,9,2,32,39.37801850598059,0.5934718100890207,0.5,5.981242663315827,-3.770600713245947,2.21064195006988,5.481497112920191,112.31379310344828,110.00689655172413,601,39.37801850598059,0.5934718100890207,False
42000132,2021-05-26,2021,playoff,Trae Young,ATL,35,20,4,5,30,34.544753334404625,0.6893382352941176,0.65,5.981242663315827,-3.770600713245947,2.21064195006988,5.481497112920191,112.31379310344828,110.00689655172413,601,34.544753334404625,0.6893382352941176,False
42000133,2021-05-28,2021,playoff,Trae Young,ATL,37,19,4,2,21,31.040110462221023,0.5057803468208092,0.4736842105263157,5.981242663315827,-3.770600713245947,2.21064195006988,5.481497112920191,112.31379310344828,110.00689655172413,601,31.040110462221023,0.5057803468208092,False
42000134,2021-05-30,2021,playoff,Trae Young,ATL,33,21,5,2,27,35.28304517568321,0.5818965517241379,0.5238095238095238,5.981242663315827,-3.770600713245947,2.21064195006988,5.481497112920191,112.31379310344828,110.00689655172413,601,35.28304517568321,0.5818965517241379,False
42000135,2021-06-02,2021,playoff,Trae Young,ATL,41,28,15,4,36,41.46430609042933,0.5202312138728323,0.4107142857142857,5.981242663315827,-3.770600713245947,2.21064195006988,5.481497112920191,112.31379310344828,110.00689655172413,601,41.46430609042933,0.5202312138728323,False
42000201,2021-06-06,2021,playoff,Trae Young,ATL,39,23,9,4,35,34.565144579658366,0.6491097922848664,0.5652173913043478,5.981242663315827,-3.770600713245947,2.21064195006988,5.481497112920191,112.31379310344828,110.00689655172413,601,34.565144579658366,0.6491097922848664,False
42000202,2021-06-08,2021,playoff,Trae Young,ATL,38,16,9,4,21,28.27786664585853,0.5260521042084169,0.40625,5.981242663315827,-3.770600713245947,2.21064195006988,5.481497112920191,112.31379310344828,110.00689655172413,601,28.27786664585853,0.5260521042084169,False
42000203,2021-06-11,2021,playoff,Trae Young,ATL,37,17,8,3,28,28.49498732950358,0.682261208576998,0.6176470588235294,5.981242663315827,-3.770600713245947,2.21064195006988,5.481497112920191,112.31379310344828,110.00689655172413,601,28.49498732950358,0.682261208576998,False
42000204,2021-06-14,2021,playoff,Trae Young,ATL,40,26,8,2,25,33.109243697478995,0.4234417344173442,0.3653846153846153,5.981242663315827,-3.770600713245947,2.21064195006988,5.481497112920191,112.31379310344828,110.00689655172413,601,33.109243697478995,0.4234417344173442,False
42000205,2021-06-16,2021,playoff,Trae Young,ATL,40,23,19,2,39,36.803175775480064,0.621811224489796,0.4782608695652174,5.981242663315827,-3.770600713245947,2.21064195006988,5.481497112920191,112.31379310344828,110.00689655172413,601,36.803175775480064,0.621811224489796,False
42000206,2021-06-18,2021,playoff,Trae Young,ATL,40,30,5,4,34,37.91899441340782,0.5279503105590062,0.5166666666666667,5.981242663315827,-3.770600713245947,2.21064195006988,5.481497112920191,112.31379310344828,110.00689655172413,601,37.91899441340782,0.5279503105590062,False
42000207,2021-06-20,2021,playoff,Trae Young,ATL,43,23,11,6,21,35.79890404652934,0.3771551724137931,0.2608695652173913,5.981242663315827,-3.770600713245947,2.21064195006988,5.481497112920191,112.31379310344828,110.00689655172413,601,35.79890404652934,0.3771551724137931,False
42000301,2021-06-23,2021,playoff,Trae Young,ATL,41,34,12,6,48,46.70015362574008,0.6109979633401221,0.5588235294117647,5.981242663315827,-3.770600713245947,2.21064195006988,5.481497112920191,112.31379310344828,110.00689655172413,601,46.70015362574008,0.6109979633401221,False
42000302,2021-06-25,2021,playoff,Trae Young,ATL,28,16,3,9,15,41.59292035398231,0.4330254041570439,0.40625,5.981242663315827,-3.770600713245947,2.21064195006988,5.481497112920191,112.31379310344828,110.00689655172413,601,41.59292035398231,0.4330254041570439,False
42000303,2021-06-27,2021,playoff,Trae Young,ATL,39,23,6,4,35,35.40372670807453,0.6825273010920436,0.6521739130434783,5.981242663315827,-3.770600713245947,2.21064195006988,5.481497112920191,112.31379310344828,110.00689655172413,601,35.40372670807453,0.6825273010920436,False
42000306,2021-07-03,2021,playoff,Trae Young,ATL,35,17,7,5,14,29.240385080547625,0.348605577689243,0.2352941176470588,5.981242663315827,-3.770600713245947,2.21064195006988,5.481497112920191,112.31379310344828,110.00689655172413,601,29.240385080547625,0.348605577689243,False
42000112,2021-05-25,2021,playoff,Blake Griffin,BKN,20,6,4,0,11,16.537249283667617,0.7087628865979382,0.6666666666666666,1.226033327251095,2.372579345358933,3.598612672610029,1.818835268660257,115.24583333333334,112.775,297,16.537249283667617,0.7087628865979382,True
42000113,2021-05-28,2021,playoff,Blake Griffin,BKN,25,5,2,0,4,10.586646661665416,0.3401360544217687,0.2,1.226033327251095,2.372579345358933,3.598612672610029,1.818835268660257,115.24583333333334,112.775,297,10.586646661665416,0.3401360544217687,True
42000114,2021-05-30,2021,playoff,Blake Griffin,BKN,18,3,0,0,2,7.604562737642586,0.3333333333333333,0.3333333333333333,1.226033327251095,2.372579345358933,3.598612672610029,1.818835268660257,115.24583333333334,112.775,297,7.604562737642586,0.3333333333333333,True
42000115,2021-06-01,2021,playoff,Blake Griffin,BKN,18,4,0,0,6,10.312837108953614,0.75,0.75,1.226033327251095,2.372579345358933,3.598612672610029,1.818835268660257,115.24583333333334,112.775,297,10.312837108953614,0.75,True
42000211,2021-06-05,2021,playoff,Blake Griffin,BKN,35,13,0,3,18,19.705867068544407,0.6923076923076923,0.6923076923076923,1.226033327251095,2.372579345358933,3.598612672610029,1.818835268660257,115.24583333333334,112.775,297,19.705867068544407,0.6923076923076923,True
42000212,2021-06-07,2021,playoff,Blake Griffin,BKN,26,4,0,0,7,7.056894380838044,0.875,0.875,1.226033327251095,2.372579345358933,3.598612672610029,1.818835268660257,115.24583333333334,112.775,297,7.056894380838044,0.875,True
42000213,2021-06-10,2021,playoff,Blake Griffin,BKN,30,5,0,0,5,7.6540375047837745,0.5,0.5,1.226033327251095,2.372579345358933,3.598612672610029,1.818835268660257,115.24583333333334,112.775,297,7.6540375047837745,0.5,True
42000214,2021-06-13,2021,playoff,Blake Griffin,BKN,25,8,2,0,8,15.732542624166047,0.4504504504504504,0.4375,1.226033327251095,2.372579345358933,3.598612672610029,1.818835268660257,115.24583333333334,112.775,297,15.732542624166047,0.4504504504504504,True
42000215,2021-06-15,2021,playoff,Blake Griffin,BKN,29,11,0,0,17,18.848204763597582,0.7727272727272727,0.7727272727272727,1.226033327251095,2.372579345358933,3.598612672610029,1.818835268660257,115.24583333333334,112.775,297,18.848204763597582,0.7727272727272727,True
42000216,2021-06-17,2021,playoff,Blake Griffin,BKN,31,8,4,0,12,14.771416778196098,0.6147540983606558,0.5625,1.226033327251095,2.372579345358933,3.598612672610029,1.818835268660257,115.24583333333334,112.775,297,14.771416778196098,0.6147540983606558,True
42000217,2021-06-19,2021,playoff,Blake Griffin,BKN,40,12,0,2,17,17.175925925925924,0.7083333333333334,0.7083333333333334,1.226033327251095,2.372579345358933,3.598612672610029,1.818835268660257,115.24583333333334,112.775,297,17.175925925925924,0.7083333333333334,True
42000111,2021-05-22,2021,playoff,Bruce Brown,BKN,18,4,0,0,2,9.857296048832795,0.25,0.25,-0.7420556428802733,0.8422634899303947,0.1002078470501214,0.4106694599090679,115.24583333333334,112.775,279,9.857296048832795,0.25,True
42000112,2021-05-25,2021,playoff,Bruce Brown,BKN,22,2,4,2,6,11.1591560302162,0.797872340425532,0.5,-0.7420556428802733,0.8422634899303947,0.1002078470501214,0.4106694599090679,115.24583333333334,112.775,279,11.1591560302162,0.797872340425532,True
42000113,2021-05-28,2021,playoff,Bruce Brown,BKN,15,2,2,0,2,8.642160540135036,0.3472222222222222,0.0,-0.7420556428802733,0.8422634899303947,0.1002078470501214,0.4106694599090679,115.24583333333334,112.775,279,8.642160540135036,0.3472222222222222,True
42000114,2021-05-30,2021,playoff,Bruce Brown,BKN,24,10,2,0,14,20.684410646387832,0.6433823529411764,0.6,-0.7420556428802733,0.8422634899303947,0.1002078470501214,0.4106694599090679,115.24583333333334,112.775,279,20.684410646387832,0.6433823529411764,True
42000115,2021-06-01,2021,playoff,Bruce Brown,BKN,24,8,2,2,10,21.038187702265372,0.563063063063063,0.5,-0.7420556428802733,0.8422634899303947,0.1002078470501214,0.4106694599090679,115.24583333333334,112.775,279,21.038187702265372,0.563063063063063,True
42000211,2021-06-05,2021,playoff,Bruce Brown,BKN,21,5,2,0,6,12.069843579483448,0.5102040816326531,0.4,-0.7420556428802733,0.8422634899303947,0.1002078470501214,0.4106694599090679,115.24583333333334,112.775,279,12.069843579483448,0.5102040816326531,True
42000212,2021-06-07,2021,playoff,Bruce Brown,BKN,26,10,0,0,13,17.64223595209511,0.65,0.65,-0.7420556428802733,0.8422634899303947,0.1002078470501214,0.4106694599090679,115.24583333333334,112.775,279,17.64223595209511,0.65,True
42000213,2021-06-10,2021,playoff,Bruce Brown,BKN,38,17,0,1,16,21.753580276753883,0.4705882352941176,0.4705882352941176,-0.7420556428802733,0.8422634899303947,0.1002078470501214,0.4106694599090679,115.24583333333334,112.775,279,21.753580276753883,0.4705882352941176,True
42000214,2021-06-13,2021,playoff,Bruce Brown,BKN,21,5,2,1,7,14.510925200324753,0.5952380952380952,0.6,-0.7420556428802733,0.8422634899303947,0.1002078470501214,0.4106694599090679,115.24583333333334,112.775,279,14.510925200324753,0.5952380952380952,True
42000215,2021-06-15,2021,playoff,Bruce Brown,BKN,13,5,0,1,2,22.93417922283902,0.2,0.2,-0.7420556428802733,0.8422634899303947,0.1002078470501214,0.4106694599090679,115.24583333333334,112.775,279,22.93417922283902,0.2,True
42000216,2021-06-17,2021,playoff,Bruce Brown,BKN,5,2,0,1,3,28.15044590926716,0.75,0.75,-0.7420556428802733,0.8422634899303947,0.1002078470501214,0.4106694599090679,115.24583333333334,112.775,279,28.15044590926716,0.75,True
42000217,2021-06-19,2021,playoff,Bruce Brown,BKN,52,9,2,3,14,12.155270655270654,0.7085020242914979,0.7777777777777778,-0.7420556428802733,0.8422634899303947,0.1002078470501214,0.4106694599090679,115.24583333333334,112.775,279,12.155270655270654,0.7085020242914979,True
42000111,2021-05-22,2021,playoff,James Harden,BKN,36,13,10,3,21,25.13610492452363,0.6034482758620691,0.4615384615384615,5.35828836362987,-4.181766148797664,1.176522214832207,0.5864197652222651,115.24583333333334,112.775,320,25.13610492452363,0.6034482758620691,True
42000112,2021-05-25,2021,playoff,James Harden,BKN,27,12,4,2,20,24.878488803990237,0.7267441860465116,0.6666666666666666,5.35828836362987,-4.181766148797664,1.176522214832207,0.5864197652222651,115.24583333333334,112.775,320,24.878488803990237,0.7267441860465116,True
42000113,2021-05-28,2021,playoff,James Harden,BKN,39,18,13,2,41,29.684344162963814,0.8642495784148398,0.8055555555555556,5.35828836362987,-4.181766148797664,1.176522214832207,0.5864197652222651,115.24583333333334,112.775,320,29.684344162963814,0.8642495784148398,True
42000114,2021-05-30,2021,playoff,James Harden,BKN,40,12,6,6,23,23.543726235741445,0.78551912568306,0.75,5.35828836362987,-4.181766148797664,1.176522214832207,0.5864197652222651,115.24583333333334,112.775,320,23.543726235741445,0.78551912568306,True
42000115,2021-06-01,2021,playoff,James Harden,BKN,39,17,11,1,34,27.17829225790391,0.7783882783882784,0.7058823529411765,5.35828836362987,-4.181766148797664,1.176522214832207,0.5864197652222651,115.24583333333334,112.775,320,27.17829225790391,0.7783882783882784,True
42000215,2021-06-15,2021,playoff,James Harden,BKN,46,10,3,4,5,16.549170775437023,0.2208480565371024,0.1,5.35828836362987,-4.181766148797664,1.176522214832207,0.5864197652222651,115.24583333333334,112.775,320,16.549170775437023,0.2208480565371024,True
42000216,2021-06-17,2021,playoff,James Harden,BKN,40,9,5,4,16,17.828615742535867,0.7142857142857143,0.7222222222222222,5.35828836362987,-4.181766148797664,1.176522214832207,0.5864197652222651,115.24583333333334,112.775,320,17.828615742535867,0.7142857142857143,True
42000217,2021-06-19,2021,playoff,James Harden,BKN,53,17,10,4,22,23.518518518518515,0.5140186915887851,0.3529411764705882,5.35828836362987,-4.181766148797664,1.176522214832207,0.5864197652222651,115.24583333333334,112.775,320,23.518518518518515,0.5140186915887851,True
42000111,2021-05-22,2021,playoff,Joe Harris,BKN,37,11,0,1,10,14.386323963161376,0.4545454545454545,0.4545454545454545,1.781251075769946,0.4705816850158818,2.251832760785828,5.487447009599648,115.24583333333334,112.775,432,14.386323963161376,0.4545454545454545,True
42000112,2021-05-25,2021,playoff,Joe Harris,BKN,29,14,0,1,25,22.04574646774034,0.8928571428571429,0.8928571428571429,1.781251075769946,0.4705816850158818,2.251832760785828,5.487447009599648,115.24583333333334,112.775,432,22.04574646774034,0.8928571428571429,True
42000113,2021-05-28,2021,playoff,Joe Harris,BKN,35,9,0,1,8,12.860357946629511,0.4444444444444444,0.4444444444444444,1.781251075769946,0.4705816850158818,2.251832760785828,5.487447009599648,115.24583333333334,112.775,432,12.860357946629511,0.4444444444444444,True
42000114,2021-05-30,2021,playoff,Joe Harris,BKN,37,9,0,0,14,11.098551022505394,0.7777777777777778,0.7777777777777778,1.781251075769946,0.4705816850158818,2.251832760785828,5.487447009599648,115.24583333333334,112.775,432,11.098551022505394,0.7777777777777778,True
42000115,2021-06-01,2021,playoff,Joe Harris,BKN,35,8,2,1,10,13.100249653259365,0.563063063063063,0.5,1.781251075769946,0.4705816850158818,2.251832760785828,5.487447009599648,115.24583333333334,112.775,432,13.100249653259365,0.563063063063063,True
42000211,2021-06-05,2021,playoff,Joe Harris,BKN,34,11,0,1,19,15.214088545567371,0.8636363636363636,0.8636363636363636,1.781251075769946,0.4705816850158818,2.251832760785828,5.487447009599648,115.24583333333334,112.775,432,15.214088545567371,0.8636363636363636,True
42000212,2021-06-07,2021,playoff,Joe Harris,BKN,30,12,0,1,13,19.87691917269382,0.5416666666666666,0.5416666666666666,1.781251075769946,0.4705816850158818,2.251832760785828,5.487447009599648,115.24583333333334,112.775,432,19.87691917269382,0.5416666666666666,True
42000213,2021-06-10,2021,playoff,Joe Harris,BKN,37,11,0,0,3,13.653147981506192,0.1363636363636363,0.1363636363636363,1.781251075769946,0.4705816850158818,2.251832760785828,5.487447009599648,115.24583333333334,112.775,432,13.653147981506192,0.1363636363636363,True
42000214,2021-06-13,2021,playoff,Joe Harris,BKN,38,8,0,2,8,11.655807420701494,0.5,0.5,1.781251075769946,0.4705816850158818,2.251832760785828,5.487447009599648,115.24583333333334,112.775,432,11.655807420701494,0.5,True
42000215,2021-06-15,2021,playoff,Joe Harris,BKN,37,11,0,0,5,14.772917247144052,0.2272727272727272,0.2272727272727272,1.781251075769946,0.4705816850158818,2.251832760785828,5.487447009599648,115.24583333333334,112.775,432,14.772917247144052,0.2272727272727272,True
42000216,2021-06-17,2021,playoff,Joe Harris,BKN,36,9,0,0,9,11.72935246219465,0.5,0.5,1.781251075769946,0.4705816850158818,2.251832760785828,5.487447009599648,115.24583333333334,112.775,432,11.72935246219465,0.5,True
42000217,2021-06-19,2021,playoff,Joe Harris,BKN,47,10,2,1,10,12.404255319148936,0.4595588235294117,0.45,1.781251075769946,0.4705816850158818,2.251832760785828,5.487447009599648,115.24583333333334,112.775,432,12.404255319148936,0.4595588235294117,True
42000111,2021-05-22,2021,playoff,Kyrie Irving,BKN,37,20,5,2,29,29.01241999237545,0.6531531531531531,0.6,5.7227917014374,-2.747186057114513,2.975605644322887,5.540554540342272,115.24583333333334,112.775,326,29.01241999237545,0.6531531531531531,True
42000112,2021-05-25,2021,playoff,Kyrie Irving,BKN,28,12,2,3,15,24.172636103151863,0.5822981366459627,0.5416666666666666,5.7227917014374,-2.747186057114513,2.975605644322887,5.540554540342272,115.24583333333334,112.775,326,24.172636103151863,0.5822981366459627,True
42000113,2021-05-28,2021,playoff,Kyrie Irving,BKN,41,17,2,1,16,20.727133002762887,0.447427293064877,0.4117647058823529,5.7227917014374,-2.747186057114513,2.975605644322887,5.540554540342272,115.24583333333334,112.775,326,20.727133002762887,0.447427293064877,True
42000114,2021-05-30,2021,playoff,Kyrie Irving,BKN,41,24,11,1,39,33.20782713530557,0.6761442441054092,0.5833333333333334,5.7227917014374,-2.747186057114513,2.975605644322887,5.540554540342272,115.24583333333334,112.775,326,33.20782713530557,0.6761442441054092,True
42000115,2021-06-01,2021,playoff,Kyrie Irving,BKN,38,14,6,0,25,20.321716913643332,0.751201923076923,0.75,5.7227917014374,-2.747186057114513,2.975605644322887,5.540554540342272,115.24583333333334,112.775,326,20.321716913643332,0.751201923076923,True
42000211,2021-06-05,2021,playoff,Kyrie Irving,BKN,45,26,0,1,25,25.86395052746453,0.4807692307692308,0.4807692307692308,5.7227917014374,-2.747186057114513,2.975605644322887,5.540554540342272,115.24583333333334,112.775,326,25.86395052746453,0.4807692307692308,True
42000212,2021-06-07,2021,playoff,Kyrie Irving,BKN,34,17,0,1,22,24.28401889876621,0.6470588235294118,0.6470588235294118,5.7227917014374,-2.747186057114513,2.975605644322887,5.540554540342272,115.24583333333334,112.775,326,24.28401889876621,0.6470588235294118,True
42000213,2021-06-10,2021,playoff,Kyrie Irving,BKN,45,22,2,0,22,23.349917081260365,0.4807692307692308,0.4545454545454545,5.7227917014374,-2.747186057114513,2.975605644322887,5.540554540342272,115.24583333333334,112.775,326,23.349917081260365,0.4807692307692308,True
42000214,2021-06-13,2021,playoff,Kyrie Irving,BKN,17,11,0,2,11,33.870405093097276,0.5,0.5,5.7227917014374,-2.747186057114513,2.975605644322887,5.540554540342272,115.24583333333334,112.775,326,33.870405093097276,0.5,True
42000111,2021-05-22,2021,playoff,Landry Shamet,BKN,14,1,0,1,0,6.336833174249655,0.0,0.0,-1.102704350731719,-0.2878662787942016,-1.390570629525921,0.1462912919605117,115.24583333333334,112.775,199,6.336833174249655,0.0,True
42000112,2021-05-25,2021,playoff,Landry Shamet,BKN,25,7,0,0,10,11.934097421203438,0.7142857142857143,0.7142857142857143,-1.102704350731719,-0.2878662787942016,-1.390570629525921,0.1462912919605117,115.24583333333334,112.775,199,11.934097421203438,0.7142857142857143,True
42000114,2021-05-30,2021,playoff,Landry Shamet,BKN,13,4,0,1,5,17.54899093302135,0.625,0.625,-1.102704350731719,-0.2878662787942016,-1.390570629525921,0.1462912919605117,115.24583333333334,112.775,199,17.54899093302135,0.625,True
42000115,2021-06-01,2021,playoff,Landry Shamet,BKN,22,6,0,1,5,14.766107678729036,0.4166666666666667,0.4166666666666667,-1.102704350731719,-0.2878662787942016,-1.390570629525921,0.1462912919605117,115.24583333333334,112.775,199,14.766107678729036,0.4166666666666667,True
42000211,2021-06-05,2021,playoff,Landry Shamet,BKN,12,3,0,0,2,10.776646053110222,0.3333333333333333,0.3333333333333333,-1.102704350731719,-0.2878662787942016,-1.390570629525921,0.1462912919605117,115.24583333333334,112.775,199,10.776646053110222,0.3333333333333333,True
42000212,2021-06-07,2021,playoff,Landry Shamet,BKN,16,5,0,0,9,14.334316711077276,0.9,0.9,-1.102704350731719,-0.2878662787942016,-1.390570629525921,0.1462912919605117,115.24583333333334,112.775,199,14.334316711077276,0.9,True
42000213,2021-06-10,2021,playoff,Landry Shamet,BKN,17,4,0,0,3,10.805700006753565,0.375,0.375,-1.102704350731719,-0.2878662787942016,-1.390570629525921,0.1462912919605117,115.24583333333334,112.775,199,10.805700006753565,0.375,True
42000214,2021-06-13,2021,playoff,Landry Shamet,BKN,11,3,0,1,5,16.106206617696607,0.8333333333333334,0.8333333333333334,-1.102704350731719,-0.2878662787942016,-1.390570629525921,0.1462912919605117,115.24583333333334,112.775,199,16.106206617696607,0.8333333333333334,True
42000215,2021-06-15,2021,playoff,Landry Shamet,BKN,28,5,2,1,9,12.209720176730489,0.7653061224489796,0.7,-1.102704350731719,-0.2878662787942016,-1.390570629525921,0.1462912919605117,115.24583333333334,112.775,199,12.209720176730489,0.7653061224489796,True
42000216,2021-06-17,2021,playoff,Landry Shamet,BKN,22,2,3,1,2,9.212873206669252,0.3012048192771084,0.0,-1.102704350731719,-0.2878662787942016,-1.390570629525921,0.1462912919605117,115.24583333333334,112.775,199,9.212873206669252,0.3012048192771084,True
42000111,2021-05-22,2021,playoff,Aaron Nesmith,BOS,17,5,2,0,5,15.645832420831326,0.4251700680272109,0.3,-1.546655755650425,-1.57293348340605,-3.119589239056475,-0.126417049928652,112.4835294117647,110.40941176470588,67,15.645832420831326,0.4251700680272109,False
42000112,2021-05-25,2021,playoff,Aaron Nesmith,BOS,19,5,0,1,0,12.888265746333042,0.0,0.0,-1.546655755650425,-1.57293348340605,-3.119589239056475,-0.126417049928652,112.4835294117647,110.40941176470588,67,12.888265746333042,0.0,False
42000114,2021-05-30,2021,playoff,Aaron Nesmith,BOS,19,6,0,1,11,15.787602006438576,0.9166666666666666,0.9166666666666666,-1.546655755650425,-1.57293348340605,-3.119589239056475,-0.126417049928652,112.4835294117647,110.40941176470588,67,15.787602006438576,0.9166666666666666,False
42000115,2021-06-01,2021,playoff,Aaron Nesmith,BOS,12,2,0,0,0,7.072135785007072,0.0,0.0,-1.546655755650425,-1.57293348340605,-3.119589239056475,-0.126417049928652,112.4835294117647,110.40941176470588,67,7.072135785007072,0.0,False
42000111,2021-05-22,2021,playoff,Kemba Walker,BOS,27,16,2,3,15,33.3060312732688,0.4443127962085308,0.40625,3.494399471774156,0.436458697328751,3.930858169102907,4.664962128264139,112.4835294117647,110.40941176470588,91,33.3060312732688,0.4443127962085308,False
42000112,2021-05-25,2021,playoff,Kemba Walker,BOS,30,11,8,0,17,19.753415300546447,0.5853994490358126,0.4545454545454545,3.494399471774156,0.436458697328751,3.930858169102907,4.664962128264139,112.4835294117647,110.40941176470588,91,19.753415300546447,0.5853994490358126,False
42000113,2021-05-28,2021,playoff,Kemba Walker,BOS,34,14,0,5,6,23.923947031541836,0.2142857142857142,0.2142857142857142,3.494399471774156,0.436458697328751,3.930858169102907,4.664962128264139,112.4835294117647,110.40941176470588,91,23.923947031541836,0.2142857142857142,False
42000111,2021-05-22,2021,playoff,Payton Pritchard,BOS,7,1,0,0,0,6.4620785022869915,0.0,0.0,-0.5336964799189032,-6.75607040587114,-7.289766885790042,-0.1584932828988137,112.4835294117647,110.40941176470588,62,6.4620785022869915,0.0,False
42000112,2021-05-25,2021,playoff,Payton Pritchard,BOS,13,5,2,1,2,21.599411517444302,0.1700680272108843,0.0,-0.5336964799189032,-6.75607040587114,-7.289766885790042,-0.1584932828988137,112.4835294117647,110.40941176470588,62,21.599411517444302,0.1700680272108843,False
42000114,2021-05-30,2021,playoff,Payton Pritchard,BOS,24,9,0,1,12,17.85502607871029,0.6666666666666666,0.6666666666666666,-0.5336964799189032,-6.75607040587114,-7.289766885790042,-0.1584932828988137,112.4835294117647,110.40941176470588,62,17.85502607871029,0.6666666666666666,False
42000115,2021-06-01,2021,playoff,Payton Pritchard,BOS,18,2,0,1,3,7.072135785007072,0.75,0.75,-0.5336964799189032,-6.75607040587114,-7.289766885790042,-0.1584932828988137,112.4835294117647,110.40941176470588,62,7.072135785007072,0.75,False
42000112,2021-05-25,2021,playoff,Romeo Langford,BOS,18,7,0,0,4,15.87166059502125,0.2857142857142857,0.2857142857142857,2.449808771572824,3.395675933087545,5.845484704660369,0.488120261991398,112.4835294117647,110.40941176470588,109,15.87166059502125,0.2857142857142857,False
42000113,2021-05-28,2021,playoff,Romeo Langford,BOS,27,7,0,0,6,11.099219090656836,0.4285714285714285,0.4285714285714285,2.449808771572824,3.395675933087545,5.845484704660369,0.488120261991398,112.4835294117647,110.40941176470588,109,11.099219090656836,0.4285714285714285,False
42000114,2021-05-30,2021,playoff,Romeo Langford,BOS,26,6,4,1,9,14.437848779954043,0.5798969072164949,0.4166666666666667,2.449808771572824,3.395675933087545,5.845484704660369,0.488120261991398,112.4835294117647,110.40941176470588,109,14.437848779954043,0.5798969072164949,False
42000115,2021-06-01,2021,playoff,Romeo Langford,BOS,38,12,0,0,17,13.399836224223924,0.7083333333333334,0.7083333333333334,2.449808771572824,3.395675933087545,5.845484704660369,0.488120261991398,112.4835294117647,110.40941176470588,109,13.399836224223924,0.7083333333333334,False
42000174,2021-05-30,2021,playoff,Boban Marjanovic,DAL,15,9,2,1,12,32.635920509936255,0.6072874493927125,0.5555555555555556,1.478827065190417,-2.807238720826889,-1.328411655636473,0.0622911360302487,115.24339622641509,113.64150943396228,83,32.635920509936255,0.6072874493927125,True
42000175,2021-06-02,2021,playoff,Boban Marjanovic,DAL,20,6,4,1,9,19.95444191343964,0.5798969072164949,0.5,1.478827065190417,-2.807238720826889,-1.328411655636473,0.0622911360302487,115.24339622641509,113.64150943396228,83,19.95444191343964,0.5798969072164949,True
42000176,2021-06-04,2021,playoff,Boban Marjanovic,DAL,17,13,2,1,12,39.57622235028148,0.4322766570605187,0.3846153846153846,1.478827065190417,-2.807238720826889,-1.328411655636473,0.0622911360302487,115.24339622641509,113.64150943396228,83,39.57622235028148,0.4322766570605187,True
42000177,2021-06-06,2021,playoff,Boban Marjanovic,DAL,31,11,1,1,14,17.053411645941356,0.6118881118881119,0.6363636363636364,1.478827065190417,-2.807238720826889,-1.328411655636473,0.0622911360302487,115.24339622641509,113.64150943396228,83,17.053411645941356,0.6118881118881119,True
42000171,2021-05-22,2021,playoff,Dorian Finney-Smith,DAL,37,9,0,2,18,14.350633819660368,1.0,1.0,0.3377241511676382,0.8224637365333227,1.160187887700961,3.811297253664943,115.24339622641509,113.64150943396228,271,14.350633819660368,1.0,True
42000172,2021-05-25,2021,playoff,Dorian Finney-Smith,DAL,37,6,0,0,3,7.51620682095769,0.25,0.25,0.3377241511676382,0.8224637365333227,1.160187887700961,3.811297253664943,115.24339622641509,113.64150943396228,271,7.51620682095769,0.25,True
42000173,2021-05-28,2021,playoff,Dorian Finney-Smith,DAL,38,10,0,0,6,12.445261505411882,0.3,0.3,0.3377241511676382,0.8224637365333227,1.160187887700961,3.811297253664943,115.24339622641509,113.64150943396228,271,12.445261505411882,0.3,True
42000174,2021-05-30,2021,playoff,Dorian Finney-Smith,DAL,38,9,0,3,8,14.20875022201172,0.4444444444444444,0.4444444444444444,0.3377241511676382,0.8224637365333227,1.160187887700961,3.811297253664943,115.24339622641509,113.64150943396228,271,14.20875022201172,0.4444444444444444,True
42000175,2021-06-02,2021,playoff,Dorian Finney-Smith,DAL,40,9,2,0,8,11.252847380410024,0.4048582995951417,0.3333333333333333,0.3377241511676382,0.8224637365333227,1.160187887700961,3.811297253664943,115.24339622641509,113.64150943396228,271,11.252847380410024,0.4048582995951417,True
42000176,2021-06-04,2021,playoff,Dorian Finney-Smith,DAL,42,8,2,3,11,12.78932070190548,0.6193693693693693,0.5625,0.3377241511676382,0.8224637365333227,1.160187887700961,3.811297253664943,115.24339622641509,113.64150943396228,271,12.78932070190548,0.6193693693693693,True
42000177,2021-06-06,2021,playoff,Dorian Finney-Smith,DAL,39,13,1,4,18,19.00353795090637,0.6696428571428572,0.6923076923076923,0.3377241511676382,0.8224637365333227,1.160187887700961,3.811297253664943,115.24339622641509,113.64150943396228,271,19.00353795090637,0.6696428571428572,True
42000171,2021-05-22,2021,playoff,Jalen Brunson,DAL,21,7,8,1,15,26.479714975290204,0.7129277566539924,0.5714285714285714,1.734280190229285,0.0225507823078735,1.756830972537159,3.866594788896958,115.24339622641509,113.64150943396228,114,26.479714975290204,0.7129277566539924,True
42000172,2021-05-25,2021,playoff,Jalen Brunson,DAL,17,7,1,1,9,23.011383000477135,0.6048387096774194,0.5714285714285714,1.734280190229285,0.0225507823078735,1.756830972537159,3.866594788896958,115.24339622641509,113.64150943396228,114,23.011383000477135,0.6048387096774194,True
42000173,2021-05-28,2021,playoff,Jalen Brunson,DAL,22,8,0,0,14,17.197088625660054,0.875,0.875,1.734280190229285,0.0225507823078735,1.756830972537159,3.866594788896958,115.24339622641509,113.64150943396228,114,17.197088625660054,0.875,True
42000174,2021-05-30,2021,playoff,Jalen Brunson,DAL,19,8,2,0,7,21.02895032857735,0.3941441441441441,0.3125,1.734280190229285,0.0225507823078735,1.756830972537159,3.866594788896958,115.24339622641509,113.64150943396228,114,21.02895032857735,0.3941441441441441,True
42000175,2021-06-02,2021,playoff,Jalen Brunson,DAL,10,3,0,0,2,13.66742596810934,0.3333333333333333,0.3333333333333333,1.734280190229285,0.0225507823078735,1.756830972537159,3.866594788896958,115.24339622641509,113.64150943396228,114,13.66742596810934,0.3333333333333333,True
42000176,2021-06-04,2021,playoff,Jalen Brunson,DAL,15,8,2,2,7,32.79577995478523,0.3941441441441441,0.4375,1.734280190229285,0.0225507823078735,1.756830972537159,3.866594788896958,115.24339622641509,113.64150943396228,114,32.79577995478523,0.3941441441441441,True
42000177,2021-06-06,2021,playoff,Jalen Brunson,DAL,10,3,0,0,2,12.748933143669984,0.3333333333333333,0.3333333333333333,1.734280190229285,0.0225507823078735,1.756830972537159,3.866594788896958,115.24339622641509,113.64150943396228,114,12.748933143669984,0.3333333333333333,True
42000171,2021-05-22,2021,playoff,Josh Richardson,DAL,17,5,1,1,8,18.285930623254934,0.7352941176470588,0.7,-0.770720049032679,-0.8129584667419812,-1.58367851577466,1.059250874412152,115.24339622641509,113.64150943396228,94,18.285930623254934,0.7352941176470588,True
42000172,2021-05-25,2021,playoff,Josh Richardson,DAL,19,4,4,1,9,16.490821491736295,0.78125,0.625,-0.770720049032679,-0.8129584667419812,-1.58367851577466,1.059250874412152,115.24339622641509,113.64150943396228,94,16.490821491736295,0.78125,True
42000173,2021-05-28,2021,playoff,Josh Richardson,DAL,16,5,0,0,4,14.778748037676609,0.4,0.4,-0.770720049032679,-0.8129584667419812,-1.58367851577466,1.059250874412152,115.24339622641509,113.64150943396228,94,14.778748037676609,0.4,True
42000174,2021-05-30,2021,playoff,Josh Richardson,DAL,21,7,0,0,5,14.998125234345704,0.3571428571428571,0.3571428571428571,-0.770720049032679,-0.8129584667419812,-1.58367851577466,1.059250874412152,115.24339622641509,113.64150943396228,94,14.998125234345704,0.3571428571428571,True
42000175,2021-06-02,2021,playoff,Josh Richardson,DAL,6,2,2,1,2,29.460895975702357,0.3472222222222222,0.0,-0.770720049032679,-0.8129584667419812,-1.58367851577466,1.059250874412152,115.24339622641509,113.64150943396228,94,29.460895975702357,0.3472222222222222,True
42000176,2021-06-04,2021,playoff,Josh Richardson,DAL,9,4,2,1,6,29.54031650339111,0.6147540983606558,0.5,-0.770720049032679,-0.8129584667419812,-1.58367851577466,1.059250874412152,115.24339622641509,113.64150943396228,94,29.54031650339111,0.6147540983606558,True
42000177,2021-06-06,2021,playoff,Josh Richardson,DAL,6,1,0,2,0,21.24822190611664,0.0,0.0,-0.770720049032679,-0.8129584667419812,-1.58367851577466,1.059250874412152,115.24339622641509,113.64150943396228,94,21.24822190611664,0.0,True
42000171,2021-05-22,2021,playoff,Luka Doncic,DAL,41,24,7,3,31,35.413927751505994,0.5723781388478583,0.5625,6.323773825566709,-1.114624981014696,5.209148844552013,9.297765931297397,115.24339622641509,113.64150943396228,283,35.413927751505994,0.5723781388478583,True
42000172,2021-05-25,2021,playoff,Luka Doncic,DAL,38,29,7,7,39,47.667256205403426,0.6078553615960101,0.6379310344827587,6.323773825566709,-1.114624981014696,5.209148844552013,9.297765931297397,115.24339622641509,113.64150943396228,283,47.667256205403426,0.6078553615960101,True
42000173,2021-05-28,2021,playoff,Luka Doncic,DAL,39,28,13,5,44,46.95246145795596,0.6524317912218268,0.6607142857142857,6.323773825566709,-1.114624981014696,5.209148844552013,9.297765931297397,115.24339622641509,113.64150943396228,283,46.95246145795596,0.6524317912218268,True
42000174,2021-05-30,2021,playoff,Luka Doncic,DAL,36,24,5,4,19,37.74528183977002,0.3625954198473282,0.3958333333333333,6.323773825566709,-1.114624981014696,5.209148844552013,9.297765931297397,115.24339622641509,113.64150943396228,283,37.74528183977002,0.3625954198473282,True
42000175,2021-06-02,2021,playoff,Luka Doncic,DAL,43,37,3,4,42,44.83763309847964,0.5480167014613778,0.5405405405405406,6.323773825566709,-1.114624981014696,5.209148844552013,9.297765931297397,115.24339622641509,113.64150943396228,283,44.83763309847964,0.5480167014613778,True
42000176,2021-06-04,2021,playoff,Luka Doncic,DAL,41,24,5,3,29,32.20173874685243,0.5534351145038168,0.5,6.323773825566709,-1.114624981014696,5.209148844552013,9.297765931297397,115.24339622641509,113.64150943396228,283,32.20173874685243,0.5534351145038168,True
42000177,2021-06-06,2021,playoff,Luka Doncic,DAL,45,30,11,6,46,38.56788367314683,0.6601607347876004,0.65,6.323773825566709,-1.114624981014696,5.209148844552013,9.297765931297397,115.24339622641509,113.64150943396228,283,38.56788367314683,0.6601607347876004,True
42000171,2021-05-22,2021,playoff,Maxi Kleber,DAL,36,3,4,0,6,6.382408152319656,0.6302521008403361,0.5,-1.273721240496066,1.619481286052255,0.3457600455561896,2.112050884271228,115.24339622641509,113.64150943396228,186,6.382408152319656,0.6302521008403361,True
42000172,2021-05-25,2021,playoff,Maxi Kleber,DAL,34,6,2,0,13,9.379047099720538,0.9447674418604652,1.0,-1.273721240496066,1.619481286052255,0.3457600455561896,2.112050884271228,115.24339622641509,113.64150943396228,186,9.379047099720538,0.9447674418604652,True
42000173,2021-05-28,2021,playoff,Maxi Kleber,DAL,35,9,0,1,14,13.511998205875756,0.7777777777777778,0.7777777777777778,-1.273721240496066,1.619481286052255,0.3457600455561896,2.112050884271228,115.24339622641509,113.64150943396228,186,13.511998205875756,0.7777777777777778,True
42000175,2021-06-02,2021,playoff,Maxi Kleber,DAL,19,3,1,0,4,8.248411461455461,0.5813953488372093,0.5,-1.273721240496066,1.619481286052255,0.3457600455561896,2.112050884271228,115.24339622641509,113.64150943396228,186,8.248411461455461,0.5813953488372093,True
42000176,2021-06-04,2021,playoff,Maxi Kleber,DAL,21,4,0,0,0,8.612337173000324,0.0,0.0,-1.273721240496066,1.619481286052255,0.3457600455561896,2.112050884271228,115.24339622641509,113.64150943396228,186,8.612337173000324,0.0,True
42000177,2021-06-06,2021,playoff,Maxi Kleber,DAL,9,2,0,0,0,9.443654180496283,0.0,0.0,-1.273721240496066,1.619481286052255,0.3457600455561896,2.112050884271228,115.24339622641509,113.64150943396228,186,9.443654180496283,0.0,True
42000172,2021-05-25,2021,playoff,Willie Cauley-Stein,DAL,15,3,0,0,6,9.269988412514484,1.0,1.0,-2.043569677275419,2.800457044633004,0.7568873673575847,1.615593393491374,115.24339622641509,113.64150943396228,58,9.269988412514484,1.0,True
42000173,2021-05-28,2021,playoff,Willie Cauley-Stein,DAL,14,2,3,1,5,14.59295806234582,0.753012048192771,0.5,-2.043569677275419,2.800457044633004,0.7568873673575847,1.615593393491374,115.24339622641509,113.64150943396228,58,14.59295806234582,0.753012048192771,True
42000174,2021-05-30,2021,playoff,Willie Cauley-Stein,DAL,5,1,0,0,0,8.998875140607423,0.0,0.0,-2.043569677275419,2.800457044633004,0.7568873673575847,1.615593393491374,115.24339622641509,113.64150943396228,58,8.998875140607423,0.0,True
42000175,2021-06-02,2021,playoff,Willie Cauley-Stein,DAL,5,1,0,1,2,18.223234624145785,1.0,1.0,-2.043569677275419,2.800457044633004,0.7568873673575847,1.615593393491374,115.24339622641509,113.64150943396228,58,18.223234624145785,1.0,True
42000161,2021-05-22,2021,playoff,Aaron Gordon,DEN,28,16,2,1,16,29.3258979826144,0.4739336492890995,0.5,-1.681302198913759,0.3917894440241232,-1.289512754889636,0.2319736778399137,115.68333333333334,114.04848484848485,298,29.3258979826144,0.4739336492890995,True
42000162,2021-05-24,2021,playoff,Aaron Gordon,DEN,28,9,6,0,13,17.944501541623843,0.5584192439862543,0.5555555555555556,-1.681302198913759,0.3917894440241232,-1.289512754889636,0.2319736778399137,115.68333333333334,114.04848484848485,298,17.944501541623843,0.5584192439862543,True
42000163,2021-05-27,2021,playoff,Aaron Gordon,DEN,34,9,5,0,13,14.461684747374331,0.5803571428571429,0.5,-1.681302198913759,0.3917894440241232,-1.289512754889636,0.2319736778399137,115.68333333333334,114.04848484848485,298,14.461684747374331,0.5803571428571429,True
42000164,2021-05-29,2021,playoff,Aaron Gordon,DEN,18,7,2,0,6,18.906557442878366,0.3807106598984772,0.2857142857142857,-1.681302198913759,0.3917894440241232,-1.289512754889636,0.2319736778399137,115.68333333333334,114.04848484848485,298,18.906557442878366,0.3807106598984772,True
42000165,2021-06-01,2021,playoff,Aaron Gordon,DEN,39,11,2,3,14,17.14381063621845,0.5892255892255892,0.6363636363636364,-1.681302198913759,0.3917894440241232,-1.289512754889636,0.2319736778399137,115.68333333333334,114.04848484848485,298,17.14381063621845,0.5892255892255892,True
42000166,2021-06-03,2021,playoff,Aaron Gordon,DEN,33,8,4,1,13,14.18428919703037,0.6659836065573771,0.625,-1.681302198913759,0.3917894440241232,-1.289512754889636,0.2319736778399137,115.68333333333334,114.04848484848485,298,14.18428919703037,0.6659836065573771,True
42000231,2021-06-07,2021,playoff,Aaron Gordon,DEN,29,14,2,1,18,24.673517084698847,0.6048387096774194,0.5714285714285714,-1.681302198913759,0.3917894440241232,-1.289512754889636,0.2319736778399137,115.68333333333334,114.04848484848485,298,24.673517084698847,0.6048387096774194,True
42000232,2021-06-09,2021,playoff,Aaron Gordon,DEN,20,7,0,1,6,17.632058287795992,0.4285714285714285,0.4285714285714285,-1.681302198913759,0.3917894440241232,-1.289512754889636,0.2319736778399137,115.68333333333334,114.04848484848485,298,17.632058287795992,0.4285714285714285,True
42000233,2021-06-11,2021,playoff,Aaron Gordon,DEN,36,10,0,4,4,16.086406986096748,0.2,0.2,-1.681302198913759,0.3917894440241232,-1.289512754889636,0.2319736778399137,115.68333333333334,114.04848484848485,298,16.086406986096748,0.2,True
42000234,2021-06-13,2021,playoff,Aaron Gordon,DEN,33,8,2,3,8,15.057271780631728,0.4504504504504504,0.375,-1.681302198913759,0.3917894440241232,-1.289512754889636,0.2319736778399137,115.68333333333334,114.04848484848485,298,15.057271780631728,0.4504504504504504,True
42000161,2021-05-22,2021,playoff,Austin Rivers,DEN,33,6,2,0,6,9.574505096893157,0.436046511627907,0.4166666666666667,-0.1649657782075646,-0.6091217028146421,-0.7740874810222067,0.4055515866872568,115.68333333333334,114.04848484848485,305,9.574505096893157,0.436046511627907,True
42000162,2021-05-24,2021,playoff,Austin Rivers,DEN,20,5,2,1,9,14.848920863309353,0.7653061224489796,0.8,-0.1649657782075646,-0.6091217028146421,-0.7740874810222067,0.4055515866872568,115.68333333333334,114.04848484848485,305,14.848920863309353,0.7653061224489796,True
42000163,2021-05-27,2021,playoff,Austin Rivers,DEN,37,14,2,0,21,17.65553944833886,0.7056451612903225,0.6785714285714286,-0.1649657782075646,-0.6091217028146421,-0.7740874810222067,0.4055515866872568,115.68333333333334,114.04848484848485,305,17.65553944833886,0.7056451612903225,True
42000164,2021-05-29,2021,playoff,Austin Rivers,DEN,24,5,2,1,8,12.3804360920371,0.6802721088435374,0.6,-0.1649657782075646,-0.6091217028146421,-0.7740874810222067,0.4055515866872568,115.68333333333334,114.04848484848485,305,12.3804360920371,0.6802721088435374,True
42000165,2021-06-01,2021,playoff,Austin Rivers,DEN,47,10,4,1,18,12.198933203225447,0.7653061224489796,0.7,-0.1649657782075646,-0.6091217028146421,-0.7740874810222067,0.4055515866872568,115.68333333333334,114.04848484848485,305,12.198933203225447,0.7653061224489796,True
42000166,2021-06-03,2021,playoff,Austin Rivers,DEN,40,6,0,2,7,8.700400436840189,0.5833333333333334,0.5833333333333334,-0.1649657782075646,-0.6091217028146421,-0.7740874810222067,0.4055515866872568,115.68333333333334,114.04848484848485,305,8.700400436840189,0.5833333333333334,True
42000231,2021-06-07,2021,playoff,Austin Rivers,DEN,31,7,2,2,7,14.360640519842187,0.4441624365482233,0.3571428571428571,-0.1649657782075646,-0.6091217028146421,-0.7740874810222067,0.4055515866872568,115.68333333333334,114.04848484848485,305,14.360640519842187,0.4441624365482233,True
42000232,2021-06-09,2021,playoff,Austin Rivers,DEN,25,5,2,0,6,10.367650273224042,0.5102040816326531,0.5,-0.1649657782075646,-0.6091217028146421,-0.7740874810222067,0.4055515866872568,115.68333333333334,114.04848484848485,305,10.367650273224042,0.5102040816326531,True
42000233,2021-06-11,2021,playoff,Austin Rivers,DEN,27,5,0,1,5,9.192232563483856,0.5,0.5,-0.1649657782075646,-0.6091217028146421,-0.7740874810222067,0.4055515866872568,115.68333333333334,114.04848484848485,305,9.192232563483856,0.5,True
42000234,2021-06-13,2021,playoff,Austin Rivers,DEN,21,6,0,1,5,13.941918315399748,0.4166666666666667,0.4166666666666667,-0.1649657782075646,-0.6091217028146421,-0.7740874810222067,0.4055515866872568,115.68333333333334,114.04848484848485,305,13.941918315399748,0.4166666666666667,True
42000161,2021-05-22,2021,playoff,Facundo Campazzo,DEN,32,4,0,1,8,7.175660160734789,1.0,1.0,-0.6981644370718076,3.183391529940672,2.485227092868865,3.808054850185424,115.68333333333334,114.04848484848485,270,7.175660160734789,1.0,True
42000162,2021-05-24,2021,playoff,Facundo Campazzo,DEN,30,10,2,3,12,19.971223021582738,0.551470588235294,0.5,-0.6981644370718076,3.183391529940672,2.485227092868865,3.808054850185424,115.68333333333334,114.04848484848485,270,19.971223021582738,0.551470588235294,True
42000163,2021-05-27,2021,playoff,Facundo Campazzo,DEN,32,9,4,3,11,18.877663482733283,0.5111524163568774,0.4444444444444444,-0.6981644370718076,3.183391529940672,2.485227092868865,3.808054850185424,115.68333333333334,114.04848484848485,270,18.877663482733283,0.5111524163568774,True
42000164,2021-05-29,2021,playoff,Facundo Campazzo,DEN,27,10,5,0,12,19.5143824706528,0.4918032786885246,0.4,-0.6981644370718076,3.183391529940672,2.485227092868865,3.808054850185424,115.68333333333334,114.04848484848485,270,19.5143824706528,0.4918032786885246,True
42000165,2021-06-01,2021,playoff,Facundo Campazzo,DEN,21,5,2,2,3,16.860713916803167,0.2551020408163265,0.2,-0.6981644370718076,3.183391529940672,2.485227092868865,3.808054850185424,115.68333333333334,114.04848484848485,270,16.860713916803167,0.2551020408163265,True
42000166,2021-06-03,2021,playoff,Facundo Campazzo,DEN,23,5,5,1,10,15.509409474367292,0.6944444444444444,0.5,-0.6981644370718076,3.183391529940672,2.485227092868865,3.808054850185424,115.68333333333334,114.04848484848485,270,15.509409474367292,0.6944444444444444,True
42000231,2021-06-07,2021,playoff,Facundo Campazzo,DEN,36,9,1,3,14,15.570280617611171,0.7415254237288136,0.7222222222222222,-0.6981644370718076,3.183391529940672,2.485227092868865,3.808054850185424,115.68333333333334,114.04848484848485,270,15.570280617611171,0.7415254237288136,True
42000232,2021-06-09,2021,playoff,Facundo Campazzo,DEN,29,7,0,1,3,12.160040198479996,0.2142857142857142,0.2142857142857142,-0.6981644370718076,3.183391529940672,2.485227092868865,3.808054850185424,115.68333333333334,114.04848484848485,270,12.160040198479996,0.2142857142857142,True
42000233,2021-06-11,2021,playoff,Facundo Campazzo,DEN,18,5,0,1,6,13.788348845225782,0.6,0.6,-0.6981644370718076,3.183391529940672,2.485227092868865,3.808054850185424,115.68333333333334,114.04848484848485,270,13.788348845225782,0.6,True
42000234,2021-06-13,2021,playoff,Facundo Campazzo,DEN,22,10,0,0,14,19.01170679372693,0.7,0.7,-0.6981644370718076,3.183391529940672,2.485227092868865,3.808054850185424,115.68333333333334,114.04848484848485,270,19.01170679372693,0.7,True
42000162,2021-05-24,2021,playoff,JaMychal Green,DEN,20,6,0,1,4,15.107913669064748,0.3333333333333333,0.3333333333333333,-0.1231195114331141,-1.092705570803938,-1.215825082237052,0.8731581801031937,115.68333333333334,114.04848484848485,190,15.107913669064748,0.3333333333333333,True
42000163,2021-05-27,2021,playoff,JaMychal Green,DEN,17,5,0,0,8,12.912218524441371,0.8,0.8,-0.1231195114331141,-1.092705570803938,-1.215825082237052,0.8731581801031937,115.68333333333334,114.04848484848485,190,12.912218524441371,0.8,True
42000164,2021-05-29,2021,playoff,JaMychal Green,DEN,21,10,2,0,11,22.37527320288433,0.5055147058823529,0.45,-0.1231195114331141,-1.092705570803938,-1.215825082237052,0.8731581801031937,115.68333333333334,114.04848484848485,190,22.37527320288433,0.5055147058823529,True
42000165,2021-06-01,2021,playoff,JaMychal Green,DEN,20,4,0,0,5,8.9866749302758,0.625,0.625,-0.1231195114331141,-1.092705570803938,-1.215825082237052,0.8731581801031937,115.68333333333334,114.04848484848485,190,8.9866749302758,0.625,True
42000166,2021-06-03,2021,playoff,JaMychal Green,DEN,23,5,5,0,10,13.61801807505421,0.6944444444444444,0.6,-0.1231195114331141,-1.092705570803938,-1.215825082237052,0.8731581801031937,115.68333333333334,114.04848484848485,190,13.61801807505421,0.6944444444444444,True
42000231,2021-06-07,2021,playoff,JaMychal Green,DEN,23,5,0,0,10,9.795367367433286,1.0,1.0,-0.1231195114331141,-1.092705570803938,-1.215825082237052,0.8731581801031937,115.68333333333334,114.04848484848485,190,9.795367367433286,1.0,True
42000232,2021-06-09,2021,playoff,JaMychal Green,DEN,24,5,0,2,4,12.85670916818458,0.4,0.4,-0.1231195114331141,-1.092705570803938,-1.215825082237052,0.8731581801031937,115.68333333333334,114.04848484848485,190,12.85670916818458,0.4,True
42000233,2021-06-11,2021,playoff,JaMychal Green,DEN,18,3,2,0,2,8.91646558657934,0.2577319587628866,0.0,-0.1231195114331141,-1.092705570803938,-1.215825082237052,0.8731581801031937,115.68333333333334,114.04848484848485,190,8.91646558657934,0.2577319587628866,True
42000234,2021-06-13,2021,playoff,JaMychal Green,DEN,6,1,0,0,0,6.970959157699874,0.0,0.0,-0.1231195114331141,-1.092705570803938,-1.215825082237052,0.8731581801031937,115.68333333333334,114.04848484848485,190,6.970959157699874,0.0,True
42000161,2021-05-22,2021,playoff,Markus Howard,DEN,20,5,0,0,7,11.48105625717566,0.7,0.7,1.75653744576974,-7.313046580800434,-5.556509135030694,-0.1634786528603271,115.68333333333334,114.04848484848485,106,11.48105625717566,0.7,True
42000162,2021-05-24,2021,playoff,Markus Howard,DEN,15,2,0,0,5,5.755395683453238,1.25,1.25,1.75653744576974,-7.313046580800434,-5.556509135030694,-0.1634786528603271,115.68333333333334,114.04848484848485,106,5.755395683453238,1.25,True
42000163,2021-05-27,2021,playoff,Markus Howard,DEN,9,2,0,0,3,9.755898440689036,0.75,0.75,1.75653744576974,-7.313046580800434,-5.556509135030694,-0.1634786528603271,115.68333333333334,114.04848484848485,106,9.755898440689036,0.75,True
42000164,2021-05-29,2021,playoff,Markus Howard,DEN,27,14,0,0,9,22.393553654847473,0.3214285714285714,0.3214285714285714,1.75653744576974,-7.313046580800434,-5.556509135030694,-0.1634786528603271,115.68333333333334,114.04848484848485,106,22.393553654847473,0.3214285714285714,True
42000165,2021-06-01,2021,playoff,Markus Howard,DEN,16,6,0,0,9,16.850015494267122,0.75,0.75,1.75653744576974,-7.313046580800434,-5.556509135030694,-0.1634786528603271,115.68333333333334,114.04848484848485,106,16.850015494267122,0.75,True
42000231,2021-06-07,2021,playoff,Markus Howard,DEN,8,2,0,0,3,11.264672472548275,0.75,0.75,1.75653744576974,-7.313046580800434,-5.556509135030694,-0.1634786528603271,115.68333333333334,114.04848484848485,106,11.264672472548275,0.75,True
42000232,2021-06-09,2021,playoff,Markus Howard,DEN,11,6,2,0,6,27.57012750455373,0.436046511627907,0.4166666666666667,1.75653744576974,-7.313046580800434,-5.556509135030694,-0.1634786528603271,115.68333333333334,114.04848484848485,106,27.57012750455373,0.436046511627907,True
42000161,2021-05-22,2021,playoff,Michael Porter Jr.,DEN,37,21,0,2,25,28.5474912340584,0.5952380952380952,0.5952380952380952,2.227852128516588,0.3875653358474681,2.615417464364056,0.9297934167911494,115.68333333333334,114.04848484848485,333,28.5474912340584,0.5952380952380952,True
42000162,2021-05-24,2021,playoff,Michael Porter Jr.,DEN,33,13,5,1,18,21.19032047089601,0.5921052631578948,0.5,2.227852128516588,0.3875653358474681,2.615417464364056,0.9297934167911494,115.68333333333334,114.04848484848485,333,21.19032047089601,0.5921052631578948,True
42000163,2021-05-27,2021,playoff,Michael Porter Jr.,DEN,33,11,3,3,15,20.38095874245764,0.6087662337662337,0.5909090909090909,2.227852128516588,0.3875653358474681,2.615417464364056,0.9297934167911494,115.68333333333334,114.04848484848485,333,20.38095874245764,0.6087662337662337,True
42000164,2021-05-29,2021,playoff,Michael Porter Jr.,DEN,23,3,0,2,3,9.388601687591333,0.5,0.5,2.227852128516588,0.3875653358474681,2.615417464364056,0.9297934167911494,115.68333333333334,114.04848484848485,333,9.388601687591333,0.5,True
42000165,2021-06-01,2021,playoff,Michael Porter Jr.,DEN,48,13,3,3,26,16.21345935337259,0.9078212290502792,0.8846153846153846,2.227852128516588,0.3875653358474681,2.615417464364056,0.9297934167911494,115.68333333333334,114.04848484848485,333,16.21345935337259,0.9078212290502792,True
42000166,2021-06-03,2021,playoff,Michael Porter Jr.,DEN,34,19,0,1,26,25.58941304952997,0.6842105263157895,0.6842105263157895,2.227852128516588,0.3875653358474681,2.615417464364056,0.9297934167911494,115.68333333333334,114.04848484848485,333,25.58941304952997,0.6842105263157895,True
42000231,2021-06-07,2021,playoff,Michael Porter Jr.,DEN,31,13,0,0,15,18.895579631371305,0.5769230769230769,0.5769230769230769,2.227852128516588,0.3875653358474681,2.615417464364056,0.9297934167911494,115.68333333333334,114.04848484848485,333,18.895579631371305,0.5769230769230769,True
42000232,2021-06-09,2021,playoff,Michael Porter Jr.,DEN,28,13,4,1,11,24.810824876398645,0.3726287262872629,0.3076923076923077,2.227852128516588,0.3875653358474681,2.615417464364056,0.9297934167911494,115.68333333333334,114.04848484848485,333,24.810824876398645,0.3726287262872629,True
42000233,2021-06-11,2021,playoff,Michael Porter Jr.,DEN,30,13,2,3,15,23.274732850741124,0.5403458213256483,0.5384615384615384,2.227852128516588,0.3875653358474681,2.615417464364056,0.9297934167911494,115.68333333333334,114.04848484848485,333,23.274732850741124,0.5403458213256483,True
42000234,2021-06-13,2021,playoff,Michael Porter Jr.,DEN,36,16,4,0,20,20.63403910679163,0.563063063063063,0.53125,2.227852128516588,0.3875653358474681,2.615417464364056,0.9297934167911494,115.68333333333334,114.04848484848485,333,20.63403910679163,0.563063063063063,True
42000161,2021-05-22,2021,playoff,Monte Morris,DEN,22,10,0,1,10,22.96211251435132,0.5,0.5,3.043696607138858,-6.177155537619495,-3.133458930480637,-0.0569120006255461,115.68333333333334,114.04848484848485,286,22.96211251435132,0.5,True
42000162,2021-05-24,2021,playoff,Monte Morris,DEN,30,10,2,1,12,17.093525179856115,0.551470588235294,0.5,3.043696607138858,-6.177155537619495,-3.133458930480637,-0.0569120006255461,115.68333333333334,114.04848484848485,286,17.093525179856115,0.551470588235294,True
42000163,2021-05-27,2021,playoff,Monte Morris,DEN,25,6,5,3,8,19.667891256429098,0.4878048780487805,0.4166666666666667,3.043696607138858,-6.177155537619495,-3.133458930480637,-0.0569120006255461,115.68333333333334,114.04848484848485,286,19.667891256429098,0.4878048780487805,True
42000164,2021-05-29,2021,playoff,Monte Morris,DEN,25,12,0,0,12,20.730032526201654,0.5,0.5,3.043696607138858,-6.177155537619495,-3.133458930480637,-0.0569120006255461,115.68333333333334,114.04848484848485,286,20.730032526201654,0.5,True
42000165,2021-06-01,2021,playoff,Monte Morris,DEN,41,18,11,0,28,25.03117748871942,0.6129597197898424,0.5,3.043696607138858,-6.177155537619495,-3.133458930480637,-0.0569120006255461,115.68333333333334,114.04848484848485,286,25.03117748871942,0.6129597197898424,True
42000166,2021-06-03,2021,playoff,Monte Morris,DEN,33,16,5,1,22,25.31025581626237,0.6043956043956045,0.59375,3.043696607138858,-6.177155537619495,-3.133458930480637,-0.0569120006255461,115.68333333333334,114.04848484848485,286,25.31025581626237,0.6043956043956045,True
42000231,2021-06-07,2021,playoff,Monte Morris,DEN,23,10,0,0,2,19.590734734866572,0.1,0.1,3.043696607138858,-6.177155537619495,-3.133458930480637,-0.0569120006255461,115.68333333333334,114.04848484848485,286,19.590734734866572,0.1,True
42000232,2021-06-09,2021,playoff,Monte Morris,DEN,22,7,0,0,3,14.025500910746814,0.2142857142857142,0.2142857142857142,3.043696607138858,-6.177155537619495,-3.133458930480637,-0.0569120006255461,115.68333333333334,114.04848484848485,286,14.025500910746814,0.2142857142857142,True
42000233,2021-06-11,2021,playoff,Monte Morris,DEN,30,12,3,0,21,18.366080661840744,0.7882882882882882,0.7916666666666666,3.043696607138858,-6.177155537619495,-3.133458930480637,-0.0569120006255461,115.68333333333334,114.04848484848485,286,18.366080661840744,0.7882882882882882,True
42000234,2021-06-13,2021,playoff,Monte Morris,DEN,35,15,3,1,19,20.69777359051917,0.5821078431372549,0.6,3.043696607138858,-6.177155537619495,-3.133458930480637,-0.0569120006255461,115.68333333333334,114.04848484848485,286,20.69777359051917,0.5821078431372549,True
42000232,2021-06-09,2021,playoff,Will Barton,DEN,16,8,0,0,10,22.040072859744992,0.625,0.625,-0.1376937776404296,-1.871275793246081,-2.008969570886511,0.6532273499960485,115.68333333333334,114.04848484848485,83,22.040072859744992,0.625,True
42000233,2021-06-11,2021,playoff,Will Barton,DEN,28,14,0,2,14,23.637169448958485,0.5,0.5,-0.1376937776404296,-1.871275793246081,-2.008969570886511,0.6532273499960485,115.68333333333334,114.04848484848485,83,23.637169448958485,0.5,True
42000234,2021-06-13,2021,playoff,Will Barton,DEN,39,21,4,2,25,26.55399211456137,0.5492091388400703,0.5,-0.1376937776404296,-1.871275793246081,-2.008969570886511,0.6532273499960485,115.68333333333334,114.04848484848485,83,26.55399211456137,0.5492091388400703,True
42000176,2021-06-04,2021,playoff,Luke Kennard,LAC,10,4,0,0,2,18.842845973416733,0.25,0.25,1.236327612674287,-0.4190097275651633,0.817317885109124,0.408365719490966,114.88372093023256,113.4139534883721,216,18.842845973416733,0.25,True
42000177,2021-06-06,2021,playoff,Luke Kennard,LAC,15,6,0,1,11,22.368072129408645,0.9166666666666666,0.9166666666666666,1.236327612674287,-0.4190097275651633,0.817317885109124,0.408365719490966,114.88372093023256,113.4139534883721,216,22.368072129408645,0.9166666666666666,True
42000221,2021-06-08,2021,playoff,Luke Kennard,LAC,29,9,0,0,18,14.324529508131215,1.0,1.0,1.236327612674287,-0.4190097275651633,0.817317885109124,0.408365719490966,114.88372093023256,113.4139534883721,216,14.324529508131215,1.0,True
42000223,2021-06-12,2021,playoff,Luke Kennard,LAC,17,4,0,0,6,10.707405582187176,0.75,0.75,1.236327612674287,-0.4190097275651633,0.817317885109124,0.408365719490966,114.88372093023256,113.4139534883721,216,10.707405582187176,0.75,True
42000224,2021-06-14,2021,playoff,Luke Kennard,LAC,12,5,0,0,8,19.20233963234349,0.8,0.8,1.236327612674287,-0.4190097275651633,0.817317885109124,0.408365719490966,114.88372093023256,113.4139534883721,216,19.20233963234349,0.8,True
42000225,2021-06-16,2021,playoff,Luke Kennard,LAC,20,6,0,0,6,14.198019801980196,0.5,0.5,1.236327612674287,-0.4190097275651633,0.817317885109124,0.408365719490966,114.88372093023256,113.4139534883721,216,14.198019801980196,0.5,True
42000226,2021-06-18,2021,playoff,Luke Kennard,LAC,9,1,0,0,0,5.4607816589944935,0.0,0.0,1.236327612674287,-0.4190097275651633,0.817317885109124,0.408365719490966,114.88372093023256,113.4139534883721,216,5.4607816589944935,0.0,True
42000311,2021-06-20,2021,playoff,Luke Kennard,LAC,8,3,0,0,6,17.15639356814701,1.0,1.0,1.236327612674287,-0.4190097275651633,0.817317885109124,0.408365719490966,114.88372093023256,113.4139534883721,216,17.15639356814701,1.0,True
42000312,2021-06-22,2021,playoff,Luke Kennard,LAC,19,7,0,0,10,17.942583732057415,0.7142857142857143,0.7142857142857143,1.236327612674287,-0.4190097275651633,0.817317885109124,0.408365719490966,114.88372093023256,113.4139534883721,216,17.942583732057415,0.7142857142857143,True
42000313,2021-06-24,2021,playoff,Luke Kennard,LAC,21,7,1,0,9,16.69480770291894,0.6048387096774194,0.5714285714285714,1.236327612674287,-0.4190097275651633,0.817317885109124,0.408365719490966,114.88372093023256,113.4139534883721,216,16.69480770291894,0.6048387096774194,True
42000314,2021-06-26,2021,playoff,Luke Kennard,LAC,13,4,1,0,2,15.309904887790582,0.2252252252252252,0.25,1.236327612674287,-0.4190097275651633,0.817317885109124,0.408365719490966,114.88372093023256,113.4139534883721,216,15.309904887790582,0.2252252252252252,True
42000315,2021-06-28,2021,playoff,Luke Kennard,LAC,19,3,0,1,0,10.103572183470726,0.0,0.0,1.236327612674287,-0.4190097275651633,0.817317885109124,0.408365719490966,114.88372093023256,113.4139534883721,216,10.103572183470726,0.0,True
42000316,2021-06-30,2021,playoff,Luke Kennard,LAC,14,4,0,1,3,16.889027078975634,0.375,0.375,1.236327612674287,-0.4190097275651633,0.817317885109124,0.408365719490966,114.88372093023256,113.4139534883721,216,16.889027078975634,0.375,True
42000171,2021-05-22,2021,playoff,Marcus Morris Sr.,LAC,33,8,2,0,4,12.973446802293727,0.2252252252252252,0.25,1.242631106258778,-1.393754604622464,-0.1511234983636853,1.984985333853054,114.88372093023256,113.4139534883721,604,12.973446802293727,0.2252252252252252,True
42000172,2021-05-25,2021,playoff,Marcus Morris Sr.,LAC,25,9,2,2,9,21.559168241965978,0.4554655870445344,0.4444444444444444,1.242631106258778,-1.393754604622464,-0.1511234983636853,1.984985333853054,114.88372093023256,113.4139534883721,604,21.559168241965978,0.4554655870445344,True
42000173,2021-05-28,2021,playoff,Marcus Morris Sr.,LAC,34,9,0,1,15,15.193335190296525,0.8333333333333334,0.8333333333333334,1.242631106258778,-1.393754604622464,-0.1511234983636853,1.984985333853054,114.88372093023256,113.4139534883721,604,15.193335190296525,0.8333333333333334,True
42000174,2021-05-30,2021,playoff,Marcus Morris Sr.,LAC,29,5,2,0,9,9.789759665621734,0.7653061224489796,0.7,1.242631106258778,-1.393754604622464,-0.1511234983636853,1.984985333853054,114.88372093023256,113.4139534883721,604,9.789759665621734,0.7653061224489796,True
42000175,2021-06-02,2021,playoff,Marcus Morris Sr.,LAC,42,13,2,0,16,15.465002311604255,0.5763688760806917,0.5384615384615384,1.242631106258778,-1.393754604622464,-0.1511234983636853,1.984985333853054,114.88372093023256,113.4139534883721,604,15.465002311604255,0.5763688760806917,True
42000176,2021-06-04,2021,playoff,Marcus Morris Sr.,LAC,42,10,2,0,4,12.202985963736552,0.1838235294117647,0.1,1.242631106258778,-1.393754604622464,-0.1511234983636853,1.984985333853054,114.88372093023256,113.4139534883721,604,12.202985963736552,0.1838235294117647,True
42000177,2021-06-06,2021,playoff,Marcus Morris Sr.,LAC,30,15,0,0,23,23.965791567223548,0.7666666666666667,0.7666666666666667,1.242631106258778,-1.393754604622464,-0.1511234983636853,1.984985333853054,114.88372093023256,113.4139534883721,604,23.965791567223548,0.7666666666666667,True
42000221,2021-06-08,2021,playoff,Marcus Morris Sr.,LAC,33,14,0,1,9,20.98037150180835,0.3214285714285714,0.3214285714285714,1.242631106258778,-1.393754604622464,-0.1511234983636853,1.984985333853054,114.88372093023256,113.4139534883721,604,20.98037150180835,0.3214285714285714,True
42000222,2021-06-10,2021,playoff,Marcus Morris Sr.,LAC,37,11,0,0,8,13.447295769195506,0.3636363636363636,0.3636363636363636,1.242631106258778,-1.393754604622464,-0.1511234983636853,1.984985333853054,114.88372093023256,113.4139534883721,604,13.447295769195506,0.3636363636363636,True
42000223,2021-06-12,2021,playoff,Marcus Morris Sr.,LAC,22,5,0,0,6,10.342380391885342,0.6,0.6,1.242631106258778,-1.393754604622464,-0.1511234983636853,1.984985333853054,114.88372093023256,113.4139534883721,604,10.342380391885342,0.6,True
42000224,2021-06-14,2021,playoff,Marcus Morris Sr.,LAC,35,11,8,0,24,19.118946614511596,0.8264462809917356,0.7727272727272727,1.242631106258778,-1.393754604622464,-0.1511234983636853,1.984985333853054,114.88372093023256,113.4139534883721,604,19.118946614511596,0.8264462809917356,True
42000225,2021-06-16,2021,playoff,Marcus Morris Sr.,LAC,40,16,4,0,25,21.013069306930692,0.7038288288288288,0.71875,1.242631106258778,-1.393754604622464,-0.1511234983636853,1.984985333853054,114.88372093023256,113.4139534883721,604,21.013069306930692,0.7038288288288288,True
42000226,2021-06-18,2021,playoff,Marcus Morris Sr.,LAC,29,7,0,0,7,11.86307739712597,0.5,0.5,1.242631106258778,-1.393754604622464,-0.1511234983636853,1.984985333853054,114.88372093023256,113.4139534883721,604,11.86307739712597,0.5,True
42000311,2021-06-20,2021,playoff,Marcus Morris Sr.,LAC,21,11,0,0,6,23.96448625391964,0.2727272727272727,0.2727272727272727,1.242631106258778,-1.393754604622464,-0.1511234983636853,1.984985333853054,114.88372093023256,113.4139534883721,604,23.96448625391964,0.2727272727272727,True
42000312,2021-06-22,2021,playoff,Marcus Morris Sr.,LAC,25,11,0,1,7,23.376623376623375,0.3181818181818182,0.3181818181818182,1.242631106258778,-1.393754604622464,-0.1511234983636853,1.984985333853054,114.88372093023256,113.4139534883721,604,23.376623376623375,0.3181818181818182,True
42000313,2021-06-24,2021,playoff,Marcus Morris Sr.,LAC,24,4,2,1,8,11.544998068752411,0.819672131147541,0.75,1.242631106258778,-1.393754604622464,-0.1511234983636853,1.984985333853054,114.88372093023256,113.4139534883721,604,11.544998068752411,0.819672131147541,True
42000314,2021-06-26,2021,playoff,Marcus Morris Sr.,LAC,22,8,0,0,4,16.30047203450267,0.25,0.25,1.242631106258778,-1.393754604622464,-0.1511234983636853,1.984985333853054,114.88372093023256,113.4139534883721,604,16.30047203450267,0.25,True
42000315,2021-06-28,2021,playoff,Marcus Morris Sr.,LAC,39,16,2,1,22,22.00247142415817,0.6516587677725119,0.625,1.242631106258778,-1.393754604622464,-0.1511234983636853,1.984985333853054,114.88372093023256,113.4139534883721,604,22.00247142415817,0.6516587677725119,True
42000316,2021-06-30,2021,playoff,Marcus Morris Sr.,LAC,42,17,6,0,26,22.113366122072097,0.6619144602851323,0.6470588235294118,1.242631106258778,-1.393754604622464,-0.1511234983636853,1.984985333853054,114.88372093023256,113.4139534883721,604,22.113366122072097,0.6619144602851323,True
42000171,2021-05-22,2021,playoff,Patrick Beverley,LAC,17,6,0,1,10,19.85205492401862,0.8333333333333334,0.8333333333333334,-0.3239635840894104,0.0198873432425145,-0.3040762408468959,1.033487431242855,114.88372093023256,113.4139534883721,322,19.85205492401862,0.8333333333333334,True
42000172,2021-05-25,2021,playoff,Patrick Beverley,LAC,23,4,0,0,3,7.890194789183857,0.375,0.375,-0.3239635840894104,0.0198873432425145,-0.3040762408468959,1.033487431242855,114.88372093023256,113.4139534883721,322,7.890194789183857,0.375,True
42000173,2021-05-28,2021,playoff,Patrick Beverley,LAC,6,2,0,0,2,17.219113215669392,0.5,0.5,-0.3239635840894104,0.0198873432425145,-0.3040762408468959,1.033487431242855,114.88372093023256,113.4139534883721,322,17.219113215669392,0.5,True
42000174,2021-05-30,2021,playoff,Patrick Beverley,LAC,5,3,1,0,3,33.21858585858586,0.436046511627907,0.3333333333333333,-0.3239635840894104,0.0198873432425145,-0.3040762408468959,1.033487431242855,114.88372093023256,113.4139534883721,322,33.21858585858586,0.436046511627907,True
42000221,2021-06-08,2021,playoff,Patrick Beverley,LAC,6,3,0,0,0,23.07840865198918,0.0,0.0,-0.3239635840894104,0.0198873432425145,-0.3040762408468959,1.033487431242855,114.88372093023256,113.4139534883721,322,23.07840865198918,0.0,True
42000222,2021-06-10,2021,playoff,Patrick Beverley,LAC,21,5,4,0,3,14.560336007754026,0.2218934911242603,0.0,-0.3239635840894104,0.0198873432425145,-0.3040762408468959,1.033487431242855,114.88372093023256,113.4139534883721,322,14.560336007754026,0.2218934911242603,True
42000223,2021-06-12,2021,playoff,Patrick Beverley,LAC,16,3,3,0,7,12.286747905559784,0.8101851851851851,0.6666666666666666,-0.3239635840894104,0.0198873432425145,-0.3040762408468959,1.033487431242855,114.88372093023256,113.4139534883721,322,12.286747905559784,0.8101851851851851,True
42000225,2021-06-16,2021,playoff,Patrick Beverley,LAC,17,5,0,1,5,16.703552708211994,0.5,0.5,-0.3239635840894104,0.0198873432425145,-0.3040762408468959,1.033487431242855,114.88372093023256,113.4139534883721,322,16.703552708211994,0.5,True
42000226,2021-06-18,2021,playoff,Patrick Beverley,LAC,27,4,4,0,12,10.484700785269428,1.0416666666666667,1.125,-0.3239635840894104,0.0198873432425145,-0.3040762408468959,1.033487431242855,114.88372093023256,113.4139534883721,322,10.484700785269428,1.0416666666666667,True
42000311,2021-06-20,2021,playoff,Patrick Beverley,LAC,15,2,0,0,2,6.100051046452271,0.5,0.5,-0.3239635840894104,0.0198873432425145,-0.3040762408468959,1.033487431242855,114.88372093023256,113.4139534883721,322,6.100051046452271,0.5,True
42000312,2021-06-22,2021,playoff,Patrick Beverley,LAC,26,5,0,0,6,9.365634365634364,0.6,0.6,-0.3239635840894104,0.0198873432425145,-0.3040762408468959,1.033487431242855,114.88372093023256,113.4139534883721,322,9.365634365634364,0.6,True
42000313,2021-06-24,2021,playoff,Patrick Beverley,LAC,27,8,0,0,8,13.96220476946626,0.5,0.5,-0.3239635840894104,0.0198873432425145,-0.3040762408468959,1.033487431242855,114.88372093023256,113.4139534883721,322,13.96220476946626,0.5,True
42000314,2021-06-26,2021,playoff,Patrick Beverley,LAC,34,4,0,0,2,5.2736821288096865,0.25,0.25,-0.3239635840894104,0.0198873432425145,-0.3040762408468959,1.033487431242855,114.88372093023256,113.4139534883721,322,5.2736821288096865,0.25,True
42000315,2021-06-28,2021,playoff,Patrick Beverley,LAC,31,6,0,0,7,9.28876797512631,0.5833333333333334,0.5833333333333334,-0.3239635840894104,0.0198873432425145,-0.3040762408468959,1.033487431242855,114.88372093023256,113.4139534883721,322,9.28876797512631,0.5833333333333334,True
42000316,2021-06-30,2021,playoff,Patrick Beverley,LAC,31,7,2,1,11,13.546089331988714,0.6979695431472082,0.6428571428571429,-0.3239635840894104,0.0198873432425145,-0.3040762408468959,1.033487431242855,114.88372093023256,113.4139534883721,322,13.546089331988714,0.6979695431472082,True
42000171,2021-05-22,2021,playoff,Reggie Jackson,LAC,21,6,0,0,2,13.774895253400675,0.1666666666666666,0.1666666666666666,5.76192610982546,-2.03218971170813,3.729736398117329,2.10461047853044,114.88372093023256,113.4139534883721,623,13.774895253400675,0.1666666666666666,True
42000172,2021-05-25,2021,playoff,Reggie Jackson,LAC,30,12,2,2,15,22.502835538752365,0.5822981366459627,0.5416666666666666,5.76192610982546,-2.03218971170813,3.729736398117329,2.10461047853044,114.88372093023256,113.4139534883721,623,22.502835538752365,0.5822981366459627,True
42000173,2021-05-28,2021,playoff,Reggie Jackson,LAC,34,12,0,2,16,21.270669266415133,0.6666666666666666,0.6666666666666666,5.76192610982546,-2.03218971170813,3.729736398117329,2.10461047853044,114.88372093023256,113.4139534883721,623,21.270669266415133,0.6666666666666666,True
42000174,2021-05-30,2021,playoff,Reggie Jackson,LAC,31,12,2,0,15,20.060736396220268,0.5822981366459627,0.5416666666666666,5.76192610982546,-2.03218971170813,3.729736398117329,2.10461047853044,114.88372093023256,113.4139534883721,623,20.060736396220268,0.5822981366459627,True
42000175,2021-06-02,2021,playoff,Reggie Jackson,LAC,29,16,0,1,20,27.432206226983595,0.625,0.625,5.76192610982546,-2.03218971170813,3.729736398117329,2.10461047853044,114.88372093023256,113.4139534883721,623,27.432206226983595,0.625,True
42000176,2021-06-04,2021,playoff,Reggie Jackson,LAC,38,15,8,4,25,27.917163902720056,0.6749460043196545,0.6333333333333333,5.76192610982546,-2.03218971170813,3.729736398117329,2.10461047853044,114.88372093023256,113.4139534883721,623,27.917163902720056,0.6749460043196545,True
42000177,2021-06-06,2021,playoff,Reggie Jackson,LAC,28,10,4,1,15,21.84310717126946,0.6377551020408163,0.55,5.76192610982546,-2.03218971170813,3.729736398117329,2.10461047853044,114.88372093023256,113.4139534883721,623,21.84310717126946,0.6377551020408163,True
42000221,2021-06-08,2021,playoff,Reggie Jackson,LAC,17,6,0,1,9,19.00574830163815,0.75,0.75,5.76192610982546,-2.03218971170813,3.729736398117329,2.10461047853044,114.88372093023256,113.4139534883721,623,19.00574830163815,0.75,True
42000222,2021-06-10,2021,playoff,Reggie Jackson,LAC,36,19,3,1,29,26.787284834778234,0.7135826771653543,0.6842105263157895,5.76192610982546,-2.03218971170813,3.729736398117329,2.10461047853044,114.88372093023256,113.4139534883721,623,26.787284834778234,0.7135826771653543,True
42000223,2021-06-12,2021,playoff,Reggie Jackson,LAC,29,8,0,0,17,12.553509992909104,1.0625,1.0625,5.76192610982546,-2.03218971170813,3.729736398117329,2.10461047853044,114.88372093023256,113.4139534883721,623,12.553509992909104,1.0625,True
42000224,2021-06-14,2021,playoff,Reggie Jackson,LAC,29,4,0,0,4,6.356636567948189,0.5,0.5,5.76192610982546,-2.03218971170813,3.729736398117329,2.10461047853044,114.88372093023256,113.4139534883721,623,6.356636567948189,0.5,True
42000225,2021-06-16,2021,playoff,Reggie Jackson,LAC,37,15,3,2,22,23.43312817768263,0.6740196078431372,0.6333333333333333,5.76192610982546,-2.03218971170813,3.729736398117329,2.10461047853044,114.88372093023256,113.4139534883721,623,23.43312817768263,0.6740196078431372,True
42000226,2021-06-18,2021,playoff,Reggie Jackson,LAC,38,16,4,1,27,24.263115139595534,0.7601351351351351,0.71875,5.76192610982546,-2.03218971170813,3.729736398117329,2.10461047853044,114.88372093023256,113.4139534883721,623,24.263115139595534,0.7601351351351351,True
42000311,2021-06-20,2021,playoff,Reggie Jackson,LAC,39,19,0,5,24,28.15408175285663,0.631578947368421,0.631578947368421,5.76192610982546,-2.03218971170813,3.729736398117329,2.10461047853044,114.88372093023256,113.4139534883721,623,28.15408175285663,0.631578947368421,True
42000312,2021-06-22,2021,playoff,Reggie Jackson,LAC,39,15,2,2,19,22.327672327672328,0.5982367758186398,0.5666666666666667,5.76192610982546,-2.03218971170813,3.729736398117329,2.10461047853044,114.88372093023256,113.4139534883721,623,22.327672327672328,0.5982367758186398,True
42000313,2021-06-24,2021,playoff,Reggie Jackson,LAC,33,17,4,1,23,28.216346547748632,0.6130063965884861,0.6176470588235294,5.76192610982546,-2.03218971170813,3.729736398117329,2.10461047853044,114.88372093023256,113.4139534883721,623,28.216346547748632,0.6130063965884861,True
42000314,2021-06-26,2021,playoff,Reggie Jackson,LAC,40,24,2,4,20,32.364587224505044,0.4019292604501608,0.375,5.76192610982546,-2.03218971170813,3.729736398117329,2.10461047853044,114.88372093023256,113.4139534883721,623,32.364587224505044,0.4019292604501608,True
42000315,2021-06-28,2021,playoff,Reggie Jackson,LAC,38,14,4,1,23,21.166983724371168,0.7296954314720813,0.7142857142857143,5.76192610982546,-2.03218971170813,3.729736398117329,2.10461047853044,114.88372093023256,113.4139534883721,623,21.166983724371168,0.7296954314720813,True
42000316,2021-06-30,2021,playoff,Reggie Jackson,LAC,37,12,3,0,13,17.02413929560744,0.487987987987988,0.4166666666666667,5.76192610982546,-2.03218971170813,3.729736398117329,2.10461047853044,114.88372093023256,113.4139534883721,623,17.02413929560744,0.487987987987988,True
42000151,2021-05-23,2021,playoff,Andre Drummond,LAL,19,7,4,2,12,26.566807950290112,0.684931506849315,0.7142857142857143,-1.952527156754461,-0.3556591469449918,-2.308186303699453,0.1174033630073893,113.61666666666667,111.6375,104,26.566807950290112,0.684931506849315,False
42000152,2021-05-25,2021,playoff,Andre Drummond,LAL,24,11,1,2,15,26.82034976152623,0.6555944055944056,0.6363636363636364,-1.952527156754461,-0.3556591469449918,-2.308186303699453,0.1174033630073893,113.61666666666667,111.6375,104,26.82034976152623,0.6555944055944056,False
42000153,2021-05-27,2021,playoff,Andre Drummond,LAL,20,6,0,2,6,16.10738255033557,0.5,0.5,-1.952527156754461,-0.3556591469449918,-2.308186303699453,0.1174033630073893,113.61666666666667,111.6375,104,16.10738255033557,0.5,False
42000154,2021-05-30,2021,playoff,Andre Drummond,LAL,19,3,2,1,5,11.665766468623096,0.6443298969072165,0.6666666666666666,-1.952527156754461,-0.3556591469449918,-2.308186303699453,0.1174033630073893,113.61666666666667,111.6375,104,11.665766468623096,0.6443298969072165,False
42000155,2021-06-01,2021,playoff,Andre Drummond,LAL,22,5,3,4,7,20.61183049831897,0.5537974683544303,0.4,-1.952527156754461,-0.3556591469449918,-2.308186303699453,0.1174033630073893,113.61666666666667,111.6375,104,20.61183049831897,0.5537974683544303,False
42000151,2021-05-23,2021,playoff,Anthony Davis,LAL,39,16,5,0,13,21.892103205629397,0.3571428571428571,0.3125,0.3517233698390854,0.9736800270157144,1.3254033968548,0.3101050870514347,113.61666666666667,111.6375,138,21.892103205629397,0.3571428571428571,False
42000152,2021-05-25,2021,playoff,Anthony Davis,LAL,40,15,21,1,34,30.220786963434023,0.7013201320132013,0.5333333333333333,0.3517233698390854,0.9736800270157144,1.3254033968548,0.3101050870514347,113.61666666666667,111.6375,138,30.220786963434023,0.7013201320132013,False
42000153,2021-05-27,2021,playoff,Anthony Davis,LAL,40,22,14,5,34,33.382550335570464,0.6036931818181818,0.5,0.3517233698390854,0.9736800270157144,1.3254033968548,0.3101050870514347,113.61666666666667,111.6375,138,33.382550335570464,0.6036931818181818,False
42000154,2021-05-30,2021,playoff,Anthony Davis,LAL,19,9,2,0,6,23.618396047130368,0.3036437246963562,0.2222222222222222,0.3517233698390854,0.9736800270157144,1.3254033968548,0.3101050870514347,113.61666666666667,111.6375,138,23.618396047130368,0.3036437246963562,False
42000151,2021-05-23,2021,playoff,Kentavious Caldwell-Pope,LAL,35,9,2,0,7,13.24248855132358,0.3542510121457489,0.2777777777777778,-0.3038480499514949,0.490869426711961,0.1870213767604662,2.848528978243654,113.61666666666667,111.6375,146,13.24248855132358,0.3542510121457489,False
42000152,2021-05-25,2021,playoff,Kentavious Caldwell-Pope,LAL,31,4,0,0,0,6.179804092517565,0.0,0.0,-0.3038480499514949,0.490869426711961,0.1870213767604662,2.848528978243654,113.61666666666667,111.6375,146,6.179804092517565,0.0,False
42000153,2021-05-27,2021,playoff,Kentavious Caldwell-Pope,LAL,26,4,1,0,5,6.8766133195663395,0.563063063063063,0.5,-0.3038480499514949,0.490869426711961,0.1870213767604662,2.848528978243654,113.61666666666667,111.6375,146,6.8766133195663395,0.563063063063063,False
42000155,2021-06-01,2021,playoff,Kentavious Caldwell-Pope,LAL,15,1,0,1,0,5.85865983156353,0.0,0.0,-0.3038480499514949,0.490869426711961,0.1870213767604662,2.848528978243654,113.61666666666667,111.6375,146,5.85865983156353,0.0,False
42000156,2021-06-03,2021,playoff,Kentavious Caldwell-Pope,LAL,39,11,2,1,19,15.154568711309,0.7996632996632996,0.7727272727272727,-0.3038480499514949,0.490869426711961,0.1870213767604662,2.848528978243654,113.61666666666667,111.6375,146,15.154568711309,0.7996632996632996,False
42000151,2021-05-23,2021,playoff,LeBron James,LAL,36,13,6,5,18,26.896012509773264,0.5754475703324808,0.5769230769230769,5.288950015354199,0.3135650426660639,5.602515058020263,6.423911625070977,113.61666666666667,111.6375,224,26.896012509773264,0.5754475703324808,False
42000152,2021-05-25,2021,playoff,LeBron James,LAL,39,16,1,1,23,21.41698259345318,0.6995133819951338,0.6875,5.288950015354199,0.3135650426660639,5.602515058020263,6.423911625070977,113.61666666666667,111.6375,224,21.41698259345318,0.6995133819951338,False
42000153,2021-05-27,2021,playoff,LeBron James,LAL,38,19,3,7,21,28.95090074178735,0.5167322834645669,0.5,5.288950015354199,0.3135650426660639,5.602515058020263,6.423911625070977,113.61666666666667,111.6375,224,28.95090074178735,0.5167322834645669,False
42000154,2021-05-30,2021,playoff,LeBron James,LAL,38,21,7,6,25,35.95350977214987,0.5191029900332226,0.5,5.288950015354199,0.3135650426660639,5.602515058020263,6.423911625070977,113.61666666666667,111.6375,224,35.95350977214987,0.5191029900332226,False
42000155,2021-06-01,2021,playoff,LeBron James,LAL,32,19,0,3,24,30.20871475649945,0.631578947368421,0.631578947368421,5.288950015354199,0.3135650426660639,5.602515058020263,6.423911625070977,113.61666666666667,111.6375,224,30.20871475649945,0.631578947368421,False
42000156,2021-06-03,2021,playoff,LeBron James,LAL,41,26,6,3,29,35.41155053591664,0.5062849162011173,0.4807692307692308,5.288950015354199,0.3135650426660639,5.602515058020263,6.423911625070977,113.61666666666667,111.6375,224,35.41155053591664,0.5062849162011173,False
42000151,2021-05-23,2021,playoff,Wesley Matthews,LAL,12,4,0,0,2,15.637216575449573,0.25,0.25,-1.761384230472886,1.554323216135926,-0.20706101433696,1.463205929575711,113.61666666666667,111.6375,105,15.637216575449573,0.25,False
42000153,2021-05-27,2021,playoff,Wesley Matthews,LAL,18,5,2,0,8,13.154362416107384,0.6802721088435374,0.6,-1.761384230472886,1.554323216135926,-0.20706101433696,1.463205929575711,113.61666666666667,111.6375,105,13.154362416107384,0.6802721088435374,False
42000154,2021-05-30,2021,playoff,Wesley Matthews,LAL,25,5,0,0,6,9.083998479665526,0.6,0.6,-1.761384230472886,1.554323216135926,-0.20706101433696,1.463205929575711,113.61666666666667,111.6375,105,9.083998479665526,0.6,False
42000155,2021-06-01,2021,playoff,Wesley Matthews,LAL,22,5,2,0,5,11.743949935088716,0.4251700680272109,0.3,-1.761384230472886,1.554323216135926,-0.20706101433696,1.463205929575711,113.61666666666667,111.6375,105,11.743949935088716,0.4251700680272109,False
42000156,2021-06-03,2021,playoff,Wesley Matthews,LAL,28,12,2,0,12,21.108149276466108,0.4658385093167702,0.4166666666666667,-1.761384230472886,1.554323216135926,-0.20706101433696,1.463205929575711,113.61666666666667,111.6375,105,21.108149276466108,0.4658385093167702,False
42000141,2021-05-23,2021,playoff,De'Anthony Melton,MEM,13,4,0,1,0,15.613615072343084,0.0,0.0,0.2911070882823682,1.926363078007274,2.217470166289642,2.661085969062786,113.80869565217392,111.5695652173913,83,15.613615072343084,0.0,True
42000142,2021-05-26,2021,playoff,De'Anthony Melton,MEM,17,8,2,0,7,22.243560305598464,0.3941441441441441,0.4375,0.2911070882823682,1.926363078007274,2.217470166289642,2.661085969062786,113.80869565217392,111.5695652173913,83,22.243560305598464,0.3941441441441441,True
42000143,2021-05-29,2021,playoff,De'Anthony Melton,MEM,13,4,0,1,3,16.09800411467657,0.375,0.375,0.2911070882823682,1.926363078007274,2.217470166289642,2.661085969062786,113.80869565217392,111.5695652173913,83,16.09800411467657,0.375,True
42000144,2021-05-31,2021,playoff,De'Anthony Melton,MEM,23,9,2,0,15,18.77880731765265,0.7591093117408906,0.7222222222222222,0.2911070882823682,1.926363078007274,2.217470166289642,2.661085969062786,113.80869565217392,111.5695652173913,83,18.77880731765265,0.7591093117408906,True
42000145,2021-06-02,2021,playoff,De'Anthony Melton,MEM,17,6,1,1,6,18.441926345609065,0.4658385093167702,0.4166666666666667,0.2911070882823682,1.926363078007274,2.217470166289642,2.661085969062786,113.80869565217392,111.5695652173913,83,18.441926345609065,0.4658385093167702,True
42000141,2021-05-23,2021,playoff,Desmond Bane,MEM,18,4,0,1,8,11.276499774470006,1.0,1.0,1.935328048272712,-0.0055047466382958,1.929823301634417,0.2478875568539121,113.80869565217392,111.5695652173913,99,11.276499774470006,1.0,True
42000142,2021-05-26,2021,playoff,Desmond Bane,MEM,24,4,0,0,5,7.097232079489,0.625,0.625,1.935328048272712,-0.0055047466382958,1.929823301634417,0.2478875568539121,113.80869565217392,111.5695652173913,99,7.097232079489,0.625,True
42000143,2021-05-29,2021,playoff,Desmond Bane,MEM,16,2,0,0,3,5.231851337269886,0.75,0.75,1.935328048272712,-0.0055047466382958,1.929823301634417,0.2478875568539121,113.80869565217392,111.5695652173913,99,5.231851337269886,0.75,True
42000144,2021-05-31,2021,playoff,Desmond Bane,MEM,18,3,0,0,7,7.285974499089254,1.1666666666666667,1.1666666666666667,1.935328048272712,-0.0055047466382958,1.929823301634417,0.2478875568539121,113.80869565217392,111.5695652173913,99,7.285974499089254,1.1666666666666667,True
42000145,2021-06-02,2021,playoff,Desmond Bane,MEM,23,6,0,2,5,14.65697746027836,0.4166666666666667,0.4166666666666667,1.935328048272712,-0.0055047466382958,1.929823301634417,0.2478875568539121,113.80869565217392,111.5695652173913,99,14.65697746027836,0.4166666666666667,True
42000141,2021-05-23,2021,playoff,Grayson Allen,MEM,23,4,1,0,5,7.836677060657764,0.563063063063063,0.625,0.0881656983665573,0.2672208457583509,0.3553865441249082,2.001217878076609,113.80869565217392,111.5695652173913,116,7.836677060657764,0.563063063063063,True
42000142,2021-05-26,2021,playoff,Grayson Allen,MEM,19,6,0,0,0,13.447387097979158,0.0,0.0,0.0881656983665573,0.2672208457583509,0.3553865441249082,2.001217878076609,113.80869565217392,111.5695652173913,116,13.447387097979158,0.0,True
42000143,2021-05-29,2021,playoff,Grayson Allen,MEM,30,11,0,1,17,16.741924279263635,0.7727272727272727,0.7727272727272727,0.0881656983665573,0.2672208457583509,0.3553865441249082,2.001217878076609,113.80869565217392,111.5695652173913,116,16.741924279263635,0.7727272727272727,True
42000144,2021-05-31,2021,playoff,Grayson Allen,MEM,29,8,0,0,8,12.059543998492558,0.5,0.5,0.0881656983665573,0.2672208457583509,0.3553865441249082,2.001217878076609,113.80869565217392,111.5695652173913,116,12.059543998492558,0.5,True
42000145,2021-06-02,2021,playoff,Grayson Allen,MEM,15,4,0,0,2,11.237016052880076,0.25,0.25,0.0881656983665573,0.2672208457583509,0.3553865441249082,2.001217878076609,113.80869565217392,111.5695652173913,116,11.237016052880076,0.25,True
42000141,2021-05-23,2021,playoff,Ja Morant,MEM,36,21,4,1,26,26.792963464140733,0.5711775043936731,0.5238095238095238,5.269183400687224,-10.84468702857159,-5.575503627884363,-0.3004051093047323,113.80869565217392,111.5695652173913,202,26.792963464140733,0.5711775043936731,True
42000142,2021-05-26,2021,playoff,Ja Morant,MEM,43,26,20,4,47,38.42408437453579,0.6752873563218391,0.6153846153846154,5.269183400687224,-10.84468702857159,-5.575503627884363,-0.3004051093047323,113.80869565217392,111.5695652173913,202,38.42408437453579,0.6752873563218391,True
42000143,2021-05-29,2021,playoff,Ja Morant,MEM,40,23,8,4,28,31.93522056269538,0.5279034690799397,0.4782608695652174,5.269183400687224,-10.84468702857159,-5.575503627884363,-0.3004051093047323,113.80869565217392,111.5695652173913,202,31.93522056269538,0.5279034690799397,True
42000144,2021-05-31,2021,playoff,Ja Morant,MEM,43,21,8,3,23,27.97814207650274,0.4690048939641109,0.4047619047619047,5.269183400687224,-10.84468702857159,-5.575503627884363,-0.3004051093047323,113.80869565217392,111.5695652173913,202,27.97814207650274,0.4690048939641109,True
42000145,2021-06-02,2021,playoff,Ja Morant,MEM,40,22,0,5,27,28.44369688385269,0.6136363636363636,0.6136363636363636,5.269183400687224,-10.84468702857159,-5.575503627884363,-0.3004051093047323,113.80869565217392,111.5695652173913,202,28.44369688385269,0.6136363636363636,True
42000141,2021-05-23,2021,playoff,Jonas Valanciunas,MEM,39,14,2,2,15,17.57052149474342,0.5040322580645161,0.5,2.067575011677367,0.7935936155607592,2.861168627238126,5.027613321520308,113.80869565217392,111.5695652173913,166,17.57052149474342,0.5040322580645161,True
42000142,2021-05-26,2021,playoff,Jonas Valanciunas,MEM,30,12,4,2,18,22.370475514549327,0.6540697674418605,0.5833333333333334,2.067575011677367,0.7935936155607592,2.861168627238126,5.027613321520308,113.80869565217392,111.5695652173913,166,22.370475514549327,0.6540697674418605,True
42000143,2021-05-29,2021,playoff,Jonas Valanciunas,MEM,35,9,0,0,10,10.76266560809805,0.5555555555555556,0.5555555555555556,2.067575011677367,0.7935936155607592,2.861168627238126,5.027613321520308,113.80869565217392,111.5695652173913,166,10.76266560809805,0.5555555555555556,True
42000144,2021-05-31,2021,playoff,Jonas Valanciunas,MEM,35,10,2,2,14,16.08743169398907,0.6433823529411764,0.6,2.067575011677367,0.7935936155607592,2.861168627238126,5.027613321520308,113.80869565217392,111.5695652173913,166,16.08743169398907,0.6433823529411764,True
42000145,2021-06-02,2021,playoff,Jonas Valanciunas,MEM,27,13,0,4,18,26.53184345818907,0.6923076923076923,0.6923076923076923,2.067575011677367,0.7935936155607592,2.861168627238126,5.027613321520308,113.80869565217392,111.5695652173913,166,26.53184345818907,0.6923076923076923,True
42000121,2021-05-22,2021,playoff,Jimmy Butler,MIA,46,22,10,6,17,30.01804019186932,0.3219696969696969,0.2272727272727272,4.451114859371195,2.787548055161493,7.238662914532688,8.870778512618049,111.66338028169017,109.52957746478874,154,30.01804019186932,0.3219696969696969,False
42000122,2021-05-24,2021,playoff,Jimmy Butler,MIA,32,10,4,1,10,17.73039667896679,0.4251700680272109,0.4,4.451114859371195,2.787548055161493,7.238662914532688,8.870778512618049,111.66338028169017,109.52957746478874,154,17.73039667896679,0.4251700680272109,False
42000123,2021-05-27,2021,playoff,Jimmy Butler,MIA,38,17,4,2,19,24.70099767011171,0.5063965884861407,0.4705882352941176,4.451114859371195,2.787548055161493,7.238662914532688,8.870778512618049,111.66338028169017,109.52957746478874,154,24.70099767011171,0.5063965884861407,False
42000124,2021-05-29,2021,playoff,Jimmy Butler,MIA,38,15,4,0,12,19.313224431544235,0.3579952267303102,0.2666666666666666,4.451114859371195,2.787548055161493,7.238662914532688,8.870778512618049,111.66338028169017,109.52957746478874,154,19.313224431544235,0.3579952267303102,False
42000121,2021-05-22,2021,playoff,Trevor Ariza,MIA,38,8,0,1,8,10.093785444634422,0.5,0.5,-7.448770543945932,4.395728188234874,-3.053042355711058,-0.0155871367851184,111.66338028169017,109.52957746478874,95,10.093785444634422,0.5,False
42000122,2021-05-24,2021,playoff,Trevor Ariza,MIA,19,3,0,1,0,9.361040978830845,0.0,0.0,-7.448770543945932,4.395728188234874,-3.053042355711058,-0.0155871367851184,111.66338028169017,109.52957746478874,95,9.361040978830845,0.0,False
42000123,2021-05-27,2021,playoff,Trevor Ariza,MIA,18,4,0,1,0,12.559381174591165,0.0,0.0,-7.448770543945932,4.395728188234874,-3.053042355711058,-0.0155871367851184,111.66338028169017,109.52957746478874,95,12.559381174591165,0.0,False
42000124,2021-05-29,2021,playoff,Trevor Ariza,MIA,20,8,0,0,11,17.515573470135582,0.6875,0.6875,-7.448770543945932,4.395728188234874,-3.053042355711058,-0.0155871367851184,111.66338028169017,109.52957746478874,95,17.515573470135582,0.6875,False
42000121,2021-05-22,2021,playoff,Tyler Herro,MIA,19,10,4,1,10,28.62148939411894,0.4251700680272109,0.3,-0.0661483708628649,-0.7424837337244069,-0.8086321045872717,1.616666224980816,111.66338028169017,109.52957746478874,93,28.62148939411894,0.4251700680272109,False
42000122,2021-05-24,2021,playoff,Tyler Herro,MIA,18,5,1,0,4,13.43829438294383,0.3676470588235294,0.3,-0.0661483708628649,-0.7424837337244069,-0.8086321045872717,1.616666224980816,111.66338028169017,109.52957746478874,93,13.43829438294383,0.3676470588235294,False
42000123,2021-05-27,2021,playoff,Tyler Herro,MIA,25,10,0,1,9,19.8940597805524,0.45,0.45,-0.0661483708628649,-0.7424837337244069,-0.8086321045872717,1.616666224980816,111.66338028169017,109.52957746478874,93,19.8940597805524,0.45,False
42000124,2021-05-29,2021,playoff,Tyler Herro,MIA,31,13,2,1,14,21.018688164162697,0.5043227665706052,0.4615384615384615,-0.0661483708628649,-0.7424837337244069,-0.8086321045872717,1.616666224980816,111.66338028169017,109.52957746478874,93,21.018688164162697,0.5043227665706052,False
42000121,2021-05-22,2021,playoff,Donte DiVincenzo,MIL,37,5,0,3,3,8.952490759266167,0.3,0.3,0.640610003104752,0.2405721847238116,0.8811821878285637,3.388731033088064,111.47678571428573,109.51428571428572,69,8.952490759266167,0.3,False
42000122,2021-05-24,2021,playoff,Donte DiVincenzo,MIL,23,7,0,3,5,17.716099505425557,0.3571428571428571,0.3571428571428571,0.640610003104752,0.2405721847238116,0.8811821878285637,3.388731033088064,111.47678571428573,109.51428571428572,69,17.716099505425557,0.3571428571428571,False
42000123,2021-05-27,2021,playoff,Donte DiVincenzo,MIL,9,4,0,0,0,18.9818124056866,0.0,0.0,0.640610003104752,0.2405721847238116,0.8811821878285637,3.388731033088064,111.47678571428573,109.51428571428572,69,18.9818124056866,0.0,False
42000121,2021-05-22,2021,playoff,Giannis Antetokounmpo,MIL,45,27,13,5,26,34.706817231283985,0.3973105134474328,0.3703703703703703,3.343624325163801,3.236280509256716,6.579904834420518,3.948106789201526,111.47678571428573,109.51428571428572,799,34.706817231283985,0.3973105134474328,False
42000122,2021-05-24,2021,playoff,Giannis Antetokounmpo,MIL,31,23,7,2,31,36.908921627690454,0.5943251533742332,0.5434782608695652,3.343624325163801,3.236280509256716,6.579904834420518,3.948106789201526,111.47678571428573,109.51428571428572,799,36.908921627690454,0.5943251533742332,False
42000123,2021-05-27,2021,playoff,Giannis Antetokounmpo,MIL,33,12,7,3,17,23.399397838282752,0.5636604774535809,0.5,3.343624325163801,3.236280509256716,6.579904834420518,3.948106789201526,111.47678571428573,109.51428571428572,799,23.399397838282752,0.5636604774535809,False
42000124,2021-05-29,2021,playoff,Giannis Antetokounmpo,MIL,36,18,6,2,20,25.492612694105233,0.4844961240310077,0.4444444444444444,3.343624325163801,3.236280509256716,6.579904834420518,3.948106789201526,111.47678571428573,109.51428571428572,799,25.492612694105233,0.4844961240310077,False
42000211,2021-06-05,2021,playoff,Giannis Antetokounmpo,MIL,35,24,3,5,34,33.84806373911432,0.6714060031595577,0.7083333333333334,3.343624325163801,3.236280509256716,6.579904834420518,3.948106789201526,111.47678571428573,109.51428571428572,799,33.84806373911432,0.6714060031595577,False
42000212,2021-06-07,2021,playoff,Giannis Antetokounmpo,MIL,31,15,7,3,18,31.52751058099269,0.4977876106194691,0.5333333333333333,3.343624325163801,3.236280509256716,6.579904834420518,3.948106789201526,111.47678571428573,109.51428571428572,799,31.52751058099269,0.4977876106194691,False
42000213,2021-06-10,2021,playoff,Giannis Antetokounmpo,MIL,43,31,9,5,33,41.33662983852276,0.4719679633867277,0.4677419354838709,3.343624325163801,3.236280509256716,6.579904834420518,3.948106789201526,111.47678571428573,109.51428571428572,799,41.33662983852276,0.4719679633867277,False
42000214,2021-06-13,2021,playoff,Giannis Antetokounmpo,MIL,38,26,10,5,34,41.27031733746131,0.5592105263157895,0.5576923076923077,3.343624325163801,3.236280509256716,6.579904834420518,3.948106789201526,111.47678571428573,109.51428571428572,799,41.27031733746131,0.5592105263157895,False
42000215,2021-06-15,2021,playoff,Giannis Antetokounmpo,MIL,42,22,7,4,34,32.29489610051671,0.6778309409888358,0.6818181818181818,3.343624325163801,3.236280509256716,6.579904834420518,3.948106789201526,111.47678571428573,109.51428571428572,799,32.29489610051671,0.6778309409888358,False
42000216,2021-06-17,2021,playoff,Giannis Antetokounmpo,MIL,41,20,10,3,30,29.89009390652982,0.6147540983606558,0.6,3.343624325163801,3.236280509256716,6.579904834420518,3.948106789201526,111.47678571428573,109.51428571428572,799,29.89009390652982,0.6147540983606558,False
42000217,2021-06-19,2021,playoff,Giannis Antetokounmpo,MIL,50,24,14,3,40,30.535994397759104,0.6631299734748011,0.6666666666666666,3.343624325163801,3.236280509256716,6.579904834420518,3.948106789201526,111.47678571428573,109.51428571428572,799,30.535994397759104,0.6631299734748011,False
42000301,2021-06-23,2021,playoff,Giannis Antetokounmpo,MIL,41,25,8,3,34,31.900154538735475,0.5960729312762973,0.56,3.343624325163801,3.236280509256716,6.579904834420518,3.948106789201526,111.47678571428573,109.51428571428572,799,31.900154538735475,0.5960729312762973,False
42000302,2021-06-25,2021,playoff,Giannis Antetokounmpo,MIL,29,18,4,1,25,28.98865375851552,0.6325910931174089,0.6111111111111112,3.343624325163801,3.236280509256716,6.579904834420518,3.948106789201526,111.47678571428573,109.51428571428572,799,28.98865375851552,0.6325910931174089,False
42000303,2021-06-27,2021,playoff,Giannis Antetokounmpo,MIL,41,21,13,4,33,33.226975285273916,0.6175149700598803,0.6428571428571429,3.343624325163801,3.236280509256716,6.579904834420518,3.948106789201526,111.47678571428573,109.51428571428572,799,33.226975285273916,0.6175149700598803,False
42000304,2021-06-29,2021,playoff,Giannis Antetokounmpo,MIL,24,10,3,2,14,24.50353949329359,0.6183745583038869,0.7,3.343624325163801,3.236280509256716,6.579904834420518,3.948106789201526,111.47678571428573,109.51428571428572,799,24.50353949329359,0.6183745583038869,False
42000401,2021-07-06,2021,playoff,Giannis Antetokounmpo,MIL,35,11,12,3,20,24.473475432379544,0.6142506142506142,0.5909090909090909,3.343624325163801,3.236280509256716,6.579904834420518,3.948106789201526,111.47678571428573,109.51428571428572,799,24.473475432379544,0.6142506142506142,False
42000402,2021-07-08,2021,playoff,Giannis Antetokounmpo,MIL,40,22,18,3,42,35.23367820192651,0.7018716577540106,0.7045454545454546,3.343624325163801,3.236280509256716,6.579904834420518,3.948106789201526,111.47678571428573,109.51428571428572,799,35.23367820192651,0.7018716577540106,False
42000403,2021-07-11,2021,playoff,Giannis Antetokounmpo,MIL,38,23,17,1,41,36.005261251644136,0.6725721784776902,0.6086956521739131,3.343624325163801,3.236280509256716,6.579904834420518,3.948106789201526,111.47678571428573,109.51428571428572,799,36.005261251644136,0.6725721784776902,False
42000404,2021-07-14,2021,playoff,Giannis Antetokounmpo,MIL,43,19,8,1,26,22.878079227021814,0.5772646536412078,0.5789473684210527,3.343624325163801,3.236280509256716,6.579904834420518,3.948106789201526,111.47678571428573,109.51428571428572,799,22.878079227021814,0.5772646536412078,False
42000405,2021-07-17,2021,playoff,Giannis Antetokounmpo,MIL,41,23,11,0,32,30.89985848663947,0.5747126436781609,0.6086956521739131,3.343624325163801,3.236280509256716,6.579904834420518,3.948106789201526,111.47678571428573,109.51428571428572,799,30.89985848663947,0.5747126436781609,False
42000406,2021-07-20,2021,playoff,Giannis Antetokounmpo,MIL,42,25,19,6,50,39.892565752799875,0.749400479616307,0.66,3.343624325163801,3.236280509256716,6.579904834420518,3.948106789201526,111.47678571428573,109.51428571428572,799,39.892565752799875,0.749400479616307,False
42000121,2021-05-22,2021,playoff,Jrue Holiday,MIL,42,18,4,5,20,24.409392364222978,0.5060728744939271,0.5,3.154556615620402,1.073466343627318,4.228022959247721,6.812359652198925,111.47678571428573,109.51428571428572,912,24.409392364222978,0.5060728744939271,False
42000122,2021-05-24,2021,playoff,Jrue Holiday,MIL,31,12,0,2,11,18.401884002409773,0.4583333333333333,0.4583333333333333,3.154556615620402,1.073466343627318,4.228022959247721,6.812359652198925,111.47678571428573,109.51428571428572,912,18.401884002409773,0.4583333333333333,False
42000123,2021-05-27,2021,playoff,Jrue Holiday,MIL,34,10,4,2,19,17.284615061178147,0.8078231292517007,0.8,3.154556615620402,1.073466343627318,4.228022959247721,6.812359652198925,111.47678571428573,109.51428571428572,912,17.284615061178147,0.8078231292517007,False
42000124,2021-05-29,2021,playoff,Jrue Holiday,MIL,38,12,4,3,11,17.878490323502103,0.3997093023255814,0.3333333333333333,3.154556615620402,1.073466343627318,4.228022959247721,6.812359652198925,111.47678571428573,109.51428571428572,912,17.878490323502103,0.3997093023255814,False
42000211,2021-06-05,2021,playoff,Jrue Holiday,MIL,37,19,3,3,17,24.626318925929823,0.4183070866141732,0.4210526315789473,3.154556615620402,1.073466343627318,4.228022959247721,6.812359652198925,111.47678571428573,109.51428571428572,912,24.626318925929823,0.4183070866141732,False
42000212,2021-06-07,2021,playoff,Jrue Holiday,MIL,34,10,0,1,13,15.000113165697217,0.65,0.65,3.154556615620402,1.073466343627318,4.228022959247721,6.812359652198925,111.47678571428573,109.51428571428572,912,15.000113165697217,0.65,False
42000213,2021-06-10,2021,playoff,Jrue Holiday,MIL,46,14,0,2,9,15.471776846903238,0.3214285714285714,0.3214285714285714,3.154556615620402,1.073466343627318,4.228022959247721,6.812359652198925,111.47678571428573,109.51428571428572,912,15.471776846903238,0.3214285714285714,False
42000214,2021-06-13,2021,playoff,Jrue Holiday,MIL,37,16,0,1,14,20.35472972972973,0.4375,0.4375,3.154556615620402,1.073466343627318,4.228022959247721,6.812359652198925,111.47678571428573,109.51428571428572,912,20.35472972972973,0.4375,False
42000215,2021-06-15,2021,playoff,Jrue Holiday,MIL,34,16,2,3,19,27.27258116361298,0.5627962085308057,0.53125,3.154556615620402,1.073466343627318,4.228022959247721,6.812359652198925,111.47678571428573,109.51428571428572,912,27.27258116361298,0.5627962085308057,False
42000216,2021-06-17,2021,playoff,Jrue Holiday,MIL,43,21,4,1,21,24.71374459343498,0.461335676625659,0.4047619047619047,3.154556615620402,1.073466343627318,4.228022959247721,6.812359652198925,111.47678571428573,109.51428571428572,912,24.71374459343498,0.461335676625659,False
42000217,2021-06-19,2021,playoff,Jrue Holiday,MIL,48,23,2,1,13,23.865838001867413,0.2721943048576214,0.2608695652173913,3.154556615620402,1.073466343627318,4.228022959247721,6.812359652198925,111.47678571428573,109.51428571428572,912,23.865838001867413,0.2721943048576214,False
42000301,2021-06-23,2021,playoff,Jrue Holiday,MIL,42,25,0,3,33,27.66299357208448,0.66,0.66,3.154556615620402,1.073466343627318,4.228022959247721,6.812359652198925,111.47678571428573,109.51428571428572,912,27.66299357208448,0.66,False
42000302,2021-06-25,2021,playoff,Jrue Holiday,MIL,32,14,3,3,22,23.183242968485256,0.7180156657963447,0.75,3.154556615620402,1.073466343627318,4.228022959247721,6.812359652198925,111.47678571428573,109.51428571428572,912,23.183242968485256,0.7180156657963447,False
42000303,2021-06-27,2021,playoff,Jrue Holiday,MIL,42,11,4,1,6,14.528560870024284,0.2351097178683385,0.1818181818181818,3.154556615620402,1.073466343627318,4.228022959247721,6.812359652198925,111.47678571428573,109.51428571428572,912,14.528560870024284,0.2351097178683385,False
42000304,2021-06-29,2021,playoff,Jrue Holiday,MIL,38,17,6,4,19,27.46627186445996,0.4837067209775967,0.4117647058823529,3.154556615620402,1.073466343627318,4.228022959247721,6.812359652198925,111.47678571428573,109.51428571428572,912,27.46627186445996,0.4837067209775967,False
42000305,2021-07-01,2021,playoff,Jrue Holiday,MIL,42,20,5,2,25,24.462823725981615,0.5630630630630631,0.525,3.154556615620402,1.073466343627318,4.228022959247721,6.812359652198925,111.47678571428573,109.51428571428572,912,24.462823725981615,0.5630630630630631,False
42000306,2021-07-03,2021,playoff,Jrue Holiday,MIL,42,23,3,6,27,30.743983979906996,0.5550986842105263,0.5652173913043478,3.154556615620402,1.073466343627318,4.228022959247721,6.812359652198925,111.47678571428573,109.51428571428572,912,30.743983979906996,0.5550986842105263,False
42000401,2021-07-06,2021,playoff,Jrue Holiday,MIL,40,14,2,3,10,19.85931136616068,0.336021505376344,0.2857142857142857,3.154556615620402,1.073466343627318,4.228022959247721,6.812359652198925,111.47678571428573,109.51428571428572,912,19.85931136616068,0.336021505376344,False
42000402,2021-07-08,2021,playoff,Jrue Holiday,MIL,39,21,3,1,17,25.598946184033593,0.3808243727598566,0.3571428571428571,3.154556615620402,1.073466343627318,4.228022959247721,6.812359652198925,111.47678571428573,109.51428571428572,912,25.598946184033593,0.3808243727598566,False
42000403,2021-07-11,2021,playoff,Jrue Holiday,MIL,40,14,0,3,21,18.471568272365083,0.75,0.75,3.154556615620402,1.073466343627318,4.228022959247721,6.812359652198925,111.47678571428573,109.51428571428572,912,18.471568272365083,0.75,False
42000404,2021-07-14,2021,playoff,Jrue Holiday,MIL,43,20,5,1,13,22.566812842980696,0.2927927927927928,0.2,3.154556615620402,1.073466343627318,4.228022959247721,6.812359652198925,111.47678571428573,109.51428571428572,912,22.566812842980696,0.2927927927927928,False
42000405,2021-07-17,2021,playoff,Jrue Holiday,MIL,42,20,0,2,27,23.836610867327593,0.675,0.675,3.154556615620402,1.073466343627318,4.228022959247721,6.812359652198925,111.47678571428573,109.51428571428572,912,23.836610867327593,0.675,False
42000406,2021-07-20,2021,playoff,Jrue Holiday,MIL,46,19,2,3,12,21.173095608988696,0.3018108651911469,0.2631578947368421,3.154556615620402,1.073466343627318,4.228022959247721,6.812359652198925,111.47678571428573,109.51428571428572,912,21.173095608988696,0.3018108651911469,False
42000123,2021-05-27,2021,playoff,P.J. Tucker,MIL,23,4,0,2,5,11.141498585946485,0.625,0.625,-1.757716584347701,-1.066663348251716,-2.824379932599417,-0.0149656452141185,111.47678571428573,109.51428571428572,678,11.141498585946485,0.625,False
42000124,2021-05-29,2021,playoff,P.J. Tucker,MIL,24,5,0,0,4,8.444990954319314,0.4,0.4,-1.757716584347701,-1.066663348251716,-2.824379932599417,-0.0149656452141185,111.47678571428573,109.51428571428572,678,8.444990954319314,0.4,False
42000211,2021-06-05,2021,playoff,P.J. Tucker,MIL,28,5,2,1,7,9.60070409486752,0.5952380952380952,0.5,-1.757716584347701,-1.066663348251716,-2.824379932599417,-0.0149656452141185,111.47678571428573,109.51428571428572,678,9.60070409486752,0.5952380952380952,False
42000212,2021-06-07,2021,playoff,P.J. Tucker,MIL,22,2,0,1,2,6.322361747525274,0.5,0.5,-1.757716584347701,-1.066663348251716,-2.824379932599417,-0.0149656452141185,111.47678571428573,109.51428571428572,678,6.322361747525274,0.5,False
42000213,2021-06-10,2021,playoff,P.J. Tucker,MIL,33,4,0,0,0,5.391679810284462,0.0,0.0,-1.757716584347701,-1.066663348251716,-2.824379932599417,-0.0149656452141185,111.47678571428573,109.51428571428572,678,5.391679810284462,0.0,False
42000214,2021-06-13,2021,playoff,P.J. Tucker,MIL,29,8,0,0,13,12.2210953346856,0.8125,0.8125,-1.757716584347701,-1.066663348251716,-2.824379932599417,-0.0149656452141185,111.47678571428573,109.51428571428572,678,12.2210953346856,0.8125,False
42000216,2021-06-17,2021,playoff,P.J. Tucker,MIL,34,6,0,1,3,9.208305014141327,0.25,0.25,-1.757716584347701,-1.066663348251716,-2.824379932599417,-0.0149656452141185,111.47678571428573,109.51428571428572,678,9.208305014141327,0.25,False
42000217,2021-06-19,2021,playoff,P.J. Tucker,MIL,38,9,0,0,11,10.905019902697925,0.6111111111111112,0.6111111111111112,-1.757716584347701,-1.066663348251716,-2.824379932599417,-0.0149656452141185,111.47678571428573,109.51428571428572,678,10.905019902697925,0.6111111111111112,False
42000304,2021-06-29,2021,playoff,P.J. Tucker,MIL,27,7,0,0,8,11.446431528398742,0.5714285714285714,0.5714285714285714,-1.757716584347701,-1.066663348251716,-2.824379932599417,-0.0149656452141185,111.47678571428573,109.51428571428572,678,11.446431528398742,0.5714285714285714,False
42000305,2021-07-01,2021,playoff,P.J. Tucker,MIL,38,5,0,2,5,7.820867959372115,0.5,0.5,-1.757716584347701,-1.066663348251716,-2.824379932599417,-0.0149656452141185,111.47678571428573,109.51428571428572,678,7.820867959372115,0.5,False
42000306,2021-07-03,2021,playoff,P.J. Tucker,MIL,32,10,0,0,5,13.308535281539555,0.25,0.25,-1.757716584347701,-1.066663348251716,-2.824379932599417,-0.0149656452141185,111.47678571428573,109.51428571428572,678,13.308535281539555,0.25,False
42000401,2021-07-06,2021,playoff,P.J. Tucker,MIL,33,6,0,0,7,8.07781629699438,0.5833333333333334,0.5833333333333334,-1.757716584347701,-1.066663348251716,-2.824379932599417,-0.0149656452141185,111.47678571428573,109.51428571428572,678,8.07781629699438,0.5833333333333334,False
42000402,2021-07-08,2021,playoff,P.J. Tucker,MIL,35,5,0,1,7,7.339075480352683,0.7,0.7,-1.757716584347701,-1.066663348251716,-2.824379932599417,-0.0149656452141185,111.47678571428573,109.51428571428572,678,7.339075480352683,0.7,False
42000403,2021-07-11,2021,playoff,P.J. Tucker,MIL,30,5,0,0,7,7.243752263672583,0.7,0.7,-1.757716584347701,-1.066663348251716,-2.824379932599417,-0.0149656452141185,111.47678571428573,109.51428571428572,678,7.243752263672583,0.7,False
42000405,2021-07-17,2021,playoff,P.J. Tucker,MIL,24,2,0,1,3,5.688282138794084,0.75,0.75,-1.757716584347701,-1.066663348251716,-2.824379932599417,-0.0149656452141185,111.47678571428573,109.51428571428572,678,5.688282138794084,0.75,False
42000131,2021-05-23,2021,playoff,Derrick Rose,NYK,38,16,0,5,17,23.86813808715337,0.53125,0.53125,-0.2377539136071078,-0.0410931899689183,-0.278847103576026,0.4291099527051221,115.77931034482758,112.90344827586206,176,23.86813808715337,0.53125,True
42000132,2021-05-26,2021,playoff,Derrick Rose,NYK,39,21,6,1,26,26.684641448048392,0.5499153976311336,0.4761904761904761,-0.2377539136071078,-0.0410931899689183,-0.278847103576026,0.4291099527051221,115.77931034482758,112.90344827586206,176,26.684641448048392,0.5499153976311336,True
42000133,2021-05-28,2021,playoff,Derrick Rose,NYK,39,21,1,2,30,27.42322316466803,0.6996268656716418,0.6904761904761905,-0.2377539136071078,-0.0410931899689183,-0.278847103576026,0.4291099527051221,115.77931034482758,112.90344827586206,176,27.42322316466803,0.6996268656716418,True
42000134,2021-05-30,2021,playoff,Derrick Rose,NYK,33,15,2,0,18,23.26275136502863,0.5667506297229219,0.5333333333333333,-0.2377539136071078,-0.0410931899689183,-0.278847103576026,0.4291099527051221,115.77931034482758,112.90344827586206,176,23.26275136502863,0.5667506297229219,True
42000135,2021-06-02,2021,playoff,Derrick Rose,NYK,27,11,0,0,6,18.46257133266197,0.2727272727272727,0.2727272727272727,-0.2377539136071078,-0.0410931899689183,-0.278847103576026,0.4291099527051221,115.77931034482758,112.90344827586206,176,18.46257133266197,0.2727272727272727,True
42000131,2021-05-23,2021,playoff,Immanuel Quickley,NYK,21,7,0,2,10,18.5099846390169,0.7142857142857143,0.7142857142857143,-4.012248213654741,-2.549794638957615,-6.562042852612356,-0.1570693787602495,115.77931034482758,112.90344827586206,77,18.5099846390169,0.7142857142857143,True
42000132,2021-05-26,2021,playoff,Immanuel Quickley,NYK,15,9,0,1,4,28.15749503446664,0.2222222222222222,0.2222222222222222,-4.012248213654741,-2.549794638957615,-6.562042852612356,-0.1570693787602495,115.77931034482758,112.90344827586206,77,28.15749503446664,0.2222222222222222,True
42000133,2021-05-28,2021,playoff,Immanuel Quickley,NYK,15,8,1,0,4,25.673003802281368,0.2369668246445497,0.25,-4.012248213654741,-2.549794638957615,-6.562042852612356,-0.1570693787602495,115.77931034482758,112.90344827586206,77,25.673003802281368,0.2369668246445497,True
42000134,2021-05-30,2021,playoff,Immanuel Quickley,NYK,13,3,0,0,0,11.1558437567227,0.0,0.0,-4.012248213654741,-2.549794638957615,-6.562042852612356,-0.1570693787602495,115.77931034482758,112.90344827586206,77,11.1558437567227,0.0,True
42000135,2021-06-02,2021,playoff,Immanuel Quickley,NYK,13,6,6,3,11,40.57634208691611,0.6365740740740741,0.5,-4.012248213654741,-2.549794638957615,-6.562042852612356,-0.1570693787602495,115.77931034482758,112.90344827586206,77,40.57634208691611,0.6365740740740741,True
42000131,2021-05-23,2021,playoff,Julius Randle,NYK,36,23,2,3,15,32.24850657108721,0.314070351758794,0.3043478260869565,-6.952185814311725,0.3151814405422489,-6.637004373769476,-0.366528880747491,115.77931034482758,112.90344827586206,180,32.24850657108721,0.314070351758794,True
42000132,2021-05-26,2021,playoff,Julius Randle,NYK,36,16,4,4,15,25.529462164583094,0.4222972972972972,0.375,-6.952185814311725,0.3151814405422489,-6.637004373769476,-0.366528880747491,115.77931034482758,112.90344827586206,180,25.529462164583094,0.4222972972972972,True
42000133,2021-05-28,2021,playoff,Julius Randle,NYK,35,15,8,3,14,28.05431830526888,0.3779697624190065,0.2,-6.952185814311725,0.3151814405422489,-6.637004373769476,-0.366528880747491,115.77931034482758,112.90344827586206,180,28.05431830526888,0.3779697624190065,True
42000134,2021-05-30,2021,playoff,Julius Randle,NYK,36,19,9,5,23,37.545611932347846,0.5008710801393728,0.4210526315789473,-6.952185814311725,0.3151814405422489,-6.637004373769476,-0.366528880747491,115.77931034482758,112.90344827586206,180,37.545611932347846,0.5008710801393728,True
42000135,2021-06-02,2021,playoff,Julius Randle,NYK,37,21,4,8,23,37.67453253858088,0.5052724077328646,0.4523809523809524,-6.952185814311725,0.3151814405422489,-6.637004373769476,-0.366528880747491,115.77931034482758,112.90344827586206,180,37.67453253858088,0.5052724077328646,True
42000131,2021-05-23,2021,playoff,Obi Toppin,NYK,12,3,0,0,5,10.797491039426529,0.8333333333333334,0.8333333333333334,-2.733460276269303,2.401293915991418,-0.3321663602778853,0.0822446130078399,115.77931034482758,112.90344827586206,66,10.797491039426529,0.8333333333333334,True
42000132,2021-05-26,2021,playoff,Obi Toppin,NYK,12,4,4,2,8,27.312770183432644,0.6944444444444444,0.625,-2.733460276269303,2.401293915991418,-0.3321663602778853,0.0822446130078399,115.77931034482758,112.90344827586206,66,27.312770183432644,0.6944444444444444,True
42000133,2021-05-28,2021,playoff,Obi Toppin,NYK,13,4,0,0,4,14.03919274641708,0.5,0.5,-2.733460276269303,2.401293915991418,-0.3321663602778853,0.0822446130078399,115.77931034482758,112.90344827586206,66,14.03919274641708,0.5,True
42000134,2021-05-30,2021,playoff,Obi Toppin,NYK,19,8,2,1,13,25.137834598481817,0.7319819819819819,0.6875,-2.733460276269303,2.401293915991418,-0.3321663602778853,0.0822446130078399,115.77931034482758,112.90344827586206,66,25.137834598481817,0.7319819819819819,True
42000135,2021-06-02,2021,playoff,Obi Toppin,NYK,10,4,0,0,2,18.12688821752266,0.25,0.25,-2.733460276269303,2.401293915991418,-0.3321663602778853,0.0822446130078399,115.77931034482758,112.90344827586206,66,18.12688821752266,0.25,True
42000131,2021-05-23,2021,playoff,RJ Barrett,NYK,32,15,2,0,14,21.43301971326165,0.4408060453400503,0.4333333333333333,0.1537332687721674,-0.3621856133422399,-0.2084523445700725,3.269867150016438,115.77931034482758,112.90344827586206,163,21.43301971326165,0.4408060453400503,True
42000132,2021-05-26,2021,playoff,RJ Barrett,NYK,26,14,1,0,13,23.457359324867213,0.4501385041551247,0.4285714285714285,0.1537332687721674,-0.3621856133422399,-0.2084523445700725,3.269867150016438,115.77931034482758,112.90344827586206,163,23.457359324867213,0.4501385041551247,True
42000133,2021-05-28,2021,playoff,RJ Barrett,NYK,29,9,2,1,7,17.118132948734758,0.3542510121457489,0.2777777777777778,0.1537332687721674,-0.3621856133422399,-0.2084523445700725,3.269867150016438,115.77931034482758,112.90344827586206,163,17.118132948734758,0.3542510121457489,True
42000134,2021-05-30,2021,playoff,RJ Barrett,NYK,36,15,4,0,21,22.505881830692054,0.6264916467780429,0.6,0.1537332687721674,-0.3621856133422399,-0.2084523445700725,3.269867150016438,115.77931034482758,112.90344827586206,163,22.505881830692054,0.6264916467780429,True
42000135,2021-06-02,2021,playoff,RJ Barrett,NYK,40,14,6,1,17,19.98489425981873,0.5108173076923077,0.4285714285714285,0.1537332687721674,-0.3621856133422399,-0.2084523445700725,3.269867150016438,115.77931034482758,112.90344827586206,163,19.98489425981873,0.5108173076923077,True
42000101,2021-05-23,2021,playoff,Furkan Korkmaz,PHI,5,3,0,0,0,24.299696253796828,0.0,0.0,1.131482527245733,1.240554762582696,2.372037289828429,2.78387789414441,114.14888888888888,111.76,194,24.299696253796828,0.0,True
42000102,2021-05-26,2021,playoff,Furkan Korkmaz,PHI,16,6,5,1,13,25.815014903129654,0.7926829268292683,0.75,1.131482527245733,1.240554762582696,2.372037289828429,2.78387789414441,114.14888888888888,111.76,194,25.815014903129654,0.7926829268292683,True
42000103,2021-05-29,2021,playoff,Furkan Korkmaz,PHI,9,4,0,1,3,24.06738868832732,0.375,0.375,1.131482527245733,1.240554762582696,2.372037289828429,2.78387789414441,114.14888888888888,111.76,194,24.06738868832732,0.375,True
42000104,2021-05-31,2021,playoff,Furkan Korkmaz,PHI,11,4,1,0,7,15.885983481916574,0.7882882882882882,0.875,1.131482527245733,1.240554762582696,2.372037289828429,2.78387789414441,114.14888888888888,111.76,194,15.885983481916574,0.7882882882882882,True
42000105,2021-06-02,2021,playoff,Furkan Korkmaz,PHI,14,8,0,0,10,24.72824687033125,0.625,0.625,1.131482527245733,1.240554762582696,2.372037289828429,2.78387789414441,114.14888888888888,111.76,194,24.72824687033125,0.625,True
42000201,2021-06-06,2021,playoff,Furkan Korkmaz,PHI,11,5,0,1,7,22.58669165885661,0.7,0.7,1.131482527245733,1.240554762582696,2.372037289828429,2.78387789414441,114.14888888888888,111.76,194,22.58669165885661,0.7,True
42000202,2021-06-08,2021,playoff,Furkan Korkmaz,PHI,6,3,0,0,0,23.341049382716044,0.0,0.0,1.131482527245733,1.240554762582696,2.372037289828429,2.78387789414441,114.14888888888888,111.76,194,23.341049382716044,0.0,True
42000203,2021-06-11,2021,playoff,Furkan Korkmaz,PHI,27,9,3,0,14,17.282089927153983,0.6782945736434108,0.6111111111111112,1.131482527245733,1.240554762582696,2.372037289828429,2.78387789414441,114.14888888888888,111.76,194,17.282089927153983,0.6782945736434108,True
42000204,2021-06-14,2021,playoff,Furkan Korkmaz,PHI,25,9,0,1,10,17.996987951807228,0.5555555555555556,0.5555555555555556,1.131482527245733,1.240554762582696,2.372037289828429,2.78387789414441,114.14888888888888,111.76,194,17.996987951807228,0.5555555555555556,True
42000205,2021-06-16,2021,playoff,Furkan Korkmaz,PHI,29,7,5,1,8,15.885591686915165,0.4347826086956522,0.3571428571428571,1.131482527245733,1.240554762582696,2.372037289828429,2.78387789414441,114.14888888888888,111.76,194,15.885591686915165,0.4347826086956522,True
42000206,2021-06-18,2021,playoff,Furkan Korkmaz,PHI,23,9,0,0,7,16.3900699492525,0.3888888888888889,0.3888888888888889,1.131482527245733,1.240554762582696,2.372037289828429,2.78387789414441,114.14888888888888,111.76,194,16.3900699492525,0.3888888888888889,True
42000207,2021-06-20,2021,playoff,Furkan Korkmaz,PHI,18,6,0,0,5,14.814814814814811,0.4166666666666667,0.4166666666666667,1.131482527245733,1.240554762582696,2.372037289828429,2.78387789414441,114.14888888888888,111.76,194,14.814814814814811,0.4166666666666667,True
42000101,2021-05-23,2021,playoff,Joel Embiid,PHI,30,16,13,5,30,36.07154910563618,0.6906077348066298,0.5625,3.675290622493462,5.775936338261736,9.451226960755196,2.328870605601087,114.14888888888888,111.76,356,36.07154910563618,0.6906077348066298,True
42000102,2021-05-26,2021,playoff,Joel Embiid,PHI,26,12,3,1,22,24.727158087813823,0.8258258258258258,0.7916666666666666,3.675290622493462,5.775936338261736,9.451226960755196,2.328870605601087,114.14888888888888,111.76,356,24.727158087813823,0.8258258258258258,True
42000103,2021-05-29,2021,playoff,Joel Embiid,PHI,28,18,7,2,36,35.70912841670964,0.8538899430740039,0.8611111111111112,3.675290622493462,5.775936338261736,9.451226960755196,2.328870605601087,114.14888888888888,111.76,356,35.70912841670964,0.8538899430740039,True
42000104,2021-05-31,2021,playoff,Joel Embiid,PHI,11,6,4,1,8,31.342616058916484,0.5154639175257733,0.3333333333333333,3.675290622493462,5.775936338261736,9.451226960755196,2.328870605601087,114.14888888888888,111.76,356,31.342616058916484,0.5154639175257733,True
42000201,2021-06-06,2021,playoff,Joel Embiid,PHI,38,21,15,4,39,34.434798336046306,0.7065217391304347,0.5952380952380952,3.675290622493462,5.775936338261736,9.451226960755196,2.328870605601087,114.14888888888888,111.76,356,34.434798336046306,0.7065217391304347,True
42000202,2021-06-08,2021,playoff,Joel Embiid,PHI,35,25,16,3,40,46.73544973544973,0.6242197253433208,0.56,3.675290622493462,5.775936338261736,9.451226960755196,2.328870605601087,114.14888888888888,111.76,356,46.73544973544973,0.6242197253433208,True
42000203,2021-06-11,2021,playoff,Joel Embiid,PHI,34,14,16,1,27,29.309809831996105,0.6416349809885932,0.5357142857142857,3.675290622493462,5.775936338261736,9.451226960755196,2.328870605601087,114.14888888888888,111.76,356,29.309809831996105,0.6416349809885932,True
42000204,2021-06-14,2021,playoff,Joel Embiid,PHI,36,20,8,4,17,34.39424364123159,0.3613945578231292,0.225,3.675290622493462,5.775936338261736,9.451226960755196,2.328870605601087,114.14888888888888,111.76,356,34.39424364123159,0.3613945578231292,True
42000205,2021-06-16,2021,playoff,Joel Embiid,PHI,39,20,13,5,37,35.57605812478376,0.7192846034214619,0.65,3.675290622493462,5.775936338261736,9.451226960755196,2.328870605601087,114.14888888888888,111.76,356,35.57605812478376,0.7192846034214619,True
42000206,2021-06-18,2021,playoff,Joel Embiid,PHI,38,24,4,8,22,37.21216817016252,0.4270186335403726,0.3958333333333333,3.675290622493462,5.775936338261736,9.451226960755196,2.328870605601087,114.14888888888888,111.76,356,37.21216817016252,0.4270186335403726,True
42000207,2021-06-20,2021,playoff,Joel Embiid,PHI,41,21,10,8,31,36.20596205962059,0.610236220472441,0.5714285714285714,3.675290622493462,5.775936338261736,9.451226960755196,2.328870605601087,114.14888888888888,111.76,356,36.20596205962059,0.610236220472441,True
42000101,2021-05-23,2021,playoff,Seth Curry,PHI,32,13,0,0,15,16.452919338508266,0.5769230769230769,0.5769230769230769,9.297960511166483,-4.530711898353971,4.767248612812512,1.498773646357433,114.14888888888888,111.76,381,16.452919338508266,0.5769230769230769,True
42000102,2021-05-26,2021,playoff,Seth Curry,PHI,23,7,0,0,9,13.66390202812156,0.6428571428571429,0.6428571428571429,9.297960511166483,-4.530711898353971,4.767248612812512,1.498773646357433,114.14888888888888,111.76,381,13.66390202812156,0.6428571428571429,True
42000103,2021-05-29,2021,playoff,Seth Curry,PHI,27,11,0,0,15,17.64941837144003,0.6818181818181818,0.6818181818181818,9.297960511166483,-4.530711898353971,4.767248612812512,1.498773646357433,114.14888888888888,111.76,381,17.64941837144003,0.6818181818181818,True
42000104,2021-05-31,2021,playoff,Seth Curry,PHI,28,11,0,1,10,16.86735697886895,0.4545454545454545,0.4545454545454545,9.297960511166483,-4.530711898353971,4.767248612812512,1.498773646357433,114.14888888888888,111.76,381,16.86735697886895,0.4545454545454545,True
42000105,2021-06-02,2021,playoff,Seth Curry,PHI,31,17,7,2,30,30.822563195793535,0.7470119521912352,0.6764705882352942,9.297960511166483,-4.530711898353971,4.767248612812512,1.498773646357433,114.14888888888888,111.76,381,30.822563195793535,0.7470119521912352,True
42000201,2021-06-06,2021,playoff,Seth Curry,PHI,36,12,2,0,21,14.815196639938907,0.8152173913043478,0.7916666666666666,9.297960511166483,-4.530711898353971,4.767248612812512,1.498773646357433,114.14888888888888,111.76,381,14.815196639938907,0.8152173913043478,True
42000202,2021-06-08,2021,playoff,Seth Curry,PHI,29,13,1,0,21,21.63473818646232,0.78125,0.8076923076923077,9.297960511166483,-4.530711898353971,4.767248612812512,1.498773646357433,114.14888888888888,111.76,381,21.63473818646232,0.78125,True
42000203,2021-06-11,2021,playoff,Seth Curry,PHI,32,10,0,2,12,16.955538809344386,0.6,0.6,9.297960511166483,-4.530711898353971,4.767248612812512,1.498773646357433,114.14888888888888,111.76,381,16.955538809344386,0.6,True
42000204,2021-06-14,2021,playoff,Seth Curry,PHI,35,10,1,2,17,15.991609294320138,0.814176245210728,0.85,9.297960511166483,-4.530711898353971,4.767248612812512,1.498773646357433,114.14888888888888,111.76,381,15.991609294320138,0.814176245210728,True
42000205,2021-06-16,2021,playoff,Seth Curry,PHI,38,19,4,1,36,25.86285804466188,0.8670520231213872,0.868421052631579,9.297960511166483,-4.530711898353971,4.767248612812512,1.498773646357433,114.14888888888888,111.76,381,25.86285804466188,0.8670520231213872,True
42000206,2021-06-18,2021,playoff,Seth Curry,PHI,39,14,2,1,24,17.055011818418755,0.8064516129032258,0.7857142857142857,9.297960511166483,-4.530711898353971,4.767248612812512,1.498773646357433,114.14888888888888,111.76,381,17.055011818418755,0.8064516129032258,True
42000207,2021-06-20,2021,playoff,Seth Curry,PHI,31,10,2,1,16,17.032258064516128,0.7352941176470588,0.75,9.297960511166483,-4.530711898353971,4.767248612812512,1.498773646357433,114.14888888888888,111.76,381,17.032258064516128,0.7352941176470588,True
42000101,2021-05-23,2021,playoff,Shake Milton,PHI,10,3,2,1,5,19.763752953088087,0.6443298969072165,0.5,0.5888417408629109,-0.8628672730920703,-0.2740255322291595,1.841719746373577,114.14888888888888,111.76,117,19.763752953088087,0.6443298969072165,True
42000102,2021-05-26,2021,playoff,Shake Milton,PHI,14,6,0,2,0,25.6546731956568,0.0,0.0,0.5888417408629109,-0.8628672730920703,-0.2740255322291595,1.841719746373577,114.14888888888888,111.76,117,25.6546731956568,0.0,True
42000103,2021-05-29,2021,playoff,Shake Milton,PHI,11,3,2,4,4,31.03380374138497,0.5154639175257733,0.3333333333333333,0.5888417408629109,-0.8628672730920703,-0.2740255322291595,1.841719746373577,114.14888888888888,111.76,117,31.03380374138497,0.5154639175257733,True
42000104,2021-05-31,2021,playoff,Shake Milton,PHI,7,6,2,0,6,38.68247200487279,0.436046511627907,0.3333333333333333,0.5888417408629109,-0.8628672730920703,-0.2740255322291595,1.841719746373577,114.14888888888888,111.76,117,38.68247200487279,0.436046511627907,True
42000105,2021-06-02,2021,playoff,Shake Milton,PHI,7,1,2,0,2,11.622276029055689,0.5319148936170213,0.0,0.5888417408629109,-0.8628672730920703,-0.2740255322291595,1.841719746373577,114.14888888888888,111.76,117,11.622276029055689,0.5319148936170213,True
42000202,2021-06-08,2021,playoff,Shake Milton,PHI,14,8,0,0,14,26.675485008818335,0.875,0.875,0.5888417408629109,-0.8628672730920703,-0.2740255322291595,1.841719746373577,114.14888888888888,111.76,117,26.675485008818335,0.875,True
42000203,2021-06-11,2021,playoff,Shake Milton,PHI,21,3,2,1,6,10.507051351060394,0.7731958762886598,0.8333333333333334,0.5888417408629109,-0.8628672730920703,-0.2740255322291595,1.841719746373577,114.14888888888888,111.76,117,10.507051351060394,0.7731958762886598,True
42000204,2021-06-14,2021,playoff,Shake Milton,PHI,15,7,3,1,8,27.95532128514056,0.4807692307692307,0.3571428571428571,0.5888417408629109,-0.8628672730920703,-0.2740255322291595,1.841719746373577,114.14888888888888,111.76,117,27.95532128514056,0.4807692307692307,True
42000205,2021-06-16,2021,playoff,Shake Milton,PHI,13,5,2,1,5,23.902664052589095,0.4251700680272109,0.3,0.5888417408629109,-0.8628672730920703,-0.2740255322291595,1.841719746373577,114.14888888888888,111.76,117,23.902664052589095,0.4251700680272109,True
42000207,2021-06-20,2021,playoff,Shake Milton,PHI,5,3,0,0,2,26.666666666666668,0.3333333333333333,0.3333333333333333,0.5888417408629109,-0.8628672730920703,-0.2740255322291595,1.841719746373577,114.14888888888888,111.76,117,26.666666666666668,0.3333333333333333,True
42000101,2021-05-23,2021,playoff,Tyrese Maxey,PHI,7,1,1,0,3,8.331324429873199,1.0416666666666667,1.0,0.3426808627303439,-3.278483991201982,-2.935803128471639,-0.0876947828530764,114.14888888888888,111.76,156,8.331324429873199,1.0416666666666667,True
42000102,2021-05-26,2021,playoff,Tyrese Maxey,PHI,14,7,3,1,10,29.88769427294018,0.6009615384615384,0.5714285714285714,0.3426808627303439,-3.278483991201982,-2.935803128471639,-0.0876947828530764,114.14888888888888,111.76,156,29.88769427294018,0.6009615384615384,True
42000103,2021-05-29,2021,playoff,Tyrese Maxey,PHI,11,4,0,0,4,15.753199868723335,0.5,0.5,0.3426808627303439,-3.278483991201982,-2.935803128471639,-0.0876947828530764,114.14888888888888,111.76,156,15.753199868723335,0.5,True
42000104,2021-05-31,2021,playoff,Tyrese Maxey,PHI,22,12,2,1,15,24.830794001013743,0.5822981366459627,0.5833333333333334,0.3426808627303439,-3.278483991201982,-2.935803128471639,-0.0876947828530764,114.14888888888888,111.76,156,24.830794001013743,0.5822981366459627,True
42000105,2021-06-02,2021,playoff,Tyrese Maxey,PHI,26,14,2,0,13,24.76629032705484,0.4368279569892473,0.4285714285714285,0.3426808627303439,-3.278483991201982,-2.935803128471639,-0.0876947828530764,114.14888888888888,111.76,156,24.76629032705484,0.4368279569892473,True
42000201,2021-06-06,2021,playoff,Tyrese Maxey,PHI,14,8,4,1,6,31.82572410407462,0.3073770491803279,0.25,0.3426808627303439,-3.278483991201982,-2.935803128471639,-0.0876947828530764,114.14888888888888,111.76,156,31.82572410407462,0.3073770491803279,True
42000202,2021-06-08,2021,playoff,Tyrese Maxey,PHI,5,2,0,0,0,18.672839506172835,0.0,0.0,0.3426808627303439,-3.278483991201982,-2.935803128471639,-0.0876947828530764,114.14888888888888,111.76,156,18.672839506172835,0.0,True
42000203,2021-06-11,2021,playoff,Tyrese Maxey,PHI,6,3,0,0,4,22.607385079125848,0.6666666666666666,0.6666666666666666,0.3426808627303439,-3.278483991201982,-2.935803128471639,-0.0876947828530764,114.14888888888888,111.76,156,22.607385079125848,0.6666666666666666,True
42000204,2021-06-14,2021,playoff,Tyrese Maxey,PHI,7,1,0,0,3,6.4274956970740105,1.5,1.5,0.3426808627303439,-3.278483991201982,-2.935803128471639,-0.0876947828530764,114.14888888888888,111.76,156,6.4274956970740105,1.5,True
42000206,2021-06-18,2021,playoff,Tyrese Maxey,PHI,29,12,8,0,16,22.416089536724797,0.5154639175257733,0.4583333333333333,0.3426808627303439,-3.278483991201982,-2.935803128471639,-0.0876947828530764,114.14888888888888,111.76,156,22.416089536724797,0.5154639175257733,True
42000207,2021-06-20,2021,playoff,Tyrese Maxey,PHI,15,2,2,2,2,14.45925925925926,0.3472222222222222,0.0,0.3426808627303439,-3.278483991201982,-2.935803128471639,-0.0876947828530764,114.14888888888888,111.76,156,14.45925925925926,0.3472222222222222,True
42000151,2021-05-23,2021,playoff,Cameron Johnson,PHX,23,7,2,1,10,17.60274877758689,0.6345177664974619,0.5714285714285714,1.106553071478536,-0.5537159435378955,0.5528371279406403,0.7704390335548558,116.016,114.548,442,17.60274877758689,0.6345177664974619,True
42000152,2021-05-25,2021,playoff,Cameron Johnson,PHX,27,4,0,0,6,7.346441091297058,0.75,0.75,1.106553071478536,-0.5537159435378955,0.5528371279406403,0.7704390335548558,116.016,114.548,442,7.346441091297058,0.75,True
42000153,2021-05-27,2021,playoff,Cameron Johnson,PHX,17,6,3,1,6,21.971347461543537,0.4098360655737705,0.25,1.106553071478536,-0.5537159435378955,0.5528371279406403,0.7704390335548558,116.016,114.548,442,21.971347461543537,0.4098360655737705,True
42000154,2021-05-30,2021,playoff,Cameron Johnson,PHX,20,6,0,1,5,16.183806600153495,0.4166666666666667,0.4166666666666667,1.106553071478536,-0.5537159435378955,0.5528371279406403,0.7704390335548558,116.016,114.548,442,16.183806600153495,0.4166666666666667,True
42000155,2021-06-01,2021,playoff,Cameron Johnson,PHX,13,4,7,1,11,27.703784466186555,0.7768361581920904,0.625,1.106553071478536,-0.5537159435378955,0.5528371279406403,0.7704390335548558,116.016,114.548,442,27.703784466186555,0.7768361581920904,True
42000156,2021-06-03,2021,playoff,Cameron Johnson,PHX,20,3,4,1,10,14.661596958174904,1.050420168067227,1.0,1.106553071478536,-0.5537159435378955,0.5528371279406403,0.7704390335548558,116.016,114.548,442,14.661596958174904,1.050420168067227,True
42000231,2021-06-07,2021,playoff,Cameron Johnson,PHX,14,2,2,0,2,9.473162675474812,0.3472222222222222,0.0,1.106553071478536,-0.5537159435378955,0.5528371279406403,0.7704390335548558,116.016,114.548,442,9.473162675474812,0.3472222222222222,True
42000232,2021-06-09,2021,playoff,Cameron Johnson,PHX,20,8,2,0,7,19.646017699115045,0.3941441441441441,0.375,1.106553071478536,-0.5537159435378955,0.5528371279406403,0.7704390335548558,116.016,114.548,442,19.646017699115045,0.3941441441441441,True
42000234,2021-06-13,2021,playoff,Cameron Johnson,PHX,13,4,2,0,7,16.063155594405597,0.7172131147540983,0.75,1.106553071478536,-0.5537159435378955,0.5528371279406403,0.7704390335548558,116.016,114.548,442,16.063155594405597,0.7172131147540983,True
42000311,2021-06-20,2021,playoff,Cameron Johnson,PHX,24,8,0,0,12,16.00640256102441,0.75,0.75,1.106553071478536,-0.5537159435378955,0.5528371279406403,0.7704390335548558,116.016,114.548,442,16.00640256102441,0.75,True
42000312,2021-06-22,2021,playoff,Cameron Johnson,PHX,24,5,0,0,11,10.06705755492654,1.1,1.1,1.106553071478536,-0.5537159435378955,0.5528371279406403,0.7704390335548558,116.016,114.548,442,10.06705755492654,1.1,True
42000313,2021-06-24,2021,playoff,Cameron Johnson,PHX,30,7,2,2,12,14.952705259175175,0.7614213197969544,0.7142857142857143,1.106553071478536,-0.5537159435378955,0.5528371279406403,0.7704390335548558,116.016,114.548,442,14.952705259175175,0.7614213197969544,True
42000314,2021-06-26,2021,playoff,Cameron Johnson,PHX,17,4,0,0,5,10.295733086350614,0.625,0.625,1.106553071478536,-0.5537159435378955,0.5528371279406403,0.7704390335548558,116.016,114.548,442,10.295733086350614,0.625,True
42000315,2021-06-28,2021,playoff,Cameron Johnson,PHX,23,6,1,3,14,18.36964663735548,1.0869565217391304,1.0833333333333333,1.106553071478536,-0.5537159435378955,0.5528371279406403,0.7704390335548558,116.016,114.548,442,18.36964663735548,1.0869565217391304,True
42000401,2021-07-06,2021,playoff,Cameron Johnson,PHX,21,6,2,0,10,14.562189316892384,0.7267441860465116,0.6666666666666666,1.106553071478536,-0.5537159435378955,0.5528371279406403,0.7704390335548558,116.016,114.548,442,14.562189316892384,0.7267441860465116,True
42000402,2021-07-08,2021,playoff,Cameron Johnson,PHX,18,4,2,0,8,12.258226576237128,0.819672131147541,0.75,1.106553071478536,-0.5537159435378955,0.5528371279406403,0.7704390335548558,116.016,114.548,442,12.258226576237128,0.819672131147541,True
42000403,2021-07-11,2021,playoff,Cameron Johnson,PHX,30,11,3,1,14,20.399077277970008,0.5681818181818181,0.5,1.106553071478536,-0.5537159435378955,0.5528371279406403,0.7704390335548558,116.016,114.548,442,20.399077277970008,0.5681818181818181,True
42000404,2021-07-14,2021,playoff,Cameron Johnson,PHX,29,6,0,2,10,12.810931995302658,0.8333333333333334,0.8333333333333334,1.106553071478536,-0.5537159435378955,0.5528371279406403,0.7704390335548558,116.016,114.548,442,12.810931995302658,0.8333333333333334,True
42000405,2021-07-17,2021,playoff,Cameron Johnson,PHX,22,3,0,1,6,8.777680652680653,1.0,1.0,1.106553071478536,-0.5537159435378955,0.5528371279406403,0.7704390335548558,116.016,114.548,442,8.777680652680653,1.0,True
42000406,2021-07-20,2021,playoff,Cameron Johnson,PHX,16,5,0,0,3,13.785068290882244,0.3,0.3,1.106553071478536,-0.5537159435378955,0.5528371279406403,0.7704390335548558,116.016,114.548,442,13.785068290882244,0.3,True
42000151,2021-05-23,2021,playoff,Deandre Ayton,PHX,37,11,2,1,21,15.871190339275444,0.8838383838383838,0.9090909090909092,-0.3122152348684408,3.696058628755939,3.383843393887498,2.575105259231635,116.016,114.548,801,15.871190339275444,0.8838383838383838,True
42000152,2021-05-25,2021,playoff,Deandre Ayton,PHX,42,13,0,1,22,16.52949245541838,0.8461538461538461,0.8461538461538461,-0.3122152348684408,3.696058628755939,3.383843393887498,2.575105259231635,116.016,114.548,801,16.52949245541838,0.8461538461538461,True
42000153,2021-05-27,2021,playoff,Deandre Ayton,PHX,41,15,1,4,22,21.2860310421286,0.7124352331606217,0.7333333333333333,-0.3122152348684408,3.696058628755939,3.383843393887498,2.575105259231635,116.016,114.548,801,21.2860310421286,0.7124352331606217,True
42000154,2021-05-30,2021,playoff,Deandre Ayton,PHX,38,8,5,0,14,12.411641151997417,0.6862745098039216,0.75,-0.3122152348684408,3.696058628755939,3.383843393887498,2.575105259231635,116.016,114.548,801,12.411641151997417,0.6862745098039216,True
42000155,2021-06-01,2021,playoff,Deandre Ayton,PHX,27,3,6,0,8,9.310787848646855,0.7092198581560283,0.6666666666666666,-0.3122152348684408,3.696058628755939,3.383843393887498,2.575105259231635,116.016,114.548,801,9.310787848646855,0.7092198581560283,True
42000156,2021-06-03,2021,playoff,Deandre Ayton,PHX,32,4,2,0,8,7.763519222644698,0.819672131147541,0.75,-0.3122152348684408,3.696058628755939,3.383843393887498,2.575105259231635,116.016,114.548,801,7.763519222644698,0.819672131147541,True
42000231,2021-06-07,2021,playoff,Deandre Ayton,PHX,36,13,2,1,20,19.03403982016699,0.7204610951008645,0.6923076923076923,-0.3122152348684408,3.696058628755939,3.383843393887498,2.575105259231635,116.016,114.548,801,19.03403982016699,0.7204610951008645,True
42000232,2021-06-09,2021,playoff,Deandre Ayton,PHX,26,10,4,3,15,25.119128658951663,0.6377551020408163,0.6,-0.3122152348684408,3.696058628755939,3.383843393887498,2.575105259231635,116.016,114.548,801,25.119128658951663,0.6377551020408163,True
42000233,2021-06-11,2021,playoff,Deandre Ayton,PHX,37,8,2,0,10,11.269155206286838,0.563063063063063,0.5,-0.3122152348684408,3.696058628755939,3.383843393887498,2.575105259231635,116.016,114.548,801,11.269155206286838,0.563063063063063,True
42000234,2021-06-13,2021,playoff,Deandre Ayton,PHX,34,10,0,1,12,13.84420955882353,0.6,0.6,-0.3122152348684408,3.696058628755939,3.383843393887498,2.575105259231635,116.016,114.548,801,13.84420955882353,0.6,True
42000311,2021-06-20,2021,playoff,Deandre Ayton,PHX,37,14,0,1,20,19.46724635800266,0.7142857142857143,0.7142857142857143,-0.3122152348684408,3.696058628755939,3.383843393887498,2.575105259231635,116.016,114.548,801,19.46724635800266,0.7142857142857143,True
42000312,2021-06-22,2021,playoff,Deandre Ayton,PHX,35,15,1,1,24,22.697475593553225,0.7772020725388601,0.8,-0.3122152348684408,3.696058628755939,3.383843393887498,2.575105259231635,116.016,114.548,801,22.697475593553225,0.7772020725388601,True
42000313,2021-06-24,2021,playoff,Deandre Ayton,PHX,36,13,1,0,18,16.95043511161559,0.6696428571428572,0.6923076923076923,-0.3122152348684408,3.696058628755939,3.383843393887498,2.575105259231635,116.016,114.548,801,16.95043511161559,0.6696428571428572,True
42000314,2021-06-26,2021,playoff,Deandre Ayton,PHX,41,14,3,3,19,19.551848246420946,0.6201044386422976,0.5714285714285714,-0.3122152348684408,3.696058628755939,3.383843393887498,2.575105259231635,116.016,114.548,801,19.551848246420946,0.6201044386422976,True
42000315,2021-06-28,2021,playoff,Deandre Ayton,PHX,37,9,0,2,10,13.30600263184533,0.5555555555555556,0.5555555555555556,-0.3122152348684408,3.696058628755939,3.383843393887498,2.575105259231635,116.016,114.548,801,13.30600263184533,0.5555555555555556,True
42000316,2021-06-30,2021,playoff,Deandre Ayton,PHX,40,10,2,2,16,14.392062314540055,0.7352941176470588,0.8,-0.3122152348684408,3.696058628755939,3.383843393887498,2.575105259231635,116.016,114.548,801,14.392062314540055,0.7352941176470588,True
42000401,2021-07-06,2021,playoff,Deandre Ayton,PHX,39,10,6,0,22,14.40588674819586,0.870253164556962,0.8,-0.3122152348684408,3.696058628755939,3.383843393887498,2.575105259231635,116.016,114.548,801,14.40588674819586,0.870253164556962,True
42000402,2021-07-08,2021,playoff,Deandre Ayton,PHX,42,10,3,0,10,12.186457099795458,0.4416961130742049,0.4,-0.3122152348684408,3.696058628755939,3.383843393887498,2.575105259231635,116.016,114.548,801,12.186457099795458,0.4416961130742049,True
42000403,2021-07-11,2021,playoff,Deandre Ayton,PHX,24,11,2,2,18,26.570870178136612,0.7575757575757576,0.7272727272727273,-0.3122152348684408,3.696058628755939,3.383843393887498,2.575105259231635,116.016,114.548,801,26.570870178136612,0.7575757575757576,True
42000404,2021-07-14,2021,playoff,Deandre Ayton,PHX,39,9,0,2,6,13.098356751607524,0.3333333333333333,0.3333333333333333,-0.3122152348684408,3.696058628755939,3.383843393887498,2.575105259231635,116.016,114.548,801,13.098356751607524,0.3333333333333333,True
42000405,2021-07-17,2021,playoff,Deandre Ayton,PHX,45,12,6,2,20,17.851851851851855,0.6830601092896175,0.5833333333333334,-0.3122152348684408,3.696058628755939,3.383843393887498,2.575105259231635,116.016,114.548,801,17.851851851851855,0.6830601092896175,True
42000406,2021-07-20,2021,playoff,Deandre Ayton,PHX,36,12,5,2,12,19.85049833887043,0.4225352112676057,0.3333333333333333,-0.3122152348684408,3.696058628755939,3.383843393887498,2.575105259231635,116.016,114.548,801,19.85049833887043,0.4225352112676057,True
42000151,2021-05-23,2021,playoff,Devin Booker,PHX,45,26,6,6,34,35.09625126646403,0.5935754189944134,0.5576923076923077,3.267021221358713,2.042009159692211,5.309030381050924,3.795195245270536,116.016,114.548,887,35.09625126646403,0.5935754189944134,True
42000152,2021-05-25,2021,playoff,Devin Booker,PHX,40,17,17,4,31,35.30699588477367,0.6331699346405228,0.4117647058823529,3.267021221358713,2.042009159692211,5.309030381050924,3.795195245270536,116.016,114.548,887,35.30699588477367,0.6331699346405228,True
42000153,2021-05-27,2021,playoff,Devin Booker,PHX,41,19,7,4,19,28.556568393966764,0.4302536231884058,0.3421052631578947,3.267021221358713,2.042009159692211,5.309030381050924,3.795195245270536,116.016,114.548,887,28.556568393966764,0.4302536231884058,True
42000154,2021-05-30,2021,playoff,Devin Booker,PHX,39,14,7,5,17,26.17864100596258,0.4976580796252928,0.3928571428571428,3.267021221358713,2.042009159692211,5.309030381050924,3.795195245270536,116.016,114.548,887,26.17864100596258,0.4976580796252928,True
42000155,2021-06-01,2021,playoff,Devin Booker,PHX,33,23,2,1,30,33.605280707108385,0.628140703517588,0.6086956521739131,3.267021221358713,2.042009159692211,5.309030381050924,3.795195245270536,116.016,114.548,887,33.605280707108385,0.628140703517588,True
42000156,2021-06-03,2021,playoff,Devin Booker,PHX,46,22,9,3,47,32.05010929262871,0.9052388289676424,0.8636363636363636,3.267021221358713,2.042009159692211,5.309030381050924,3.795195245270536,116.016,114.548,887,32.05010929262871,0.9052388289676424,True
42000231,2021-06-07,2021,playoff,Devin Booker,PHX,38,12,6,5,21,23.800628739478753,0.7172131147540983,0.7083333333333334,3.267021221358713,2.042009159692211,5.309030381050924,3.795195245270536,116.016,114.548,887,23.800628739478753,0.7172131147540983,True
42000232,2021-06-09,2021,playoff,Devin Booker,PHX,33,14,3,2,18,23.223384285331186,0.5874673629242819,0.5357142857142857,3.267021221358713,2.042009159692211,5.309030381050924,3.795195245270536,116.016,114.548,887,23.223384285331186,0.5874673629242819,True
42000233,2021-06-11,2021,playoff,Devin Booker,PHX,40,23,4,4,28,33.760510805500985,0.5654281098546041,0.5217391304347826,3.267021221358713,2.042009159692211,5.309030381050924,3.795195245270536,116.016,114.548,887,33.760510805500985,0.5654281098546041,True
42000234,2021-06-13,2021,playoff,Devin Booker,PHX,42,25,11,3,34,33.45863771645022,0.5697050938337802,0.48,3.267021221358713,2.042009159692211,5.309030381050924,3.795195245270536,116.016,114.548,887,33.45863771645022,0.5697050938337802,True
42000311,2021-06-20,2021,playoff,Devin Booker,PHX,44,29,7,2,40,37.193059041798534,0.6234413965087282,0.5689655172413793,3.267021221358713,2.042009159692211,5.309030381050924,3.795195245270536,116.016,114.548,887,37.193059041798534,0.6234413965087282,True
42000312,2021-06-22,2021,playoff,Devin Booker,PHX,41,16,9,8,20,32.95316244711174,0.501002004008016,0.34375,3.267021221358713,2.042009159692211,5.309030381050924,3.795195245270536,116.016,114.548,887,32.95316244711174,0.501002004008016,True
42000313,2021-06-24,2021,playoff,Devin Booker,PHX,40,21,4,4,15,30.37457434733258,0.3295254833040421,0.2619047619047619,3.267021221358713,2.042009159692211,5.309030381050924,3.795195245270536,116.016,114.548,887,30.37457434733258,0.3295254833040421,True
42000314,2021-06-26,2021,playoff,Devin Booker,PHX,38,22,11,5,25,36.6636474011833,0.4657228017883755,0.3636363636363636,3.267021221358713,2.042009159692211,5.309030381050924,3.795195245270536,116.016,114.548,887,36.6636474011833,0.4657228017883755,True
42000315,2021-06-28,2021,playoff,Devin Booker,PHX,43,22,11,3,31,31.05896698893825,0.5774962742175856,0.5,3.267021221358713,2.042009159692211,5.309030381050924,3.795195245270536,116.016,114.548,887,31.05896698893825,0.5774962742175856,True
42000316,2021-06-30,2021,playoff,Devin Booker,PHX,42,26,1,3,22,31.329659460223265,0.416036308623298,0.4038461538461538,3.267021221358713,2.042009159692211,5.309030381050924,3.795195245270536,116.016,114.548,887,31.329659460223265,0.416036308623298,True
42000401,2021-07-06,2021,playoff,Devin Booker,PHX,42,21,10,3,27,30.055681438934855,0.531496062992126,0.4047619047619047,3.267021221358713,2.042009159692211,5.309030381050924,3.795195245270536,116.016,114.548,887,30.055681438934855,0.531496062992126,True
42000402,2021-07-08,2021,playoff,Devin Booker,PHX,44,25,0,3,31,28.77303555525108,0.62,0.62,3.267021221358713,2.042009159692211,5.309030381050924,3.795195245270536,116.016,114.548,887,28.77303555525108,0.62,True
42000403,2021-07-11,2021,playoff,Devin Booker,PHX,29,14,5,1,10,27.24946638560765,0.308641975308642,0.25,3.267021221358713,2.042009159692211,5.309030381050924,3.795195245270536,116.016,114.548,887,27.24946638560765,0.308641975308642,True
42000404,2021-07-14,2021,playoff,Devin Booker,PHX,39,28,9,4,42,42.819718980709695,0.6570713391739674,0.6071428571428571,3.267021221358713,2.042009159692211,5.309030381050924,3.795195245270536,116.016,114.548,887,42.819718980709695,0.6570713391739674,True
42000405,2021-07-17,2021,playoff,Devin Booker,PHX,42,33,5,2,40,42.75984432234433,0.5681818181818181,0.5454545454545454,3.267021221358713,2.042009159692211,5.309030381050924,3.795195245270536,116.016,114.548,887,42.75984432234433,0.5681818181818181,True
42000406,2021-07-20,2021,playoff,Devin Booker,PHX,46,22,3,6,19,28.11674450703773,0.4073756432246998,0.3636363636363636,3.267021221358713,2.042009159692211,5.309030381050924,3.795195245270536,116.016,114.548,887,28.11674450703773,0.4073756432246998,True
42000153,2021-05-27,2021,playoff,Frank Kaminsky,PHX,7,2,0,1,0,19.240019240019237,0.0,0.0,-3.461973643554492,-0.6625049824242488,-4.124478625978741,-0.0490992660556908,116.016,114.548,62,19.240019240019237,0.0,True
42000154,2021-05-30,2021,playoff,Frank Kaminsky,PHX,7,2,0,1,0,19.81690604100428,0.0,0.0,-3.461973643554492,-0.6625049824242488,-4.124478625978741,-0.0490992660556908,116.016,114.548,62,19.81690604100428,0.0,True
42000155,2021-06-01,2021,playoff,Frank Kaminsky,PHX,10,3,1,0,3,15.333084669899293,0.436046511627907,0.3333333333333333,-3.461973643554492,-0.6625049824242488,-4.124478625978741,-0.0490992660556908,116.016,114.548,62,15.333084669899293,0.436046511627907,True
42000156,2021-06-03,2021,playoff,Frank Kaminsky,PHX,7,2,0,1,2,21.817852616331702,0.5,0.5,-3.461973643554492,-0.6625049824242488,-4.124478625978741,-0.0490992660556908,116.016,114.548,62,21.817852616331702,0.5,True
42000232,2021-06-09,2021,playoff,Frank Kaminsky,PHX,6,3,0,0,5,22.123893805309734,0.8333333333333334,0.8333333333333334,-3.461973643554492,-0.6625049824242488,-4.124478625978741,-0.0490992660556908,116.016,114.548,62,22.123893805309734,0.8333333333333334,True
42000403,2021-07-11,2021,playoff,Frank Kaminsky,PHX,14,5,0,1,6,19.69022903278958,0.6,0.6,-3.461973643554492,-0.6625049824242488,-4.124478625978741,-0.0490992660556908,116.016,114.548,62,19.69022903278958,0.6,True
42000406,2021-07-20,2021,playoff,Frank Kaminsky,PHX,11,4,0,0,6,16.040806738481155,0.75,0.75,-3.461973643554492,-0.6625049824242488,-4.124478625978741,-0.0490992660556908,116.016,114.548,62,16.040806738481155,0.75,True
42000151,2021-05-23,2021,playoff,Mikal Bridges,PHX,41,12,0,0,10,13.344206390392168,0.4166666666666667,0.4166666666666667,0.1682046948685124,2.022636994754781,2.190841689623293,1.833593947932986,116.016,114.548,707,13.344206390392168,0.4166666666666667,True
42000152,2021-05-25,2021,playoff,Mikal Bridges,PHX,27,6,0,1,6,12.856271909769854,0.5,0.5,0.1682046948685124,2.022636994754781,2.190841689623293,1.833593947932986,116.016,114.548,707,12.856271909769854,0.5,True
42000153,2021-05-27,2021,playoff,Mikal Bridges,PHX,34,5,0,0,6,6.601967386281111,0.6,0.6,0.1682046948685124,2.022636994754781,2.190841689623293,1.833593947932986,116.016,114.548,707,6.601967386281111,0.6,True
42000154,2021-05-30,2021,playoff,Mikal Bridges,PHX,34,12,0,1,11,17.679788722856756,0.4583333333333333,0.4583333333333333,0.1682046948685124,2.022636994754781,2.190841689623293,1.833593947932986,116.016,114.548,707,17.679788722856756,0.4583333333333333,True
42000155,2021-06-01,2021,playoff,Mikal Bridges,PHX,30,10,0,0,13,14.857640184010942,0.65,0.65,0.1682046948685124,2.022636994754781,2.190841689623293,1.833593947932986,116.016,114.548,707,14.857640184010942,0.65,True
42000156,2021-06-03,2021,playoff,Mikal Bridges,PHX,35,10,1,0,10,15.185225420966866,0.4789272030651341,0.45,0.1682046948685124,2.022636994754781,2.190841689623293,1.833593947932986,116.016,114.548,707,15.185225420966866,0.4789272030651341,True
42000231,2021-06-07,2021,playoff,Mikal Bridges,PHX,34,12,3,1,23,19.395217046356112,0.8633633633633634,0.8333333333333334,0.1682046948685124,2.022636994754781,2.190841689623293,1.833593947932986,116.016,114.548,707,19.395217046356112,0.8633633633633634,True
42000232,2021-06-09,2021,playoff,Mikal Bridges,PHX,29,12,4,0,16,20.9948123283491,0.5813953488372093,0.5,0.1682046948685124,2.022636994754781,2.190841689623293,1.833593947932986,116.016,114.548,707,20.9948123283491,0.5813953488372093,True
42000233,2021-06-11,2021,playoff,Mikal Bridges,PHX,27,8,4,2,11,20.451429818816848,0.5635245901639344,0.5625,0.1682046948685124,2.022636994754781,2.190841689623293,1.833593947932986,116.016,114.548,707,20.451429818816848,0.5635245901639344,True
42000234,2021-06-13,2021,playoff,Mikal Bridges,PHX,36,11,2,2,14,16.498382260101014,0.5892255892255892,0.5454545454545454,0.1682046948685124,2.022636994754781,2.190841689623293,1.833593947932986,116.016,114.548,707,16.498382260101014,0.5892255892255892,True
42000311,2021-06-20,2021,playoff,Mikal Bridges,PHX,36,11,0,0,14,14.672535680939042,0.6363636363636364,0.6363636363636364,0.1682046948685124,2.022636994754781,2.190841689623293,1.833593947932986,116.016,114.548,707,14.672535680939042,0.6363636363636364,True
42000312,2021-06-22,2021,playoff,Mikal Bridges,PHX,35,7,0,0,5,9.664375252729476,0.3571428571428571,0.3571428571428571,0.1682046948685124,2.022636994754781,2.190841689623293,1.833593947932986,116.016,114.548,707,9.664375252729476,0.3571428571428571,True
42000313,2021-06-24,2021,playoff,Mikal Bridges,PHX,26,8,1,0,13,14.738496463808607,0.7701421800947867,0.75,0.1682046948685124,2.022636994754781,2.190841689623293,1.833593947932986,116.016,114.548,707,14.738496463808607,0.7701421800947867,True
42000314,2021-06-26,2021,playoff,Mikal Bridges,PHX,39,6,0,1,6,7.853796392793097,0.5,0.5,0.1682046948685124,2.022636994754781,2.190841689623293,1.833593947932986,116.016,114.548,707,7.853796392793097,0.5,True
42000315,2021-06-28,2021,playoff,Mikal Bridges,PHX,28,5,0,1,5,9.590690208667734,0.5,0.5,0.1682046948685124,2.022636994754781,2.190841689623293,1.833593947932986,116.016,114.548,707,9.590690208667734,0.5,True
42000316,2021-06-30,2021,playoff,Mikal Bridges,PHX,24,6,1,0,9,11.993385262116718,0.6987577639751552,0.6666666666666666,0.1682046948685124,2.022636994754781,2.190841689623293,1.833593947932986,116.016,114.548,707,11.993385262116718,0.6987577639751552,True
42000401,2021-07-06,2021,playoff,Mikal Bridges,PHX,30,13,2,0,14,20.564859215541624,0.5043227665706052,0.4615384615384615,0.1682046948685124,2.022636994754781,2.190841689623293,1.833593947932986,116.016,114.548,707,20.564859215541624,0.5043227665706052,True
42000402,2021-07-08,2021,playoff,Mikal Bridges,PHX,38,15,8,1,27,23.22611351287035,0.7289416846652268,0.6333333333333333,0.1682046948685124,2.022636994754781,2.190841689623293,1.833593947932986,116.016,114.548,707,23.22611351287035,0.7289416846652268,True
42000403,2021-07-11,2021,playoff,Mikal Bridges,PHX,27,4,0,4,4,13.612997849829837,0.5,0.5,0.1682046948685124,2.022636994754781,2.190841689623293,1.833593947932986,116.016,114.548,707,13.612997849829837,0.5,True
42000404,2021-07-14,2021,playoff,Mikal Bridges,PHX,25,4,0,0,7,7.430340557275541,0.875,0.875,0.1682046948685124,2.022636994754781,2.190841689623293,1.833593947932986,116.016,114.548,707,7.430340557275541,0.875,True
42000405,2021-07-17,2021,playoff,Mikal Bridges,PHX,33,6,0,2,13,11.703574203574204,1.0833333333333333,1.0833333333333333,0.1682046948685124,2.022636994754781,2.190841689623293,1.833593947932986,116.016,114.548,707,11.703574203574204,1.0833333333333333,True
42000406,2021-07-20,2021,playoff,Mikal Bridges,PHX,39,7,2,0,7,8.912930308279146,0.4441624365482233,0.4285714285714285,0.1682046948685124,2.022636994754781,2.190841689623293,1.833593947932986,116.016,114.548,707,8.912930308279146,0.4441624365482233,True
42000152,2021-05-25,2021,playoff,Torrey Craig,PHX,5,2,0,0,2,19.83539094650206,0.5,0.5,-0.7516028306148334,-1.121448201066249,-1.873051031681082,0.1227723208523087,116.016,114.548,262,19.83539094650206,0.5,True
42000153,2021-05-27,2021,playoff,Torrey Craig,PHX,15,7,0,0,11,20.950243172465395,0.7857142857142857,0.7857142857142857,-0.7516028306148334,-1.121448201066249,-1.873051031681082,0.1227723208523087,116.016,114.548,262,20.950243172465395,0.7857142857142857,True
42000154,2021-05-30,2021,playoff,Torrey Craig,PHX,11,4,0,1,5,21.017930649549992,0.625,0.625,-0.7516028306148334,-1.121448201066249,-1.873051031681082,0.1227723208523087,116.016,114.548,262,21.017930649549992,0.625,True
42000155,2021-06-01,2021,playoff,Torrey Craig,PHX,18,7,0,0,2,17.333913548012763,0.1428571428571428,0.1428571428571428,-0.7516028306148334,-1.121448201066249,-1.873051031681082,0.1227723208523087,116.016,114.548,262,17.333913548012763,0.1428571428571428,True
42000156,2021-06-03,2021,playoff,Torrey Craig,PHX,11,3,2,3,3,31.840841878864698,0.3865979381443299,0.3333333333333333,-0.7516028306148334,-1.121448201066249,-1.873051031681082,0.1227723208523087,116.016,114.548,262,31.840841878864698,0.3865979381443299,True
42000231,2021-06-07,2021,playoff,Torrey Craig,PHX,17,7,2,0,9,21.3455740677774,0.5710659898477157,0.5714285714285714,-0.7516028306148334,-1.121448201066249,-1.873051031681082,0.1227723208523087,116.016,114.548,262,21.3455740677774,0.5710659898477157,True
42000232,2021-06-09,2021,playoff,Torrey Craig,PHX,15,8,1,0,10,24.896755162241888,0.5924170616113744,0.5625,-0.7516028306148334,-1.121448201066249,-1.873051031681082,0.1227723208523087,116.016,114.548,262,24.896755162241888,0.5924170616113744,True
42000233,2021-06-11,2021,playoff,Torrey Craig,PHX,14,4,0,0,5,13.41566095986528,0.625,0.625,-0.7516028306148334,-1.121448201066249,-1.873051031681082,0.1227723208523087,116.016,114.548,262,13.41566095986528,0.625,True
42000234,2021-06-13,2021,playoff,Torrey Craig,PHX,10,2,0,1,3,12.837357954545457,0.75,0.75,-0.7516028306148334,-1.121448201066249,-1.873051031681082,0.1227723208523087,116.016,114.548,262,12.837357954545457,0.75,True
42000311,2021-06-20,2021,playoff,Torrey Craig,PHX,15,5,0,0,8,16.00640256102441,0.8,0.8,-0.7516028306148334,-1.121448201066249,-1.873051031681082,0.1227723208523087,116.016,114.548,262,16.00640256102441,0.8,True
42000313,2021-06-24,2021,playoff,Torrey Craig,PHX,15,4,2,1,4,17.79795686719637,0.4098360655737705,0.25,-0.7516028306148334,-1.121448201066249,-1.873051031681082,0.1227723208523087,116.016,114.548,262,17.79795686719637,0.4098360655737705,True
42000315,2021-06-28,2021,playoff,Torrey Craig,PHX,11,3,2,1,5,19.855635001702417,0.6443298969072165,0.6666666666666666,-0.7516028306148334,-1.121448201066249,-1.873051031681082,0.1227723208523087,116.016,114.548,262,19.855635001702417,0.6443298969072165,True
42000316,2021-06-30,2021,playoff,Torrey Craig,PHX,31,3,0,1,3,5.767205896429598,0.5,0.5,-0.7516028306148334,-1.121448201066249,-1.873051031681082,0.1227723208523087,116.016,114.548,262,5.767205896429598,0.5,True
42000401,2021-07-06,2021,playoff,Torrey Craig,PHX,16,2,0,0,2,5.556067871634084,0.5,0.5,-0.7516028306148334,-1.121448201066249,-1.873051031681082,0.1227723208523087,116.016,114.548,262,5.556067871634084,0.5,True
42000402,2021-07-08,2021,playoff,Torrey Craig,PHX,8,3,0,1,6,22.607385079125848,1.0,1.0,-0.7516028306148334,-1.121448201066249,-1.873051031681082,0.1227723208523087,116.016,114.548,262,22.607385079125848,1.0,True
42000403,2021-07-11,2021,playoff,Torrey Craig,PHX,15,5,2,1,2,21.072920671536583,0.1700680272108843,0.2,-0.7516028306148334,-1.121448201066249,-1.873051031681082,0.1227723208523087,116.016,114.548,262,21.072920671536583,0.1700680272108843,True
42000404,2021-07-14,2021,playoff,Torrey Craig,PHX,15,1,2,0,4,5.820433436532507,1.0638297872340423,1.0,-0.7516028306148334,-1.121448201066249,-1.873051031681082,0.1227723208523087,116.016,114.548,262,5.820433436532507,1.0638297872340423,True
42000405,2021-07-17,2021,playoff,Torrey Craig,PHX,9,4,0,0,3,21.456552706552703,0.375,0.375,-0.7516028306148334,-1.121448201066249,-1.873051031681082,0.1227723208523087,116.016,114.548,262,21.456552706552703,0.375,True
42000161,2021-05-22,2021,playoff,CJ McCollum,POR,36,20,2,0,21,26.42369020501139,0.5028735632183908,0.475,-0.2113663339713483,-2.773435535841037,-2.984801869812386,-0.0290859314025273,116.9090909090909,114.2909090909091,239,26.42369020501139,0.5028735632183908,True
42000162,2021-05-24,2021,playoff,CJ McCollum,POR,38,12,2,5,21,21.41974575264346,0.8152173913043478,0.8333333333333334,-0.2113663339713483,-2.773435535841037,-2.984801869812386,-0.0290859314025273,116.9090909090909,114.2909090909091,239,21.41974575264346,0.8152173913043478,True
42000163,2021-05-27,2021,playoff,CJ McCollum,POR,41,20,4,1,22,23.737471654347495,0.5055147058823529,0.475,-0.2113663339713483,-2.773435535841037,-2.984801869812386,-0.0290859314025273,116.9090909090909,114.2909090909091,239,23.737471654347495,0.5055147058823529,True
42000164,2021-05-29,2021,playoff,CJ McCollum,POR,35,19,1,2,21,28.991004243281477,0.5401234567901234,0.5263157894736842,-0.2113663339713483,-2.773435535841037,-2.984801869812386,-0.0290859314025273,116.9090909090909,114.2909090909091,239,28.991004243281477,0.5401234567901234,True
42000165,2021-06-01,2021,playoff,CJ McCollum,POR,51,22,2,3,18,22.68199511617224,0.3933566433566434,0.3636363636363636,-0.2113663339713483,-2.773435535841037,-2.984801869812386,-0.0290859314025273,116.9090909090909,114.2909090909091,239,22.68199511617224,0.3933566433566434,True
42000166,2021-06-03,2021,playoff,CJ McCollum,POR,38,21,2,1,21,27.6089536029604,0.479890310786106,0.4761904761904761,-0.2113663339713483,-2.773435535841037,-2.984801869812386,-0.0290859314025273,116.9090909090909,114.2909090909091,239,27.6089536029604,0.479890310786106,True
42000161,2021-05-22,2021,playoff,Norman Powell,POR,37,11,3,1,10,16.40091116173121,0.4058441558441558,0.3181818181818182,-0.0362028527303303,0.8008302431839922,0.7646273904536619,1.673450300146168,116.9090909090909,114.2909090909091,216,16.40091116173121,0.4058441558441558,True
42000162,2021-05-24,2021,playoff,Norman Powell,POR,26,9,6,0,15,20.380274353186316,0.6443298969072164,0.5555555555555556,-0.0362028527303303,0.8008302431839922,0.7646273904536619,1.673450300146168,116.9090909090909,114.2909090909091,216,20.380274353186316,0.6443298969072164,True
42000163,2021-05-27,2021,playoff,Norman Powell,POR,36,14,0,2,18,19.00481034618721,0.6428571428571429,0.6428571428571429,-0.0362028527303303,0.8008302431839922,0.7646273904536619,1.673450300146168,116.9090909090909,114.2909090909091,216,19.00481034618721,0.6428571428571429,True
42000164,2021-05-29,2021,playoff,Norman Powell,POR,34,15,3,1,29,24.10879440885265,0.8884803921568627,0.8666666666666667,-0.0362028527303303,0.8008302431839922,0.7646273904536619,1.673450300146168,116.9090909090909,114.2909090909091,216,24.10879440885265,0.8884803921568627,True
42000165,2021-06-01,2021,playoff,Norman Powell,POR,51,14,4,2,13,15.565387684050192,0.4124365482233502,0.3571428571428571,-0.0362028527303303,0.8008302431839922,0.7646273904536619,1.673450300146168,116.9090909090909,114.2909090909091,216,15.565387684050192,0.4124365482233502,True
42000166,2021-06-03,2021,playoff,Norman Powell,POR,32,13,2,1,17,21.322124570118454,0.6123919308357348,0.5769230769230769,-0.0362028527303303,0.8008302431839922,0.7646273904536619,1.673450300146168,116.9090909090909,114.2909090909091,216,21.322124570118454,0.6123919308357348,True
42000142,2021-05-26,2021,playoff,Donovan Mitchell,UTA,26,19,4,2,25,36.33557725567411,0.6021194605009633,0.5526315789473685,4.694624277247403,-1.87005181489247,2.824572462354933,5.058558835692071,120.2375,118.5,346,36.33557725567411,0.6021194605009633,True
42000143,2021-05-29,2021,playoff,Donovan Mitchell,UTA,30,23,11,2,29,45.28044326910969,0.5208333333333334,0.4347826086956521,4.694624277247403,-1.87005181489247,2.824572462354933,5.058558835692071,120.2375,118.5,346,45.28044326910969,0.5208333333333334,True
42000144,2021-05-31,2021,playoff,Donovan Mitchell,UTA,35,22,13,4,30,40.32770626714497,0.5411255411255411,0.4090909090909091,4.694624277247403,-1.87005181489247,2.824572462354933,5.058558835692071,120.2375,118.5,346,40.32770626714497,0.5411255411255411,True
42000145,2021-06-02,2021,playoff,Donovan Mitchell,UTA,29,16,3,3,30,29.185183397100893,0.8660508083140878,0.84375,4.694624277247403,-1.87005181489247,2.824572462354933,5.058558835692071,120.2375,118.5,346,29.185183397100893,0.8660508083140878,True
42000221,2021-06-08,2021,playoff,Donovan Mitchell,UTA,37,30,8,3,45,43.29065908013277,0.6712410501193317,0.6333333333333333,4.694624277247403,-1.87005181489247,2.824572462354933,5.058558835692071,120.2375,118.5,346,43.29065908013277,0.6712410501193317,True
42000222,2021-06-10,2021,playoff,Donovan Mitchell,UTA,39,29,2,3,37,40.94750875887514,0.6191432396251674,0.6206896551724138,4.694624277247403,-1.87005181489247,2.824572462354933,5.058558835692071,120.2375,118.5,346,40.94750875887514,0.6191432396251674,True
42000223,2021-06-12,2021,playoff,Donovan Mitchell,UTA,32,24,5,2,30,40.14883231240429,0.5725190839694657,0.5625,4.694624277247403,-1.87005181489247,2.824572462354933,5.058558835692071,120.2375,118.5,346,40.14883231240429,0.5725190839694657,True
42000224,2021-06-14,2021,playoff,Donovan Mitchell,UTA,40,26,15,5,37,45.37409493161706,0.5674846625766871,0.4615384615384615,4.694624277247403,-1.87005181489247,2.824572462354933,5.058558835692071,120.2375,118.5,346,45.37409493161706,0.5674846625766871,True
42000225,2021-06-16,2021,playoff,Donovan Mitchell,UTA,38,19,6,2,21,28.47163675779839,0.4852125693160813,0.4210526315789473,4.694624277247403,-1.87005181489247,2.824572462354933,5.058558835692071,120.2375,118.5,346,28.47163675779839,0.4852125693160813,True
42000226,2021-06-18,2021,playoff,Donovan Mitchell,UTA,40,27,9,2,39,36.31748354059986,0.6298449612403101,0.6111111111111112,4.694624277247403,-1.87005181489247,2.824572462354933,5.058558835692071,120.2375,118.5,346,36.31748354059986,0.6298449612403101,True
42000101,2021-05-23,2021,playoff,Daniel Gafford,WAS,20,6,0,0,12,13.193430656934307,1.0,1.0,7.04189909600916,5.11036676393783,12.15226585994699,0.9136650008921384,116.22,115.34,117,13.193430656934307,1.0,True
42000102,2021-05-26,2021,playoff,Daniel Gafford,WAS,20,4,9,1,11,18.117089678510997,0.6909547738693468,0.75,7.04189909600916,5.11036676393783,12.15226585994699,0.9136650008921384,116.22,115.34,117,18.117089678510997,0.6909547738693468,True
42000103,2021-05-29,2021,playoff,Daniel Gafford,WAS,22,8,4,0,16,18.4398418972332,0.819672131147541,0.75,7.04189909600916,5.11036676393783,12.15226585994699,0.9136650008921384,116.22,115.34,117,18.4398418972332,0.819672131147541,True
42000104,2021-05-31,2021,playoff,Daniel Gafford,WAS,26,4,7,0,12,10.939713115809536,0.847457627118644,1.0,7.04189909600916,5.11036676393783,12.15226585994699,0.9136650008921384,116.22,115.34,117,10.939713115809536,0.847457627118644,True
42000105,2021-06-02,2021,playoff,Daniel Gafford,WAS,29,4,4,2,8,11.983680109816085,0.6944444444444444,0.75,7.04189909600916,5.11036676393783,12.15226585994699,0.9136650008921384,116.22,115.34,117,11.983680109816085,0.6944444444444444,True
42000101,2021-05-23,2021,playoff,Davis Bertans,WAS,28,10,0,0,14,15.706465067778938,0.7,0.7,1.895476158245514,-4.458127326132121,-2.562651167886608,0.0104699349417221,116.22,115.34,106,15.706465067778938,0.7,True
42000102,2021-05-26,2021,playoff,Davis Bertans,WAS,24,4,0,0,0,6.739988719684151,0.0,0.0,1.895476158245514,-4.458127326132121,-2.562651167886608,0.0104699349417221,116.22,115.34,106,6.739988719684151,0.0,True
42000103,2021-05-29,2021,playoff,Davis Bertans,WAS,31,6,3,1,8,11.155568022440391,0.5464480874316939,0.4166666666666667,1.895476158245514,-4.458127326132121,-2.562651167886608,0.0104699349417221,116.22,115.34,106,11.155568022440391,0.5464480874316939,True
42000104,2021-05-31,2021,playoff,Davis Bertans,WAS,23,7,4,0,15,15.301087320417462,0.8561643835616438,0.7857142857142857,1.895476158245514,-4.458127326132121,-2.562651167886608,0.0104699349417221,116.22,115.34,106,15.301087320417462,0.8561643835616438,True
42000101,2021-05-23,2021,playoff,Raul Neto,WAS,22,5,0,1,7,11.99402786994028,0.7,0.7,-0.1243453953381461,2.438183623828226,2.31383822849008,3.629356423321878,116.22,115.34,113,11.99402786994028,0.7,True
42000102,2021-05-26,2021,playoff,Raul Neto,WAS,19,5,0,0,4,10.642087452132868,0.4,0.4,-0.1243453953381461,2.438183623828226,2.31383822849008,3.629356423321878,116.22,115.34,113,10.642087452132868,0.4,True
42000103,2021-05-29,2021,playoff,Raul Neto,WAS,20,12,0,0,2,24.939130434782605,0.0833333333333333,0.0833333333333333,-0.1243453953381461,2.438183623828226,2.31383822849008,3.629356423321878,116.22,115.34,113,24.939130434782605,0.0833333333333333,True
42000104,2021-05-31,2021,playoff,Raul Neto,WAS,22,6,5,0,11,14.973978147731076,0.6707317073170732,0.5833333333333334,-0.1243453953381461,2.438183623828226,2.31383822849008,3.629356423321878,116.22,115.34,113,14.973978147731076,0.6707317073170732,True
42000105,2021-06-02,2021,playoff,Raul Neto,WAS,30,6,0,0,8,8.956874308883156,0.6666666666666666,0.6666666666666666,-0.1243453953381461,2.438183623828226,2.31383822849008,3.629356423321878,116.22,115.34,113,8.956874308883156,0.6666666666666666,True
42000101,2021-05-23,2021,playoff,Rui Hachimura,WAS,36,8,0,0,12,9.772911597729117,0.75,0.75,2.281391719008585,-3.938641709857965,-1.65724999084938,0.0998230468293451,116.22,115.34,174,9.772911597729117,0.75,True
42000102,2021-05-26,2021,playoff,Rui Hachimura,WAS,26,6,3,3,11,16.051542366263178,0.7513661202185792,0.75,2.281391719008585,-3.938641709857965,-1.65724999084938,0.0998230468293451,116.22,115.34,174,16.051542366263178,0.7513661202185792,True
42000103,2021-05-29,2021,playoff,Rui Hachimura,WAS,27,8,2,1,10,15.209790660225442,0.563063063063063,0.625,2.281391719008585,-3.938641709857965,-1.65724999084938,0.0998230468293451,116.22,115.34,174,15.209790660225442,0.563063063063063,True
42000104,2021-05-31,2021,playoff,Rui Hachimura,WAS,42,12,2,1,20,13.276579463388972,0.7763975155279502,0.7916666666666666,2.281391719008585,-3.938641709857965,-1.65724999084938,0.0998230468293451,116.22,115.34,174,13.276579463388972,0.7763975155279502,True
42000105,2021-06-02,2021,playoff,Rui Hachimura,WAS,43,13,5,0,21,15.830754592444649,0.6907894736842105,0.6538461538461539,2.281391719008585,-3.938641709857965,-1.65724999084938,0.0998230468293451,116.22,115.34,174,15.830754592444649,0.6907894736842105,True
